This file contains any messages produced by compilers while
running configure, to aid debugging if configure makes a mistake.

It was created by libnetconf configure 0.10.0, which was
generated by GNU Autoconf 2.69.  Invocation command line was

  $ ./configure --host=mips-linux --target=mips-buildroot-linux-uclibc --prefix=/proj/mtk69551/tony/Git/netconf/tclinux_phoenix/apps/opensource/NETCONF_LIB --disable-libssh --disable-url --disable-validation --with-libxslt=/proj/mtk69551/tony/Git/netconf/tclinux_phoenix/apps/opensource/NETCONF_LIB/bin --with-libxml2=/proj/mtk69551/tony/Git/netconf/tclinux_phoenix/apps/opensource/NETCONF_LIB/bin --with-workingdir=/tmp/work_dir

## --------- ##
## Platform. ##
## --------- ##

hostname = mbjsbblt31
uname -m = x86_64
uname -r = 3.11.0-15-generic
uname -s = Linux
uname -v = #25~precise1-Ubuntu SMP Thu Jan 30 17:39:31 UTC 2014

/usr/bin/uname -p = unknown
/bin/uname -X     = unknown

/bin/arch              = unknown
/usr/bin/arch -k       = unknown
/usr/convex/getsysinfo = unknown
/usr/bin/hostinfo      = unknown
/bin/machine           = unknown
/usr/bin/oslevel       = unknown
/bin/universe          = unknown

PATH: /opt/trendchip/mips-linux-uclibc-4.6.3-kernel3.18/usr/bin
PATH: /mtkoss/git/1.9.1-ubuntu-12.04/x86_64/bin
PATH: /mtkeda/ado/bin/ubuntu
PATH: /mtkoss/android_sdk/5.1/x86_64/platform-tools
PATH: /mtkeda/ado/bin/rhel-4.8-i686
PATH: /opt/trendchip/mips-linux-3.4.6/bin
PATH: /opt/trendchip/mips-linux-uclibc/usr/bin
PATH: /opt/CodeSourcery/mips-4.2/bin
PATH: /mtkeda/perforce/linux26x86_64_2014.1
PATH: /mtkeda/perforce/linux26x86_64_2014.1/p4v/bin
PATH: /mtkoss/arm-2010q1/bin
PATH: /mtkoss/ctags/5.9-ubuntu-12.04/x86_64/bin
PATH: /usr/bin
PATH: /bin
PATH: /usr/sbin
PATH: /mtkoss/android_sdk/android_sdk_4.0/tools
PATH: /mtkoss/wine/1.7.21-ubuntu-12.04/x86_64/bin
PATH: /mtkeda/LSF/9/9.1/linux2.6-glibc2.3-x86_64/etc
PATH: /mtkeda/LSF/9/9.1/linux2.6-glibc2.3-x86_64/bin
PATH: /mtkeda/ado/bin/ubuntu
PATH: /mtkeda/dsptk-md32/8.1.0.27
PATH: /mtkeda/dsptk-md32/8.1.0.27/System
PATH: /mtkeda/dsptk-md32/8.1.0.27/Md32
PATH: /mtkeda/IPDesigner/common/bin
PATH: /mtkeda/IPDesigner/12R1.35-64/retargetable-12R1/bin/LNa64bin
PATH: /mtkeda/IPDesigner/12R1.35-64/retargetable-12R1/bin
PATH: /mtkoss/android_sdk/5.1/x86_64/platform-tools
PATH: /mtkeda/ado/bin/rhel-4.8-i686
PATH: /opt/trendchip/mips-linux-3.4.6/bin
PATH: /opt/trendchip/mips-linux-uclibc/usr/bin
PATH: /opt/CodeSourcery/mips-4.2/bin
PATH: /mtkeda/perforce/linux26x86_64_2014.1
PATH: /mtkeda/perforce/linux26x86_64_2014.1/p4v/bin
PATH: /mtkoss/arm-2010q1/bin
PATH: /mtkoss/ctags/5.9-ubuntu-12.04/x86_64/bin
PATH: /usr/bin
PATH: /bin
PATH: /usr/sbin
PATH: /mtkoss/android_sdk/android_sdk_4.0/tools
PATH: /mtkoss/wine/1.7.21-ubuntu-12.04/x86_64/bin
PATH: /usr/local/sbin
PATH: /usr/local/bin
PATH: /usr/sbin
PATH: /usr/bin
PATH: /sbin
PATH: /bin
PATH: /usr/games
PATH: /mtkeda/IT/bin
PATH: /mtkeda/IT/sbin
PATH: /mtkeda/CI/MtkCheckStyle
PATH: /mtkeda/CI/MtkCheckStyle/MtkCheckStyle
PATH: /mtkeda/apb
PATH: /mtkeda/CI/MtkCheckStyle
PATH: /mtkeda/Utility/LM_daemon/Synopsys/11.6/Linux/amd64/bin
PATH: /mtkeda/IT/bin
PATH: /mtkeda/IT/sbin
PATH: /mtkeda/CI/MtkCheckStyle
PATH: /mtkeda/CI/MtkCheckStyle/MtkCheckStyle
PATH: /mtkeda/apb
PATH: /mtkeda/CI/MtkCheckStyle
PATH: /mtkeda/Utility/LM_daemon/Synopsys/11.6/Linux/amd64/bin
PATH: /proj/mtk69551/bin


## ----------- ##
## Core tests. ##
## ----------- ##

configure:2667: checking build system type
configure:2681: result: x86_64-unknown-linux-gnu
configure:2701: checking host system type
configure:2714: result: mips-unknown-linux-gnu
configure:2771: checking for pkg-config
configure:2789: found /opt/trendchip/mips-linux-uclibc-4.6.3-kernel3.18/usr/bin/pkg-config
configure:2802: result: /opt/trendchip/mips-linux-uclibc-4.6.3-kernel3.18/usr/bin/pkg-config
configure:2817: checking for pyang
configure:2833: found /usr/local/bin/pyang
configure:2844: result: yes
configure:2869: checking for xsltproc
configure:2885: found /usr/bin/xsltproc
configure:2896: result: yes
configure:2912: checking for xml2-config
configure:2928: found /proj/mtk69551/tony/Git/netconf/tclinux_phoenix/apps/opensource/NETCONF_LIB/bin/xml2-config
configure:2940: result: yes
configure:2968: checking for xslt-config
configure:2984: found /proj/mtk69551/tony/Git/netconf/tclinux_phoenix/apps/opensource/NETCONF_LIB/bin/xslt-config
configure:2996: result: yes
configure:3448: checking for host architecture
configure:3460: WARNING: unsupported architecture mips
configure:3469: checking for ssh
configure:3487: found /usr/bin/ssh
configure:3500: result: /usr/bin/ssh
configure:3516: checking for doxygen
configure:3544: result: no
configure:3556: checking for rpmbuild
configure:3584: result: no
configure:3600: checking for greadlink
configure:3628: result: readlink
configure:3638: WARNING: Try installing greadlink.
configure:3648: checking for libtool
configure:3664: found /usr/bin/libtool
configure:3676: result: yes
configure:3699: checking for mips-linux-clang
configure:3726: result: mips-buildroot-linux-uclibc-gcc -mips32r2 -msoft-float
configure:3801: checking for C compiler version
configure:3810: mips-buildroot-linux-uclibc-gcc -mips32r2 -msoft-float --version >&5
mips-buildroot-linux-uclibc-gcc (Buildroot 2015.08.1) 4.6.3
Copyright (C) 2011 Free Software Foundation, Inc.
This is free software; see the source for copying conditions.  There is NO
warranty; not even for MERCHANTABILITY or FITNESS FOR A PARTICULAR PURPOSE.

ERROR: ld.so: object 'libfakeroot-sysv.so' from LD_PRELOAD cannot be preloaded: ignored.
configure:3821: $? = 0
configure:3810: mips-buildroot-linux-uclibc-gcc -mips32r2 -msoft-float -v >&5
ERROR: ld.so: object 'libfakeroot-sysv.so' from LD_PRELOAD cannot be preloaded: ignored.
Using built-in specs.
COLLECT_GCC=mips-buildroot-linux-uclibc-gcc
COLLECT_LTO_WRAPPER=/mtkeda/bbn/trendchip/mips-linux-uclibc-4.6.3-kernel3.18/usr/bin/../libexec/gcc/mips-buildroot-linux-uclibc/4.6.3/lto-wrapper
Target: mips-buildroot-linux-uclibc
Configured with: ./configure --prefix=/opt/trendchip/mips-linux-uclibc-4.6.3-kernel3.18/usr --sysconfdir=/opt/trendchip/mips-linux-uclibc-4.6.3-kernel3.18/etc --enable-static --target=mips-buildroot-linux-uclibc --with-sysroot=/opt/trendchip/mips-linux-uclibc-4.6.3-kernel3.18/usr/mips-buildroot-linux-uclibc/sysroot --disable-__cxa_atexit --with-gnu-ld --disable-libssp --disable-multilib --with-gmp=/opt/trendchip/mips-linux-uclibc-4.6.3-kernel3.18/usr --with-mpfr=/opt/trendchip/mips-linux-uclibc-4.6.3-kernel3.18/usr --with-pkgversion='Buildroot 2015.08.1' --with-bugurl=http://bugs.buildroot.net/ --disable-libsanitizer --enable-tls --disable-libmudflap --enable-threads --with-mpc=/opt/trendchip/mips-linux-uclibc-4.6.3-kernel3.18/usr --without-isl --without-cloog --with-float=soft --disable-decimal-float --with-arch=mips32r2 --with-abi=32 --enable-languages=c,c++ --enable-poison-system-directories --with-build-time-tools=/opt/trendchip/mips-linux-uclibc-4.6.3-kernel3.18/usr/mips-buildroot-linux-uclibc/bin --enable-shared --disable-libgomp
Thread model: posix
gcc version 4.6.3 (Buildroot 2015.08.1) 
configure:3821: $? = 0
configure:3810: mips-buildroot-linux-uclibc-gcc -mips32r2 -msoft-float -V >&5
ERROR: ld.so: object 'libfakeroot-sysv.so' from LD_PRELOAD cannot be preloaded: ignored.
mips-buildroot-linux-uclibc-gcc: error: unrecognized option '-V'
mips-buildroot-linux-uclibc-gcc: fatal error: no input files
compilation terminated.
configure:3821: $? = 1
configure:3810: mips-buildroot-linux-uclibc-gcc -mips32r2 -msoft-float -qversion >&5
ERROR: ld.so: object 'libfakeroot-sysv.so' from LD_PRELOAD cannot be preloaded: ignored.
mips-buildroot-linux-uclibc-gcc: error: unrecognized option '-qversion'
mips-buildroot-linux-uclibc-gcc: fatal error: no input files
compilation terminated.
configure:3821: $? = 1
configure:3841: checking whether the C compiler works
configure:3863: mips-buildroot-linux-uclibc-gcc -mips32r2 -msoft-float -I/proj/mtk69551/tony/Git/netconf/tclinux_phoenix/apps/opensource/NETCONF_LIB/include -I/proj/mtk69551/tony/Git/netconf/tclinux_phoenix/apps/opensource/NETCONF_LIB/include/libxml2 -I/proj/mtk69551/tony/Git/netconf/tclinux_phoenix/apps/opensource/NETCONF_LIB/include/libxml2  -O3 -DNDEBUG  -DRCSID=\"$(IDGIT)\" -DDISABLE_LIBSSH -DDISABLE_URL -DDISABLE_VALIDATION  conftest.c -L/proj/mtk69551/tony/Git/netconf/tclinux_phoenix/apps/opensource/NETCONF_LIB/lib -L/proj/mtk69551/tony/Git/netconf/tclinux_phoenix/apps/opensource/libxml2-2.9.5 -lxslt -lxml2 -ldl -lm -L/proj/mtk69551/tony/Git/netconf/tclinux_phoenix/apps/opensource/NETCONF_LIB/lib -lxml2 -lm -ldl  -ldl -lutil >&5
ERROR: ld.so: object 'libfakeroot-sysv.so' from LD_PRELOAD cannot be preloaded: ignored.
ERROR: ld.so: object 'libfakeroot-sysv.so' from LD_PRELOAD cannot be preloaded: ignored.
<command-line>:0:8: warning: missing terminating " character [enabled by default]
ERROR: ld.so: object 'libfakeroot-sysv.so' from LD_PRELOAD cannot be preloaded: ignored.
ERROR: ld.so: object 'libfakeroot-sysv.so' from LD_PRELOAD cannot be preloaded: ignored.
ERROR: ld.so: object 'libfakeroot-sysv.so' from LD_PRELOAD cannot be preloaded: ignored.
/proj/mtk69551/tony/Git/netconf/tclinux_phoenix/apps/opensource/NETCONF_LIB/lib/libxml2.so: warning: gethostbyname is obsolescent, use getnameinfo() instead.
configure:3867: $? = 0
configure:3915: result: yes
configure:3918: checking for C compiler default output file name
configure:3920: result: a.out
configure:3926: checking for suffix of executables
configure:3933: mips-buildroot-linux-uclibc-gcc -mips32r2 -msoft-float -o conftest -I/proj/mtk69551/tony/Git/netconf/tclinux_phoenix/apps/opensource/NETCONF_LIB/include -I/proj/mtk69551/tony/Git/netconf/tclinux_phoenix/apps/opensource/NETCONF_LIB/include/libxml2 -I/proj/mtk69551/tony/Git/netconf/tclinux_phoenix/apps/opensource/NETCONF_LIB/include/libxml2  -O3 -DNDEBUG  -DRCSID=\"$(IDGIT)\" -DDISABLE_LIBSSH -DDISABLE_URL -DDISABLE_VALIDATION  conftest.c -L/proj/mtk69551/tony/Git/netconf/tclinux_phoenix/apps/opensource/NETCONF_LIB/lib -L/proj/mtk69551/tony/Git/netconf/tclinux_phoenix/apps/opensource/libxml2-2.9.5 -lxslt -lxml2 -ldl -lm -L/proj/mtk69551/tony/Git/netconf/tclinux_phoenix/apps/opensource/NETCONF_LIB/lib -lxml2 -lm -ldl  -ldl -lutil >&5
ERROR: ld.so: object 'libfakeroot-sysv.so' from LD_PRELOAD cannot be preloaded: ignored.
ERROR: ld.so: object 'libfakeroot-sysv.so' from LD_PRELOAD cannot be preloaded: ignored.
<command-line>:0:8: warning: missing terminating " character [enabled by default]
ERROR: ld.so: object 'libfakeroot-sysv.so' from LD_PRELOAD cannot be preloaded: ignored.
ERROR: ld.so: object 'libfakeroot-sysv.so' from LD_PRELOAD cannot be preloaded: ignored.
ERROR: ld.so: object 'libfakeroot-sysv.so' from LD_PRELOAD cannot be preloaded: ignored.
/proj/mtk69551/tony/Git/netconf/tclinux_phoenix/apps/opensource/NETCONF_LIB/lib/libxml2.so: warning: gethostbyname is obsolescent, use getnameinfo() instead.
configure:3937: $? = 0
configure:3959: result: 
configure:3981: checking whether we are cross compiling
configure:3989: mips-buildroot-linux-uclibc-gcc -mips32r2 -msoft-float -o conftest -I/proj/mtk69551/tony/Git/netconf/tclinux_phoenix/apps/opensource/NETCONF_LIB/include -I/proj/mtk69551/tony/Git/netconf/tclinux_phoenix/apps/opensource/NETCONF_LIB/include/libxml2 -I/proj/mtk69551/tony/Git/netconf/tclinux_phoenix/apps/opensource/NETCONF_LIB/include/libxml2  -O3 -DNDEBUG  -DRCSID=\"$(IDGIT)\" -DDISABLE_LIBSSH -DDISABLE_URL -DDISABLE_VALIDATION  conftest.c -L/proj/mtk69551/tony/Git/netconf/tclinux_phoenix/apps/opensource/NETCONF_LIB/lib -L/proj/mtk69551/tony/Git/netconf/tclinux_phoenix/apps/opensource/libxml2-2.9.5 -lxslt -lxml2 -ldl -lm -L/proj/mtk69551/tony/Git/netconf/tclinux_phoenix/apps/opensource/NETCONF_LIB/lib -lxml2 -lm -ldl  -ldl -lutil >&5
ERROR: ld.so: object 'libfakeroot-sysv.so' from LD_PRELOAD cannot be preloaded: ignored.
ERROR: ld.so: object 'libfakeroot-sysv.so' from LD_PRELOAD cannot be preloaded: ignored.
<command-line>:0:8: warning: missing terminating " character [enabled by default]
ERROR: ld.so: object 'libfakeroot-sysv.so' from LD_PRELOAD cannot be preloaded: ignored.
ERROR: ld.so: object 'libfakeroot-sysv.so' from LD_PRELOAD cannot be preloaded: ignored.
ERROR: ld.so: object 'libfakeroot-sysv.so' from LD_PRELOAD cannot be preloaded: ignored.
/proj/mtk69551/tony/Git/netconf/tclinux_phoenix/apps/opensource/NETCONF_LIB/lib/libxml2.so: warning: gethostbyname is obsolescent, use getnameinfo() instead.
configure:3993: $? = 0
configure:4000: ./conftest
./configure: line 4002: ./conftest: cannot execute binary file
configure:4004: $? = 126
configure:4019: result: yes
configure:4024: checking for suffix of object files
configure:4046: mips-buildroot-linux-uclibc-gcc -mips32r2 -msoft-float -c -I/proj/mtk69551/tony/Git/netconf/tclinux_phoenix/apps/opensource/NETCONF_LIB/include -I/proj/mtk69551/tony/Git/netconf/tclinux_phoenix/apps/opensource/NETCONF_LIB/include/libxml2 -I/proj/mtk69551/tony/Git/netconf/tclinux_phoenix/apps/opensource/NETCONF_LIB/include/libxml2  -O3 -DNDEBUG  -DRCSID=\"$(IDGIT)\" -DDISABLE_LIBSSH -DDISABLE_URL -DDISABLE_VALIDATION conftest.c >&5
ERROR: ld.so: object 'libfakeroot-sysv.so' from LD_PRELOAD cannot be preloaded: ignored.
ERROR: ld.so: object 'libfakeroot-sysv.so' from LD_PRELOAD cannot be preloaded: ignored.
<command-line>:0:8: warning: missing terminating " character [enabled by default]
ERROR: ld.so: object 'libfakeroot-sysv.so' from LD_PRELOAD cannot be preloaded: ignored.
configure:4050: $? = 0
configure:4071: result: o
configure:4075: checking whether we are using the GNU C compiler
configure:4094: mips-buildroot-linux-uclibc-gcc -mips32r2 -msoft-float -c -I/proj/mtk69551/tony/Git/netconf/tclinux_phoenix/apps/opensource/NETCONF_LIB/include -I/proj/mtk69551/tony/Git/netconf/tclinux_phoenix/apps/opensource/NETCONF_LIB/include/libxml2 -I/proj/mtk69551/tony/Git/netconf/tclinux_phoenix/apps/opensource/NETCONF_LIB/include/libxml2  -O3 -DNDEBUG  -DRCSID=\"$(IDGIT)\" -DDISABLE_LIBSSH -DDISABLE_URL -DDISABLE_VALIDATION conftest.c >&5
ERROR: ld.so: object 'libfakeroot-sysv.so' from LD_PRELOAD cannot be preloaded: ignored.
ERROR: ld.so: object 'libfakeroot-sysv.so' from LD_PRELOAD cannot be preloaded: ignored.
<command-line>:0:8: warning: missing terminating " character [enabled by default]
ERROR: ld.so: object 'libfakeroot-sysv.so' from LD_PRELOAD cannot be preloaded: ignored.
configure:4094: $? = 0
configure:4103: result: yes
configure:4112: checking whether mips-buildroot-linux-uclibc-gcc -mips32r2 -msoft-float accepts -g
configure:4132: mips-buildroot-linux-uclibc-gcc -mips32r2 -msoft-float -c -g  -DRCSID=\"$(IDGIT)\" -DDISABLE_LIBSSH -DDISABLE_URL -DDISABLE_VALIDATION conftest.c >&5
ERROR: ld.so: object 'libfakeroot-sysv.so' from LD_PRELOAD cannot be preloaded: ignored.
ERROR: ld.so: object 'libfakeroot-sysv.so' from LD_PRELOAD cannot be preloaded: ignored.
<command-line>:0:8: warning: missing terminating " character [enabled by default]
ERROR: ld.so: object 'libfakeroot-sysv.so' from LD_PRELOAD cannot be preloaded: ignored.
configure:4132: $? = 0
configure: failed program was:
| /* confdefs.h */
| #define PACKAGE_NAME "libnetconf"
| #define PACKAGE_TARNAME "libnetconf"
| #define PACKAGE_VERSION "0.10.0"
| #define PACKAGE_STRING "libnetconf 0.10.0"
| #define PACKAGE_BUGREPORT ""
| #define PACKAGE_URL ""
| /* end confdefs.h.  */
| 
| int
| main ()
| {
| 
|   ;
|   return 0;
| }
configure:4147: mips-buildroot-linux-uclibc-gcc -mips32r2 -msoft-float -c   -DRCSID=\"$(IDGIT)\" -DDISABLE_LIBSSH -DDISABLE_URL -DDISABLE_VALIDATION conftest.c >&5
ERROR: ld.so: object 'libfakeroot-sysv.so' from LD_PRELOAD cannot be preloaded: ignored.
ERROR: ld.so: object 'libfakeroot-sysv.so' from LD_PRELOAD cannot be preloaded: ignored.
<command-line>:0:8: warning: missing terminating " character [enabled by default]
ERROR: ld.so: object 'libfakeroot-sysv.so' from LD_PRELOAD cannot be preloaded: ignored.
configure:4147: $? = 0
configure: failed program was:
| /* confdefs.h */
| #define PACKAGE_NAME "libnetconf"
| #define PACKAGE_TARNAME "libnetconf"
| #define PACKAGE_VERSION "0.10.0"
| #define PACKAGE_STRING "libnetconf 0.10.0"
| #define PACKAGE_BUGREPORT ""
| #define PACKAGE_URL ""
| /* end confdefs.h.  */
| 
| int
| main ()
| {
| 
|   ;
|   return 0;
| }
configure:4163: mips-buildroot-linux-uclibc-gcc -mips32r2 -msoft-float -c -g  -DRCSID=\"$(IDGIT)\" -DDISABLE_LIBSSH -DDISABLE_URL -DDISABLE_VALIDATION conftest.c >&5
ERROR: ld.so: object 'libfakeroot-sysv.so' from LD_PRELOAD cannot be preloaded: ignored.
ERROR: ld.so: object 'libfakeroot-sysv.so' from LD_PRELOAD cannot be preloaded: ignored.
<command-line>:0:8: warning: missing terminating " character [enabled by default]
ERROR: ld.so: object 'libfakeroot-sysv.so' from LD_PRELOAD cannot be preloaded: ignored.
configure:4163: $? = 0
configure:4173: result: yes
configure:4190: checking for mips-buildroot-linux-uclibc-gcc -mips32r2 -msoft-float option to accept ISO C89
configure:4253: mips-buildroot-linux-uclibc-gcc -mips32r2 -msoft-float  -c -I/proj/mtk69551/tony/Git/netconf/tclinux_phoenix/apps/opensource/NETCONF_LIB/include -I/proj/mtk69551/tony/Git/netconf/tclinux_phoenix/apps/opensource/NETCONF_LIB/include/libxml2 -I/proj/mtk69551/tony/Git/netconf/tclinux_phoenix/apps/opensource/NETCONF_LIB/include/libxml2  -O3 -DNDEBUG  -DRCSID=\"$(IDGIT)\" -DDISABLE_LIBSSH -DDISABLE_URL -DDISABLE_VALIDATION conftest.c >&5
ERROR: ld.so: object 'libfakeroot-sysv.so' from LD_PRELOAD cannot be preloaded: ignored.
ERROR: ld.so: object 'libfakeroot-sysv.so' from LD_PRELOAD cannot be preloaded: ignored.
<command-line>:0:8: warning: missing terminating " character [enabled by default]
ERROR: ld.so: object 'libfakeroot-sysv.so' from LD_PRELOAD cannot be preloaded: ignored.
configure:4253: $? = 0
configure:4266: result: none needed
configure:4291: checking how to run the C preprocessor
configure:4322: mips-buildroot-linux-uclibc-gcc -mips32r2 -msoft-float -E  -DRCSID=\"$(IDGIT)\" -DDISABLE_LIBSSH -DDISABLE_URL -DDISABLE_VALIDATION conftest.c
ERROR: ld.so: object 'libfakeroot-sysv.so' from LD_PRELOAD cannot be preloaded: ignored.
ERROR: ld.so: object 'libfakeroot-sysv.so' from LD_PRELOAD cannot be preloaded: ignored.
<command-line>:0:8: warning: missing terminating " character [enabled by default]
configure:4322: $? = 0
configure:4336: mips-buildroot-linux-uclibc-gcc -mips32r2 -msoft-float -E  -DRCSID=\"$(IDGIT)\" -DDISABLE_LIBSSH -DDISABLE_URL -DDISABLE_VALIDATION conftest.c
ERROR: ld.so: object 'libfakeroot-sysv.so' from LD_PRELOAD cannot be preloaded: ignored.
ERROR: ld.so: object 'libfakeroot-sysv.so' from LD_PRELOAD cannot be preloaded: ignored.
<command-line>:0:8: warning: missing terminating " character [enabled by default]
conftest.c:9:28: fatal error: ac_nonexistent.h: No such file or directory
compilation terminated.
configure:4336: $? = 1
configure: failed program was:
| /* confdefs.h */
| #define PACKAGE_NAME "libnetconf"
| #define PACKAGE_TARNAME "libnetconf"
| #define PACKAGE_VERSION "0.10.0"
| #define PACKAGE_STRING "libnetconf 0.10.0"
| #define PACKAGE_BUGREPORT ""
| #define PACKAGE_URL ""
| /* end confdefs.h.  */
| #include <ac_nonexistent.h>
configure:4361: result: mips-buildroot-linux-uclibc-gcc -mips32r2 -msoft-float -E
configure:4381: mips-buildroot-linux-uclibc-gcc -mips32r2 -msoft-float -E  -DRCSID=\"$(IDGIT)\" -DDISABLE_LIBSSH -DDISABLE_URL -DDISABLE_VALIDATION conftest.c
ERROR: ld.so: object 'libfakeroot-sysv.so' from LD_PRELOAD cannot be preloaded: ignored.
ERROR: ld.so: object 'libfakeroot-sysv.so' from LD_PRELOAD cannot be preloaded: ignored.
<command-line>:0:8: warning: missing terminating " character [enabled by default]
configure:4381: $? = 0
configure:4395: mips-buildroot-linux-uclibc-gcc -mips32r2 -msoft-float -E  -DRCSID=\"$(IDGIT)\" -DDISABLE_LIBSSH -DDISABLE_URL -DDISABLE_VALIDATION conftest.c
ERROR: ld.so: object 'libfakeroot-sysv.so' from LD_PRELOAD cannot be preloaded: ignored.
ERROR: ld.so: object 'libfakeroot-sysv.so' from LD_PRELOAD cannot be preloaded: ignored.
<command-line>:0:8: warning: missing terminating " character [enabled by default]
conftest.c:9:28: fatal error: ac_nonexistent.h: No such file or directory
compilation terminated.
configure:4395: $? = 1
configure: failed program was:
| /* confdefs.h */
| #define PACKAGE_NAME "libnetconf"
| #define PACKAGE_TARNAME "libnetconf"
| #define PACKAGE_VERSION "0.10.0"
| #define PACKAGE_STRING "libnetconf 0.10.0"
| #define PACKAGE_BUGREPORT ""
| #define PACKAGE_URL ""
| /* end confdefs.h.  */
| #include <ac_nonexistent.h>
configure:4423: checking whether ln -s works
configure:4427: result: yes
configure:4448: checking for a BSD-compatible install
configure:4516: result: /usr/bin/install -c
configure:4574: checking how to print strings
configure:4601: result: printf
configure:4622: checking for a sed that does not truncate output
configure:4686: result: /bin/sed
configure:4704: checking for grep that handles long lines and -e
configure:4762: result: /bin/grep
configure:4767: checking for egrep
configure:4829: result: /bin/grep -E
configure:4834: checking for fgrep
configure:4896: result: /bin/grep -F
configure:4931: checking for ld used by mips-buildroot-linux-uclibc-gcc -mips32r2 -msoft-float
ERROR: ld.so: object 'libfakeroot-sysv.so' from LD_PRELOAD cannot be preloaded: ignored.
configure:4998: result: mips-buildroot-linux-uclibc-ld
configure:5005: checking if the linker (mips-buildroot-linux-uclibc-ld) is GNU ld
configure:5020: result: yes
configure:5032: checking for BSD- or MS-compatible name lister (nm)
configure:5081: result: /opt/trendchip/mips-linux-uclibc-4.6.3-kernel3.18/usr/bin/mips-linux-nm
configure:5211: checking the name lister (/opt/trendchip/mips-linux-uclibc-4.6.3-kernel3.18/usr/bin/mips-linux-nm) interface
configure:5218: mips-buildroot-linux-uclibc-gcc -mips32r2 -msoft-float -c -I/proj/mtk69551/tony/Git/netconf/tclinux_phoenix/apps/opensource/NETCONF_LIB/include -I/proj/mtk69551/tony/Git/netconf/tclinux_phoenix/apps/opensource/NETCONF_LIB/include/libxml2 -I/proj/mtk69551/tony/Git/netconf/tclinux_phoenix/apps/opensource/NETCONF_LIB/include/libxml2  -O3 -DNDEBUG  -DRCSID=\"$(IDGIT)\" -DDISABLE_LIBSSH -DDISABLE_URL -DDISABLE_VALIDATION conftest.c >&5
ERROR: ld.so: object 'libfakeroot-sysv.so' from LD_PRELOAD cannot be preloaded: ignored.
ERROR: ld.so: object 'libfakeroot-sysv.so' from LD_PRELOAD cannot be preloaded: ignored.
<command-line>:0:8: warning: missing terminating " character [enabled by default]
ERROR: ld.so: object 'libfakeroot-sysv.so' from LD_PRELOAD cannot be preloaded: ignored.
configure:5221: /opt/trendchip/mips-linux-uclibc-4.6.3-kernel3.18/usr/bin/mips-linux-nm "conftest.o"
ERROR: ld.so: object 'libfakeroot-sysv.so' from LD_PRELOAD cannot be preloaded: ignored.
configure:5224: output
00000000 B some_variable
configure:5231: result: BSD nm
configure:5235: checking the maximum length of command line arguments
configure:5365: result: 3458764513820540925
configure:5382: checking whether the shell understands some XSI constructs
configure:5392: result: yes
configure:5396: checking whether the shell understands "+="
configure:5402: result: yes
configure:5437: checking how to convert x86_64-unknown-linux-gnu file names to mips-unknown-linux-gnu format
configure:5477: result: func_convert_file_noop
configure:5484: checking how to convert x86_64-unknown-linux-gnu file names to toolchain format
configure:5504: result: func_convert_file_noop
configure:5511: checking for mips-buildroot-linux-uclibc-ld option to reload object files
configure:5518: result: -r
configure:5552: checking for mips-linux-objdump
configure:5568: found /opt/trendchip/mips-linux-uclibc-4.6.3-kernel3.18/usr/bin/mips-linux-objdump
configure:5579: result: mips-linux-objdump
configure:5651: checking how to recognize dependent libraries
configure:5853: result: pass_all
configure:5898: checking for mips-linux-dlltool
configure:5928: result: no
configure:5938: checking for dlltool
configure:5968: result: no
configure:5998: checking how to associate runtime and link libraries
configure:6025: result: printf %s\n
configure:6042: checking for mips-linux-ar
configure:6069: result: mips-buildroot-linux-uclibc-ar
configure:6150: checking for archiver @FILE support
configure:6167: mips-buildroot-linux-uclibc-gcc -mips32r2 -msoft-float -c -I/proj/mtk69551/tony/Git/netconf/tclinux_phoenix/apps/opensource/NETCONF_LIB/include -I/proj/mtk69551/tony/Git/netconf/tclinux_phoenix/apps/opensource/NETCONF_LIB/include/libxml2 -I/proj/mtk69551/tony/Git/netconf/tclinux_phoenix/apps/opensource/NETCONF_LIB/include/libxml2  -O3 -DNDEBUG  -DRCSID=\"$(IDGIT)\" -DDISABLE_LIBSSH -DDISABLE_URL -DDISABLE_VALIDATION conftest.c >&5
ERROR: ld.so: object 'libfakeroot-sysv.so' from LD_PRELOAD cannot be preloaded: ignored.
ERROR: ld.so: object 'libfakeroot-sysv.so' from LD_PRELOAD cannot be preloaded: ignored.
<command-line>:0:8: warning: missing terminating " character [enabled by default]
ERROR: ld.so: object 'libfakeroot-sysv.so' from LD_PRELOAD cannot be preloaded: ignored.
configure:6167: $? = 0
configure:6170: mips-buildroot-linux-uclibc-ar cru libconftest.a @conftest.lst >&5
ERROR: ld.so: object 'libfakeroot-sysv.so' from LD_PRELOAD cannot be preloaded: ignored.
configure:6173: $? = 0
configure:6178: mips-buildroot-linux-uclibc-ar cru libconftest.a @conftest.lst >&5
ERROR: ld.so: object 'libfakeroot-sysv.so' from LD_PRELOAD cannot be preloaded: ignored.
mips-buildroot-linux-uclibc-ar: conftest.o: No such file or directory
configure:6181: $? = 1
configure:6193: result: @
configure:6211: checking for mips-linux-strip
configure:6238: result: mips-buildroot-linux-uclibc-strip
configure:6310: checking for mips-linux-ranlib
configure:6337: result: mips-buildroot-linux-uclibc-ranlib
configure:6454: checking for gawk
configure:6470: found /usr/bin/gawk
configure:6481: result: gawk
configure:6521: checking command to parse /opt/trendchip/mips-linux-uclibc-4.6.3-kernel3.18/usr/bin/mips-linux-nm output from mips-buildroot-linux-uclibc-gcc -mips32r2 -msoft-float object
configure:6641: mips-buildroot-linux-uclibc-gcc -mips32r2 -msoft-float -c -I/proj/mtk69551/tony/Git/netconf/tclinux_phoenix/apps/opensource/NETCONF_LIB/include -I/proj/mtk69551/tony/Git/netconf/tclinux_phoenix/apps/opensource/NETCONF_LIB/include/libxml2 -I/proj/mtk69551/tony/Git/netconf/tclinux_phoenix/apps/opensource/NETCONF_LIB/include/libxml2  -O3 -DNDEBUG  -DRCSID=\"$(IDGIT)\" -DDISABLE_LIBSSH -DDISABLE_URL -DDISABLE_VALIDATION conftest.c >&5
ERROR: ld.so: object 'libfakeroot-sysv.so' from LD_PRELOAD cannot be preloaded: ignored.
ERROR: ld.so: object 'libfakeroot-sysv.so' from LD_PRELOAD cannot be preloaded: ignored.
<command-line>:0:8: warning: missing terminating " character [enabled by default]
ERROR: ld.so: object 'libfakeroot-sysv.so' from LD_PRELOAD cannot be preloaded: ignored.
configure:6644: $? = 0
configure:6648: /opt/trendchip/mips-linux-uclibc-4.6.3-kernel3.18/usr/bin/mips-linux-nm conftest.o \| sed -n -e 's/^.*[ ]\([ABCDGIRSTW][ABCDGIRSTW]*\)[ ][ ]*\([_A-Za-z][_A-Za-z0-9]*\)$/\1 \2 \2/p' | sed '/ __gnu_lto/d' \> conftest.nm
ERROR: ld.so: object 'libfakeroot-sysv.so' from LD_PRELOAD cannot be preloaded: ignored.
configure:6651: $? = 0
configure:6717: mips-buildroot-linux-uclibc-gcc -mips32r2 -msoft-float -o conftest -I/proj/mtk69551/tony/Git/netconf/tclinux_phoenix/apps/opensource/NETCONF_LIB/include -I/proj/mtk69551/tony/Git/netconf/tclinux_phoenix/apps/opensource/NETCONF_LIB/include/libxml2 -I/proj/mtk69551/tony/Git/netconf/tclinux_phoenix/apps/opensource/NETCONF_LIB/include/libxml2  -O3 -DNDEBUG  -DRCSID=\"$(IDGIT)\" -DDISABLE_LIBSSH -DDISABLE_URL -DDISABLE_VALIDATION  conftest.c conftstm.o >&5
ERROR: ld.so: object 'libfakeroot-sysv.so' from LD_PRELOAD cannot be preloaded: ignored.
ERROR: ld.so: object 'libfakeroot-sysv.so' from LD_PRELOAD cannot be preloaded: ignored.
<command-line>:0:8: warning: missing terminating " character [enabled by default]
ERROR: ld.so: object 'libfakeroot-sysv.so' from LD_PRELOAD cannot be preloaded: ignored.
ERROR: ld.so: object 'libfakeroot-sysv.so' from LD_PRELOAD cannot be preloaded: ignored.
ERROR: ld.so: object 'libfakeroot-sysv.so' from LD_PRELOAD cannot be preloaded: ignored.
configure:6720: $? = 0
configure:6758: result: ok
configure:6795: checking for sysroot
configure:6825: result: no
configure:7041: checking for mips-linux-mt
configure:7071: result: no
configure:7081: checking for mt
configure:7097: found /bin/mt
configure:7108: result: mt
configure:7120: WARNING: using cross tools not prefixed with host triplet
configure:7131: checking if mt is a manifest tool
configure:7137: mt '-?'
configure:7145: result: no
configure:7783: checking for ANSI C header files
configure:7803: mips-buildroot-linux-uclibc-gcc -mips32r2 -msoft-float -c -I/proj/mtk69551/tony/Git/netconf/tclinux_phoenix/apps/opensource/NETCONF_LIB/include -I/proj/mtk69551/tony/Git/netconf/tclinux_phoenix/apps/opensource/NETCONF_LIB/include/libxml2 -I/proj/mtk69551/tony/Git/netconf/tclinux_phoenix/apps/opensource/NETCONF_LIB/include/libxml2  -O3 -DNDEBUG  -DRCSID=\"$(IDGIT)\" -DDISABLE_LIBSSH -DDISABLE_URL -DDISABLE_VALIDATION conftest.c >&5
ERROR: ld.so: object 'libfakeroot-sysv.so' from LD_PRELOAD cannot be preloaded: ignored.
ERROR: ld.so: object 'libfakeroot-sysv.so' from LD_PRELOAD cannot be preloaded: ignored.
<command-line>:0:8: warning: missing terminating " character [enabled by default]
ERROR: ld.so: object 'libfakeroot-sysv.so' from LD_PRELOAD cannot be preloaded: ignored.
configure:7803: $? = 0
ERROR: ld.so: object 'libfakeroot-sysv.so' from LD_PRELOAD cannot be preloaded: ignored.
ERROR: ld.so: object 'libfakeroot-sysv.so' from LD_PRELOAD cannot be preloaded: ignored.
<command-line>:0:8: warning: missing terminating " character [enabled by default]
ERROR: ld.so: object 'libfakeroot-sysv.so' from LD_PRELOAD cannot be preloaded: ignored.
ERROR: ld.so: object 'libfakeroot-sysv.so' from LD_PRELOAD cannot be preloaded: ignored.
<command-line>:0:8: warning: missing terminating " character [enabled by default]
configure:7887: result: yes
configure:7900: checking for sys/types.h
configure:7900: mips-buildroot-linux-uclibc-gcc -mips32r2 -msoft-float -c -I/proj/mtk69551/tony/Git/netconf/tclinux_phoenix/apps/opensource/NETCONF_LIB/include -I/proj/mtk69551/tony/Git/netconf/tclinux_phoenix/apps/opensource/NETCONF_LIB/include/libxml2 -I/proj/mtk69551/tony/Git/netconf/tclinux_phoenix/apps/opensource/NETCONF_LIB/include/libxml2  -O3 -DNDEBUG  -DRCSID=\"$(IDGIT)\" -DDISABLE_LIBSSH -DDISABLE_URL -DDISABLE_VALIDATION conftest.c >&5
ERROR: ld.so: object 'libfakeroot-sysv.so' from LD_PRELOAD cannot be preloaded: ignored.
ERROR: ld.so: object 'libfakeroot-sysv.so' from LD_PRELOAD cannot be preloaded: ignored.
<command-line>:0:8: warning: missing terminating " character [enabled by default]
ERROR: ld.so: object 'libfakeroot-sysv.so' from LD_PRELOAD cannot be preloaded: ignored.
configure:7900: $? = 0
configure:7900: result: yes
configure:7900: checking for sys/stat.h
configure:7900: mips-buildroot-linux-uclibc-gcc -mips32r2 -msoft-float -c -I/proj/mtk69551/tony/Git/netconf/tclinux_phoenix/apps/opensource/NETCONF_LIB/include -I/proj/mtk69551/tony/Git/netconf/tclinux_phoenix/apps/opensource/NETCONF_LIB/include/libxml2 -I/proj/mtk69551/tony/Git/netconf/tclinux_phoenix/apps/opensource/NETCONF_LIB/include/libxml2  -O3 -DNDEBUG  -DRCSID=\"$(IDGIT)\" -DDISABLE_LIBSSH -DDISABLE_URL -DDISABLE_VALIDATION conftest.c >&5
ERROR: ld.so: object 'libfakeroot-sysv.so' from LD_PRELOAD cannot be preloaded: ignored.
ERROR: ld.so: object 'libfakeroot-sysv.so' from LD_PRELOAD cannot be preloaded: ignored.
<command-line>:0:8: warning: missing terminating " character [enabled by default]
ERROR: ld.so: object 'libfakeroot-sysv.so' from LD_PRELOAD cannot be preloaded: ignored.
configure:7900: $? = 0
configure:7900: result: yes
configure:7900: checking for stdlib.h
configure:7900: mips-buildroot-linux-uclibc-gcc -mips32r2 -msoft-float -c -I/proj/mtk69551/tony/Git/netconf/tclinux_phoenix/apps/opensource/NETCONF_LIB/include -I/proj/mtk69551/tony/Git/netconf/tclinux_phoenix/apps/opensource/NETCONF_LIB/include/libxml2 -I/proj/mtk69551/tony/Git/netconf/tclinux_phoenix/apps/opensource/NETCONF_LIB/include/libxml2  -O3 -DNDEBUG  -DRCSID=\"$(IDGIT)\" -DDISABLE_LIBSSH -DDISABLE_URL -DDISABLE_VALIDATION conftest.c >&5
ERROR: ld.so: object 'libfakeroot-sysv.so' from LD_PRELOAD cannot be preloaded: ignored.
ERROR: ld.so: object 'libfakeroot-sysv.so' from LD_PRELOAD cannot be preloaded: ignored.
<command-line>:0:8: warning: missing terminating " character [enabled by default]
ERROR: ld.so: object 'libfakeroot-sysv.so' from LD_PRELOAD cannot be preloaded: ignored.
configure:7900: $? = 0
configure:7900: result: yes
configure:7900: checking for string.h
configure:7900: mips-buildroot-linux-uclibc-gcc -mips32r2 -msoft-float -c -I/proj/mtk69551/tony/Git/netconf/tclinux_phoenix/apps/opensource/NETCONF_LIB/include -I/proj/mtk69551/tony/Git/netconf/tclinux_phoenix/apps/opensource/NETCONF_LIB/include/libxml2 -I/proj/mtk69551/tony/Git/netconf/tclinux_phoenix/apps/opensource/NETCONF_LIB/include/libxml2  -O3 -DNDEBUG  -DRCSID=\"$(IDGIT)\" -DDISABLE_LIBSSH -DDISABLE_URL -DDISABLE_VALIDATION conftest.c >&5
ERROR: ld.so: object 'libfakeroot-sysv.so' from LD_PRELOAD cannot be preloaded: ignored.
ERROR: ld.so: object 'libfakeroot-sysv.so' from LD_PRELOAD cannot be preloaded: ignored.
<command-line>:0:8: warning: missing terminating " character [enabled by default]
ERROR: ld.so: object 'libfakeroot-sysv.so' from LD_PRELOAD cannot be preloaded: ignored.
configure:7900: $? = 0
configure:7900: result: yes
configure:7900: checking for memory.h
configure:7900: mips-buildroot-linux-uclibc-gcc -mips32r2 -msoft-float -c -I/proj/mtk69551/tony/Git/netconf/tclinux_phoenix/apps/opensource/NETCONF_LIB/include -I/proj/mtk69551/tony/Git/netconf/tclinux_phoenix/apps/opensource/NETCONF_LIB/include/libxml2 -I/proj/mtk69551/tony/Git/netconf/tclinux_phoenix/apps/opensource/NETCONF_LIB/include/libxml2  -O3 -DNDEBUG  -DRCSID=\"$(IDGIT)\" -DDISABLE_LIBSSH -DDISABLE_URL -DDISABLE_VALIDATION conftest.c >&5
ERROR: ld.so: object 'libfakeroot-sysv.so' from LD_PRELOAD cannot be preloaded: ignored.
ERROR: ld.so: object 'libfakeroot-sysv.so' from LD_PRELOAD cannot be preloaded: ignored.
<command-line>:0:8: warning: missing terminating " character [enabled by default]
ERROR: ld.so: object 'libfakeroot-sysv.so' from LD_PRELOAD cannot be preloaded: ignored.
configure:7900: $? = 0
configure:7900: result: yes
configure:7900: checking for strings.h
configure:7900: mips-buildroot-linux-uclibc-gcc -mips32r2 -msoft-float -c -I/proj/mtk69551/tony/Git/netconf/tclinux_phoenix/apps/opensource/NETCONF_LIB/include -I/proj/mtk69551/tony/Git/netconf/tclinux_phoenix/apps/opensource/NETCONF_LIB/include/libxml2 -I/proj/mtk69551/tony/Git/netconf/tclinux_phoenix/apps/opensource/NETCONF_LIB/include/libxml2  -O3 -DNDEBUG  -DRCSID=\"$(IDGIT)\" -DDISABLE_LIBSSH -DDISABLE_URL -DDISABLE_VALIDATION conftest.c >&5
ERROR: ld.so: object 'libfakeroot-sysv.so' from LD_PRELOAD cannot be preloaded: ignored.
ERROR: ld.so: object 'libfakeroot-sysv.so' from LD_PRELOAD cannot be preloaded: ignored.
<command-line>:0:8: warning: missing terminating " character [enabled by default]
ERROR: ld.so: object 'libfakeroot-sysv.so' from LD_PRELOAD cannot be preloaded: ignored.
configure:7900: $? = 0
configure:7900: result: yes
configure:7900: checking for inttypes.h
configure:7900: mips-buildroot-linux-uclibc-gcc -mips32r2 -msoft-float -c -I/proj/mtk69551/tony/Git/netconf/tclinux_phoenix/apps/opensource/NETCONF_LIB/include -I/proj/mtk69551/tony/Git/netconf/tclinux_phoenix/apps/opensource/NETCONF_LIB/include/libxml2 -I/proj/mtk69551/tony/Git/netconf/tclinux_phoenix/apps/opensource/NETCONF_LIB/include/libxml2  -O3 -DNDEBUG  -DRCSID=\"$(IDGIT)\" -DDISABLE_LIBSSH -DDISABLE_URL -DDISABLE_VALIDATION conftest.c >&5
ERROR: ld.so: object 'libfakeroot-sysv.so' from LD_PRELOAD cannot be preloaded: ignored.
ERROR: ld.so: object 'libfakeroot-sysv.so' from LD_PRELOAD cannot be preloaded: ignored.
<command-line>:0:8: warning: missing terminating " character [enabled by default]
ERROR: ld.so: object 'libfakeroot-sysv.so' from LD_PRELOAD cannot be preloaded: ignored.
configure:7900: $? = 0
configure:7900: result: yes
configure:7900: checking for stdint.h
configure:7900: mips-buildroot-linux-uclibc-gcc -mips32r2 -msoft-float -c -I/proj/mtk69551/tony/Git/netconf/tclinux_phoenix/apps/opensource/NETCONF_LIB/include -I/proj/mtk69551/tony/Git/netconf/tclinux_phoenix/apps/opensource/NETCONF_LIB/include/libxml2 -I/proj/mtk69551/tony/Git/netconf/tclinux_phoenix/apps/opensource/NETCONF_LIB/include/libxml2  -O3 -DNDEBUG  -DRCSID=\"$(IDGIT)\" -DDISABLE_LIBSSH -DDISABLE_URL -DDISABLE_VALIDATION conftest.c >&5
ERROR: ld.so: object 'libfakeroot-sysv.so' from LD_PRELOAD cannot be preloaded: ignored.
ERROR: ld.so: object 'libfakeroot-sysv.so' from LD_PRELOAD cannot be preloaded: ignored.
<command-line>:0:8: warning: missing terminating " character [enabled by default]
ERROR: ld.so: object 'libfakeroot-sysv.so' from LD_PRELOAD cannot be preloaded: ignored.
configure:7900: $? = 0
configure:7900: result: yes
configure:7900: checking for unistd.h
configure:7900: mips-buildroot-linux-uclibc-gcc -mips32r2 -msoft-float -c -I/proj/mtk69551/tony/Git/netconf/tclinux_phoenix/apps/opensource/NETCONF_LIB/include -I/proj/mtk69551/tony/Git/netconf/tclinux_phoenix/apps/opensource/NETCONF_LIB/include/libxml2 -I/proj/mtk69551/tony/Git/netconf/tclinux_phoenix/apps/opensource/NETCONF_LIB/include/libxml2  -O3 -DNDEBUG  -DRCSID=\"$(IDGIT)\" -DDISABLE_LIBSSH -DDISABLE_URL -DDISABLE_VALIDATION conftest.c >&5
ERROR: ld.so: object 'libfakeroot-sysv.so' from LD_PRELOAD cannot be preloaded: ignored.
ERROR: ld.so: object 'libfakeroot-sysv.so' from LD_PRELOAD cannot be preloaded: ignored.
<command-line>:0:8: warning: missing terminating " character [enabled by default]
ERROR: ld.so: object 'libfakeroot-sysv.so' from LD_PRELOAD cannot be preloaded: ignored.
configure:7900: $? = 0
configure:7900: result: yes
configure:7914: checking for dlfcn.h
configure:7914: mips-buildroot-linux-uclibc-gcc -mips32r2 -msoft-float -c -I/proj/mtk69551/tony/Git/netconf/tclinux_phoenix/apps/opensource/NETCONF_LIB/include -I/proj/mtk69551/tony/Git/netconf/tclinux_phoenix/apps/opensource/NETCONF_LIB/include/libxml2 -I/proj/mtk69551/tony/Git/netconf/tclinux_phoenix/apps/opensource/NETCONF_LIB/include/libxml2  -O3 -DNDEBUG  -DRCSID=\"$(IDGIT)\" -DDISABLE_LIBSSH -DDISABLE_URL -DDISABLE_VALIDATION conftest.c >&5
ERROR: ld.so: object 'libfakeroot-sysv.so' from LD_PRELOAD cannot be preloaded: ignored.
ERROR: ld.so: object 'libfakeroot-sysv.so' from LD_PRELOAD cannot be preloaded: ignored.
<command-line>:0:8: warning: missing terminating " character [enabled by default]
ERROR: ld.so: object 'libfakeroot-sysv.so' from LD_PRELOAD cannot be preloaded: ignored.
configure:7914: $? = 0
configure:7914: result: yes
configure:8120: checking for objdir
configure:8135: result: .libs
configure:8402: checking if mips-buildroot-linux-uclibc-gcc -mips32r2 -msoft-float supports -fno-rtti -fno-exceptions
configure:8420: mips-buildroot-linux-uclibc-gcc -mips32r2 -msoft-float -c -I/proj/mtk69551/tony/Git/netconf/tclinux_phoenix/apps/opensource/NETCONF_LIB/include -I/proj/mtk69551/tony/Git/netconf/tclinux_phoenix/apps/opensource/NETCONF_LIB/include/libxml2 -I/proj/mtk69551/tony/Git/netconf/tclinux_phoenix/apps/opensource/NETCONF_LIB/include/libxml2  -O3 -DNDEBUG  -DRCSID=\"$(IDGIT)\" -DDISABLE_LIBSSH -DDISABLE_URL -DDISABLE_VALIDATION -fno-rtti -fno-exceptions conftest.c >&5
ERROR: ld.so: object 'libfakeroot-sysv.so' from LD_PRELOAD cannot be preloaded: ignored.
ERROR: ld.so: object 'libfakeroot-sysv.so' from LD_PRELOAD cannot be preloaded: ignored.
cc1: warning: command line option '-fno-rtti' is valid for C++/ObjC++ but not for C [enabled by default]
<command-line>:0:8: warning: missing terminating " character [enabled by default]
ERROR: ld.so: object 'libfakeroot-sysv.so' from LD_PRELOAD cannot be preloaded: ignored.
configure:8424: $? = 0
configure:8437: result: no
configure:8764: checking for mips-buildroot-linux-uclibc-gcc -mips32r2 -msoft-float option to produce PIC
configure:8771: result: -fPIC -DPIC
configure:8779: checking if mips-buildroot-linux-uclibc-gcc -mips32r2 -msoft-float PIC flag -fPIC -DPIC works
configure:8797: mips-buildroot-linux-uclibc-gcc -mips32r2 -msoft-float -c -I/proj/mtk69551/tony/Git/netconf/tclinux_phoenix/apps/opensource/NETCONF_LIB/include -I/proj/mtk69551/tony/Git/netconf/tclinux_phoenix/apps/opensource/NETCONF_LIB/include/libxml2 -I/proj/mtk69551/tony/Git/netconf/tclinux_phoenix/apps/opensource/NETCONF_LIB/include/libxml2  -O3 -DNDEBUG  -DRCSID=\"$(IDGIT)\" -DDISABLE_LIBSSH -DDISABLE_URL -DDISABLE_VALIDATION -fPIC -DPIC -DPIC conftest.c >&5
ERROR: ld.so: object 'libfakeroot-sysv.so' from LD_PRELOAD cannot be preloaded: ignored.
ERROR: ld.so: object 'libfakeroot-sysv.so' from LD_PRELOAD cannot be preloaded: ignored.
<command-line>:0:8: warning: missing terminating " character [enabled by default]
ERROR: ld.so: object 'libfakeroot-sysv.so' from LD_PRELOAD cannot be preloaded: ignored.
configure:8801: $? = 0
configure:8814: result: yes
configure:8843: checking if mips-buildroot-linux-uclibc-gcc -mips32r2 -msoft-float static flag -static works
ERROR: ld.so: object 'libfakeroot-sysv.so' from LD_PRELOAD cannot be preloaded: ignored.
ERROR: ld.so: object 'libfakeroot-sysv.so' from LD_PRELOAD cannot be preloaded: ignored.
<command-line>:0:8: warning: missing terminating " character [enabled by default]
ERROR: ld.so: object 'libfakeroot-sysv.so' from LD_PRELOAD cannot be preloaded: ignored.
ERROR: ld.so: object 'libfakeroot-sysv.so' from LD_PRELOAD cannot be preloaded: ignored.
ERROR: ld.so: object 'libfakeroot-sysv.so' from LD_PRELOAD cannot be preloaded: ignored.
configure:8871: result: no
configure:8886: checking if mips-buildroot-linux-uclibc-gcc -mips32r2 -msoft-float supports -c -o file.o
configure:8907: mips-buildroot-linux-uclibc-gcc -mips32r2 -msoft-float -c -I/proj/mtk69551/tony/Git/netconf/tclinux_phoenix/apps/opensource/NETCONF_LIB/include -I/proj/mtk69551/tony/Git/netconf/tclinux_phoenix/apps/opensource/NETCONF_LIB/include/libxml2 -I/proj/mtk69551/tony/Git/netconf/tclinux_phoenix/apps/opensource/NETCONF_LIB/include/libxml2  -O3 -DNDEBUG  -DRCSID=\"$(IDGIT)\" -DDISABLE_LIBSSH -DDISABLE_URL -DDISABLE_VALIDATION -o out/conftest2.o conftest.c >&5
ERROR: ld.so: object 'libfakeroot-sysv.so' from LD_PRELOAD cannot be preloaded: ignored.
ERROR: ld.so: object 'libfakeroot-sysv.so' from LD_PRELOAD cannot be preloaded: ignored.
<command-line>:0:8: warning: missing terminating " character [enabled by default]
ERROR: ld.so: object 'libfakeroot-sysv.so' from LD_PRELOAD cannot be preloaded: ignored.
configure:8911: $? = 0
configure:8933: result: yes
configure:8941: checking if mips-buildroot-linux-uclibc-gcc -mips32r2 -msoft-float supports -c -o file.o
configure:8988: result: yes
configure:9021: checking whether the mips-buildroot-linux-uclibc-gcc -mips32r2 -msoft-float linker (mips-buildroot-linux-uclibc-ld) supports shared libraries
configure:10178: result: yes
configure:10215: checking whether -lc should be explicitly linked in
configure:10223: mips-buildroot-linux-uclibc-gcc -mips32r2 -msoft-float -c -I/proj/mtk69551/tony/Git/netconf/tclinux_phoenix/apps/opensource/NETCONF_LIB/include -I/proj/mtk69551/tony/Git/netconf/tclinux_phoenix/apps/opensource/NETCONF_LIB/include/libxml2 -I/proj/mtk69551/tony/Git/netconf/tclinux_phoenix/apps/opensource/NETCONF_LIB/include/libxml2  -O3 -DNDEBUG  -DRCSID=\"$(IDGIT)\" -DDISABLE_LIBSSH -DDISABLE_URL -DDISABLE_VALIDATION conftest.c >&5
ERROR: ld.so: object 'libfakeroot-sysv.so' from LD_PRELOAD cannot be preloaded: ignored.
ERROR: ld.so: object 'libfakeroot-sysv.so' from LD_PRELOAD cannot be preloaded: ignored.
<command-line>:0:8: warning: missing terminating " character [enabled by default]
ERROR: ld.so: object 'libfakeroot-sysv.so' from LD_PRELOAD cannot be preloaded: ignored.
configure:10226: $? = 0
configure:10241: mips-buildroot-linux-uclibc-gcc -mips32r2 -msoft-float -shared  -fPIC -DPIC conftest.o  -v -Wl,-soname -Wl,conftest -o conftest 2\>\&1 \| /bin/grep  -lc  \>/dev/null 2\>\&1
configure:10244: $? = 0
configure:10258: result: no
configure:10418: checking dynamic linker characteristics
configure:10929: mips-buildroot-linux-uclibc-gcc -mips32r2 -msoft-float -o conftest -I/proj/mtk69551/tony/Git/netconf/tclinux_phoenix/apps/opensource/NETCONF_LIB/include -I/proj/mtk69551/tony/Git/netconf/tclinux_phoenix/apps/opensource/NETCONF_LIB/include/libxml2 -I/proj/mtk69551/tony/Git/netconf/tclinux_phoenix/apps/opensource/NETCONF_LIB/include/libxml2  -O3 -DNDEBUG  -DRCSID=\"$(IDGIT)\" -DDISABLE_LIBSSH -DDISABLE_URL -DDISABLE_VALIDATION  -Wl,-rpath -Wl,/foo conftest.c -L/proj/mtk69551/tony/Git/netconf/tclinux_phoenix/apps/opensource/NETCONF_LIB/lib -L/proj/mtk69551/tony/Git/netconf/tclinux_phoenix/apps/opensource/libxml2-2.9.5 -lxslt -lxml2 -ldl -lm -L/proj/mtk69551/tony/Git/netconf/tclinux_phoenix/apps/opensource/NETCONF_LIB/lib -lxml2 -lm -ldl  -ldl -lutil >&5
ERROR: ld.so: object 'libfakeroot-sysv.so' from LD_PRELOAD cannot be preloaded: ignored.
ERROR: ld.so: object 'libfakeroot-sysv.so' from LD_PRELOAD cannot be preloaded: ignored.
<command-line>:0:8: warning: missing terminating " character [enabled by default]
ERROR: ld.so: object 'libfakeroot-sysv.so' from LD_PRELOAD cannot be preloaded: ignored.
ERROR: ld.so: object 'libfakeroot-sysv.so' from LD_PRELOAD cannot be preloaded: ignored.
ERROR: ld.so: object 'libfakeroot-sysv.so' from LD_PRELOAD cannot be preloaded: ignored.
/proj/mtk69551/tony/Git/netconf/tclinux_phoenix/apps/opensource/NETCONF_LIB/lib/libxml2.so: warning: gethostbyname is obsolescent, use getnameinfo() instead.
configure:10929: $? = 0
configure:11163: result: GNU/Linux ld.so
configure:11270: checking how to hardcode library paths into programs
configure:11295: result: immediate
configure:11835: checking whether stripping libraries is possible
configure:11840: result: yes
configure:11875: checking if libtool supports shared libraries
configure:11877: result: yes
configure:11880: checking whether to build shared libraries
configure:11901: result: yes
configure:11904: checking whether to build static libraries
configure:11908: result: yes
configure:11954: checking for ELF visibility
configure:11973: mips-buildroot-linux-uclibc-gcc -mips32r2 -msoft-float -c -I/proj/mtk69551/tony/Git/netconf/tclinux_phoenix/apps/opensource/NETCONF_LIB/include -I/proj/mtk69551/tony/Git/netconf/tclinux_phoenix/apps/opensource/NETCONF_LIB/include/libxml2 -I/proj/mtk69551/tony/Git/netconf/tclinux_phoenix/apps/opensource/NETCONF_LIB/include/libxml2  -O3 -DNDEBUG -fvisibility=hidden  -DRCSID=\"$(IDGIT)\" -DDISABLE_LIBSSH -DDISABLE_URL -DDISABLE_VALIDATION conftest.c >&5
ERROR: ld.so: object 'libfakeroot-sysv.so' from LD_PRELOAD cannot be preloaded: ignored.
ERROR: ld.so: object 'libfakeroot-sysv.so' from LD_PRELOAD cannot be preloaded: ignored.
<command-line>:0:8: warning: missing terminating " character [enabled by default]
ERROR: ld.so: object 'libfakeroot-sysv.so' from LD_PRELOAD cannot be preloaded: ignored.
configure:11973: $? = 0
configure:11975: result: yes
configure:12042: checking for xmlDOMWrapReconcileNamespaces in -lxml2
configure:12067: mips-buildroot-linux-uclibc-gcc -mips32r2 -msoft-float -o conftest -I/proj/mtk69551/tony/Git/netconf/tclinux_phoenix/apps/opensource/NETCONF_LIB/include -I/proj/mtk69551/tony/Git/netconf/tclinux_phoenix/apps/opensource/NETCONF_LIB/include/libxml2 -I/proj/mtk69551/tony/Git/netconf/tclinux_phoenix/apps/opensource/NETCONF_LIB/include/libxml2  -O3 -DNDEBUG -fvisibility=hidden  -DRCSID=\"$(IDGIT)\" -DDISABLE_LIBSSH -DDISABLE_URL -DDISABLE_VALIDATION  conftest.c -lxml2  -L/proj/mtk69551/tony/Git/netconf/tclinux_phoenix/apps/opensource/NETCONF_LIB/lib -L/proj/mtk69551/tony/Git/netconf/tclinux_phoenix/apps/opensource/libxml2-2.9.5 -lxslt -lxml2 -ldl -lm -L/proj/mtk69551/tony/Git/netconf/tclinux_phoenix/apps/opensource/NETCONF_LIB/lib -lxml2 -lm -ldl  -ldl -lutil >&5
ERROR: ld.so: object 'libfakeroot-sysv.so' from LD_PRELOAD cannot be preloaded: ignored.
ERROR: ld.so: object 'libfakeroot-sysv.so' from LD_PRELOAD cannot be preloaded: ignored.
<command-line>:0:8: warning: missing terminating " character [enabled by default]
ERROR: ld.so: object 'libfakeroot-sysv.so' from LD_PRELOAD cannot be preloaded: ignored.
ERROR: ld.so: object 'libfakeroot-sysv.so' from LD_PRELOAD cannot be preloaded: ignored.
ERROR: ld.so: object 'libfakeroot-sysv.so' from LD_PRELOAD cannot be preloaded: ignored.
/proj/mtk69551/tony/Git/netconf/tclinux_phoenix/apps/opensource/NETCONF_LIB/lib/libxml2.so: warning: gethostbyname is obsolescent, use getnameinfo() instead.
configure:12067: $? = 0
configure:12076: result: yes
configure:12132: checking for xsltApplyStylesheet in -lxslt
configure:12157: mips-buildroot-linux-uclibc-gcc -mips32r2 -msoft-float -o conftest -I/proj/mtk69551/tony/Git/netconf/tclinux_phoenix/apps/opensource/NETCONF_LIB/include -I/proj/mtk69551/tony/Git/netconf/tclinux_phoenix/apps/opensource/NETCONF_LIB/include/libxml2 -I/proj/mtk69551/tony/Git/netconf/tclinux_phoenix/apps/opensource/NETCONF_LIB/include/libxml2  -O3 -DNDEBUG -fvisibility=hidden  -DRCSID=\"$(IDGIT)\" -DDISABLE_LIBSSH -DDISABLE_URL -DDISABLE_VALIDATION  conftest.c -lxslt  -L/proj/mtk69551/tony/Git/netconf/tclinux_phoenix/apps/opensource/NETCONF_LIB/lib -L/proj/mtk69551/tony/Git/netconf/tclinux_phoenix/apps/opensource/libxml2-2.9.5 -lxslt -lxml2 -ldl -lm -L/proj/mtk69551/tony/Git/netconf/tclinux_phoenix/apps/opensource/NETCONF_LIB/lib -lxml2 -lm -ldl  -ldl -lutil >&5
ERROR: ld.so: object 'libfakeroot-sysv.so' from LD_PRELOAD cannot be preloaded: ignored.
ERROR: ld.so: object 'libfakeroot-sysv.so' from LD_PRELOAD cannot be preloaded: ignored.
<command-line>:0:8: warning: missing terminating " character [enabled by default]
ERROR: ld.so: object 'libfakeroot-sysv.so' from LD_PRELOAD cannot be preloaded: ignored.
ERROR: ld.so: object 'libfakeroot-sysv.so' from LD_PRELOAD cannot be preloaded: ignored.
ERROR: ld.so: object 'libfakeroot-sysv.so' from LD_PRELOAD cannot be preloaded: ignored.
/proj/mtk69551/tony/Git/netconf/tclinux_phoenix/apps/opensource/NETCONF_LIB/lib/libxml2.so: warning: gethostbyname is obsolescent, use getnameinfo() instead.
configure:12157: $? = 0
configure:12166: result: yes
configure:12182: checking libxslt/transform.h usability
configure:12182: mips-buildroot-linux-uclibc-gcc -mips32r2 -msoft-float -c -I/proj/mtk69551/tony/Git/netconf/tclinux_phoenix/apps/opensource/NETCONF_LIB/include -I/proj/mtk69551/tony/Git/netconf/tclinux_phoenix/apps/opensource/NETCONF_LIB/include/libxml2 -I/proj/mtk69551/tony/Git/netconf/tclinux_phoenix/apps/opensource/NETCONF_LIB/include/libxml2  -O3 -DNDEBUG -fvisibility=hidden  -DRCSID=\"$(IDGIT)\" -DDISABLE_LIBSSH -DDISABLE_URL -DDISABLE_VALIDATION conftest.c >&5
ERROR: ld.so: object 'libfakeroot-sysv.so' from LD_PRELOAD cannot be preloaded: ignored.
ERROR: ld.so: object 'libfakeroot-sysv.so' from LD_PRELOAD cannot be preloaded: ignored.
<command-line>:0:8: warning: missing terminating " character [enabled by default]
ERROR: ld.so: object 'libfakeroot-sysv.so' from LD_PRELOAD cannot be preloaded: ignored.
configure:12182: $? = 0
configure:12182: result: yes
configure:12182: checking libxslt/transform.h presence
configure:12182: mips-buildroot-linux-uclibc-gcc -mips32r2 -msoft-float -E  -DRCSID=\"$(IDGIT)\" -DDISABLE_LIBSSH -DDISABLE_URL -DDISABLE_VALIDATION conftest.c
ERROR: ld.so: object 'libfakeroot-sysv.so' from LD_PRELOAD cannot be preloaded: ignored.
ERROR: ld.so: object 'libfakeroot-sysv.so' from LD_PRELOAD cannot be preloaded: ignored.
<command-line>:0:8: warning: missing terminating " character [enabled by default]
conftest.c:22:31: fatal error: libxslt/transform.h: No such file or directory
compilation terminated.
configure:12182: $? = 1
configure: failed program was:
| /* confdefs.h */
| #define PACKAGE_NAME "libnetconf"
| #define PACKAGE_TARNAME "libnetconf"
| #define PACKAGE_VERSION "0.10.0"
| #define PACKAGE_STRING "libnetconf 0.10.0"
| #define PACKAGE_BUGREPORT ""
| #define PACKAGE_URL ""
| #define STDC_HEADERS 1
| #define HAVE_SYS_TYPES_H 1
| #define HAVE_SYS_STAT_H 1
| #define HAVE_STDLIB_H 1
| #define HAVE_STRING_H 1
| #define HAVE_MEMORY_H 1
| #define HAVE_STRINGS_H 1
| #define HAVE_INTTYPES_H 1
| #define HAVE_STDINT_H 1
| #define HAVE_UNISTD_H 1
| #define HAVE_DLFCN_H 1
| #define LT_OBJDIR ".libs/"
| #define HAVE_LIBXSLT 1
| /* end confdefs.h.  */
| #include <libxslt/transform.h>
configure:12182: result: no
configure:12182: WARNING: libxslt/transform.h: accepted by the compiler, rejected by the preprocessor!
configure:12182: WARNING: libxslt/transform.h: proceeding with the compiler's result
configure:12182: checking for libxslt/transform.h
configure:12182: result: yes
configure:12182: checking libxslt/xsltInternals.h usability
configure:12182: mips-buildroot-linux-uclibc-gcc -mips32r2 -msoft-float -c -I/proj/mtk69551/tony/Git/netconf/tclinux_phoenix/apps/opensource/NETCONF_LIB/include -I/proj/mtk69551/tony/Git/netconf/tclinux_phoenix/apps/opensource/NETCONF_LIB/include/libxml2 -I/proj/mtk69551/tony/Git/netconf/tclinux_phoenix/apps/opensource/NETCONF_LIB/include/libxml2  -O3 -DNDEBUG -fvisibility=hidden  -DRCSID=\"$(IDGIT)\" -DDISABLE_LIBSSH -DDISABLE_URL -DDISABLE_VALIDATION conftest.c >&5
ERROR: ld.so: object 'libfakeroot-sysv.so' from LD_PRELOAD cannot be preloaded: ignored.
ERROR: ld.so: object 'libfakeroot-sysv.so' from LD_PRELOAD cannot be preloaded: ignored.
<command-line>:0:8: warning: missing terminating " character [enabled by default]
ERROR: ld.so: object 'libfakeroot-sysv.so' from LD_PRELOAD cannot be preloaded: ignored.
configure:12182: $? = 0
configure:12182: result: yes
configure:12182: checking libxslt/xsltInternals.h presence
configure:12182: mips-buildroot-linux-uclibc-gcc -mips32r2 -msoft-float -E  -DRCSID=\"$(IDGIT)\" -DDISABLE_LIBSSH -DDISABLE_URL -DDISABLE_VALIDATION conftest.c
ERROR: ld.so: object 'libfakeroot-sysv.so' from LD_PRELOAD cannot be preloaded: ignored.
ERROR: ld.so: object 'libfakeroot-sysv.so' from LD_PRELOAD cannot be preloaded: ignored.
<command-line>:0:8: warning: missing terminating " character [enabled by default]
conftest.c:23:35: fatal error: libxslt/xsltInternals.h: No such file or directory
compilation terminated.
configure:12182: $? = 1
configure: failed program was:
| /* confdefs.h */
| #define PACKAGE_NAME "libnetconf"
| #define PACKAGE_TARNAME "libnetconf"
| #define PACKAGE_VERSION "0.10.0"
| #define PACKAGE_STRING "libnetconf 0.10.0"
| #define PACKAGE_BUGREPORT ""
| #define PACKAGE_URL ""
| #define STDC_HEADERS 1
| #define HAVE_SYS_TYPES_H 1
| #define HAVE_SYS_STAT_H 1
| #define HAVE_STDLIB_H 1
| #define HAVE_STRING_H 1
| #define HAVE_MEMORY_H 1
| #define HAVE_STRINGS_H 1
| #define HAVE_INTTYPES_H 1
| #define HAVE_STDINT_H 1
| #define HAVE_UNISTD_H 1
| #define HAVE_DLFCN_H 1
| #define LT_OBJDIR ".libs/"
| #define HAVE_LIBXSLT 1
| #define HAVE_LIBXSLT_TRANSFORM_H 1
| /* end confdefs.h.  */
| #include <libxslt/xsltInternals.h>
configure:12182: result: no
configure:12182: WARNING: libxslt/xsltInternals.h: accepted by the compiler, rejected by the preprocessor!
configure:12182: WARNING: libxslt/xsltInternals.h: proceeding with the compiler's result
configure:12182: checking for libxslt/xsltInternals.h
configure:12182: result: yes
configure:12608: checking for the pthreads library -lpthreads
configure:12646: mips-buildroot-linux-uclibc-gcc -mips32r2 -msoft-float -o conftest -I/proj/mtk69551/tony/Git/netconf/tclinux_phoenix/apps/opensource/NETCONF_LIB/include -I/proj/mtk69551/tony/Git/netconf/tclinux_phoenix/apps/opensource/NETCONF_LIB/include/libxml2 -I/proj/mtk69551/tony/Git/netconf/tclinux_phoenix/apps/opensource/NETCONF_LIB/include/libxml2  -O3 -DNDEBUG -fvisibility=hidden   -DRCSID=\"$(IDGIT)\" -DDISABLE_LIBSSH -DDISABLE_URL -DDISABLE_VALIDATION  conftest.c -lpthreads -lxslt -L/proj/mtk69551/tony/Git/netconf/tclinux_phoenix/apps/opensource/NETCONF_LIB/lib -L/proj/mtk69551/tony/Git/netconf/tclinux_phoenix/apps/opensource/libxml2-2.9.5 -lxslt -lxml2 -ldl -lm -L/proj/mtk69551/tony/Git/netconf/tclinux_phoenix/apps/opensource/NETCONF_LIB/lib -lxml2 -lm -ldl  -ldl -lutil >&5
ERROR: ld.so: object 'libfakeroot-sysv.so' from LD_PRELOAD cannot be preloaded: ignored.
ERROR: ld.so: object 'libfakeroot-sysv.so' from LD_PRELOAD cannot be preloaded: ignored.
<command-line>:0:8: warning: missing terminating " character [enabled by default]
ERROR: ld.so: object 'libfakeroot-sysv.so' from LD_PRELOAD cannot be preloaded: ignored.
ERROR: ld.so: object 'libfakeroot-sysv.so' from LD_PRELOAD cannot be preloaded: ignored.
ERROR: ld.so: object 'libfakeroot-sysv.so' from LD_PRELOAD cannot be preloaded: ignored.
/mtkeda/bbn/trendchip/mips-linux-uclibc-4.6.3-kernel3.18/usr/bin/../lib/gcc/mips-buildroot-linux-uclibc/4.6.3/../../../../mips-buildroot-linux-uclibc/bin/ld: cannot find -lpthreads
/proj/mtk69551/tony/Git/netconf/tclinux_phoenix/apps/opensource/NETCONF_LIB/lib/libxml2.so: warning: gethostbyname is obsolescent, use getnameinfo() instead.
collect2: ld returned 1 exit status
configure:12646: $? = 1
configure: failed program was:
| /* confdefs.h */
| #define PACKAGE_NAME "libnetconf"
| #define PACKAGE_TARNAME "libnetconf"
| #define PACKAGE_VERSION "0.10.0"
| #define PACKAGE_STRING "libnetconf 0.10.0"
| #define PACKAGE_BUGREPORT ""
| #define PACKAGE_URL ""
| #define STDC_HEADERS 1
| #define HAVE_SYS_TYPES_H 1
| #define HAVE_SYS_STAT_H 1
| #define HAVE_STDLIB_H 1
| #define HAVE_STRING_H 1
| #define HAVE_MEMORY_H 1
| #define HAVE_STRINGS_H 1
| #define HAVE_INTTYPES_H 1
| #define HAVE_STDINT_H 1
| #define HAVE_UNISTD_H 1
| #define HAVE_DLFCN_H 1
| #define LT_OBJDIR ".libs/"
| #define HAVE_LIBXSLT 1
| #define HAVE_LIBXSLT_TRANSFORM_H 1
| #define HAVE_LIBXSLT_XSLTINTERNALS_H 1
| /* end confdefs.h.  */
| #include <pthread.h>
|                         static void routine(void *a) { a = 0; }
|                         static void *start_routine(void *a) { return a; }
| int
| main ()
| {
| pthread_t th; pthread_attr_t attr;
|                         pthread_create(&th, 0, start_routine, 0);
|                         pthread_join(th, 0);
|                         pthread_attr_init(&attr);
|                         pthread_cleanup_push(routine, 0);
|                         pthread_cleanup_pop(0) /* ; */
|   ;
|   return 0;
| }
configure:12655: result: no
configure:12553: checking whether pthreads work without any flags
configure:12646: mips-buildroot-linux-uclibc-gcc -mips32r2 -msoft-float -o conftest -I/proj/mtk69551/tony/Git/netconf/tclinux_phoenix/apps/opensource/NETCONF_LIB/include -I/proj/mtk69551/tony/Git/netconf/tclinux_phoenix/apps/opensource/NETCONF_LIB/include/libxml2 -I/proj/mtk69551/tony/Git/netconf/tclinux_phoenix/apps/opensource/NETCONF_LIB/include/libxml2  -O3 -DNDEBUG -fvisibility=hidden   -DRCSID=\"$(IDGIT)\" -DDISABLE_LIBSSH -DDISABLE_URL -DDISABLE_VALIDATION  conftest.c  -lxslt -L/proj/mtk69551/tony/Git/netconf/tclinux_phoenix/apps/opensource/NETCONF_LIB/lib -L/proj/mtk69551/tony/Git/netconf/tclinux_phoenix/apps/opensource/libxml2-2.9.5 -lxslt -lxml2 -ldl -lm -L/proj/mtk69551/tony/Git/netconf/tclinux_phoenix/apps/opensource/NETCONF_LIB/lib -lxml2 -lm -ldl  -ldl -lutil >&5
ERROR: ld.so: object 'libfakeroot-sysv.so' from LD_PRELOAD cannot be preloaded: ignored.
ERROR: ld.so: object 'libfakeroot-sysv.so' from LD_PRELOAD cannot be preloaded: ignored.
<command-line>:0:8: warning: missing terminating " character [enabled by default]
ERROR: ld.so: object 'libfakeroot-sysv.so' from LD_PRELOAD cannot be preloaded: ignored.
ERROR: ld.so: object 'libfakeroot-sysv.so' from LD_PRELOAD cannot be preloaded: ignored.
ERROR: ld.so: object 'libfakeroot-sysv.so' from LD_PRELOAD cannot be preloaded: ignored.
/proj/mtk69551/tony/Git/netconf/tclinux_phoenix/apps/opensource/NETCONF_LIB/lib/libxml2.so: warning: gethostbyname is obsolescent, use getnameinfo() instead.
/tmp/cczFNlMn.o: In function `main':
conftest.c:(.text.startup+0x8): undefined reference to `pthread_create'
conftest.c:(.text.startup+0x38): undefined reference to `pthread_join'
conftest.c:(.text.startup+0x70): undefined reference to `__pthread_register_cancel'
conftest.c:(.text.startup+0x80): undefined reference to `__pthread_unregister_cancel'
collect2: ld returned 1 exit status
configure:12646: $? = 1
configure: failed program was:
| /* confdefs.h */
| #define PACKAGE_NAME "libnetconf"
| #define PACKAGE_TARNAME "libnetconf"
| #define PACKAGE_VERSION "0.10.0"
| #define PACKAGE_STRING "libnetconf 0.10.0"
| #define PACKAGE_BUGREPORT ""
| #define PACKAGE_URL ""
| #define STDC_HEADERS 1
| #define HAVE_SYS_TYPES_H 1
| #define HAVE_SYS_STAT_H 1
| #define HAVE_STDLIB_H 1
| #define HAVE_STRING_H 1
| #define HAVE_MEMORY_H 1
| #define HAVE_STRINGS_H 1
| #define HAVE_INTTYPES_H 1
| #define HAVE_STDINT_H 1
| #define HAVE_UNISTD_H 1
| #define HAVE_DLFCN_H 1
| #define LT_OBJDIR ".libs/"
| #define HAVE_LIBXSLT 1
| #define HAVE_LIBXSLT_TRANSFORM_H 1
| #define HAVE_LIBXSLT_XSLTINTERNALS_H 1
| /* end confdefs.h.  */
| #include <pthread.h>
|                         static void routine(void *a) { a = 0; }
|                         static void *start_routine(void *a) { return a; }
| int
| main ()
| {
| pthread_t th; pthread_attr_t attr;
|                         pthread_create(&th, 0, start_routine, 0);
|                         pthread_join(th, 0);
|                         pthread_attr_init(&attr);
|                         pthread_cleanup_push(routine, 0);
|                         pthread_cleanup_pop(0) /* ; */
|   ;
|   return 0;
| }
configure:12655: result: no
configure:12558: checking whether pthreads work with -Kthread
configure:12646: mips-buildroot-linux-uclibc-gcc -mips32r2 -msoft-float -o conftest -I/proj/mtk69551/tony/Git/netconf/tclinux_phoenix/apps/opensource/NETCONF_LIB/include -I/proj/mtk69551/tony/Git/netconf/tclinux_phoenix/apps/opensource/NETCONF_LIB/include/libxml2 -I/proj/mtk69551/tony/Git/netconf/tclinux_phoenix/apps/opensource/NETCONF_LIB/include/libxml2  -O3 -DNDEBUG -fvisibility=hidden -Kthread  -DRCSID=\"$(IDGIT)\" -DDISABLE_LIBSSH -DDISABLE_URL -DDISABLE_VALIDATION  conftest.c  -lxslt -L/proj/mtk69551/tony/Git/netconf/tclinux_phoenix/apps/opensource/NETCONF_LIB/lib -L/proj/mtk69551/tony/Git/netconf/tclinux_phoenix/apps/opensource/libxml2-2.9.5 -lxslt -lxml2 -ldl -lm -L/proj/mtk69551/tony/Git/netconf/tclinux_phoenix/apps/opensource/NETCONF_LIB/lib -lxml2 -lm -ldl  -ldl -lutil >&5
ERROR: ld.so: object 'libfakeroot-sysv.so' from LD_PRELOAD cannot be preloaded: ignored.
mips-buildroot-linux-uclibc-gcc: error: unrecognized option '-Kthread'
configure:12646: $? = 1
configure: failed program was:
| /* confdefs.h */
| #define PACKAGE_NAME "libnetconf"
| #define PACKAGE_TARNAME "libnetconf"
| #define PACKAGE_VERSION "0.10.0"
| #define PACKAGE_STRING "libnetconf 0.10.0"
| #define PACKAGE_BUGREPORT ""
| #define PACKAGE_URL ""
| #define STDC_HEADERS 1
| #define HAVE_SYS_TYPES_H 1
| #define HAVE_SYS_STAT_H 1
| #define HAVE_STDLIB_H 1
| #define HAVE_STRING_H 1
| #define HAVE_MEMORY_H 1
| #define HAVE_STRINGS_H 1
| #define HAVE_INTTYPES_H 1
| #define HAVE_STDINT_H 1
| #define HAVE_UNISTD_H 1
| #define HAVE_DLFCN_H 1
| #define LT_OBJDIR ".libs/"
| #define HAVE_LIBXSLT 1
| #define HAVE_LIBXSLT_TRANSFORM_H 1
| #define HAVE_LIBXSLT_XSLTINTERNALS_H 1
| /* end confdefs.h.  */
| #include <pthread.h>
|                         static void routine(void *a) { a = 0; }
|                         static void *start_routine(void *a) { return a; }
| int
| main ()
| {
| pthread_t th; pthread_attr_t attr;
|                         pthread_create(&th, 0, start_routine, 0);
|                         pthread_join(th, 0);
|                         pthread_attr_init(&attr);
|                         pthread_cleanup_push(routine, 0);
|                         pthread_cleanup_pop(0) /* ; */
|   ;
|   return 0;
| }
configure:12655: result: no
configure:12558: checking whether pthreads work with -kthread
configure:12646: mips-buildroot-linux-uclibc-gcc -mips32r2 -msoft-float -o conftest -I/proj/mtk69551/tony/Git/netconf/tclinux_phoenix/apps/opensource/NETCONF_LIB/include -I/proj/mtk69551/tony/Git/netconf/tclinux_phoenix/apps/opensource/NETCONF_LIB/include/libxml2 -I/proj/mtk69551/tony/Git/netconf/tclinux_phoenix/apps/opensource/NETCONF_LIB/include/libxml2  -O3 -DNDEBUG -fvisibility=hidden -kthread  -DRCSID=\"$(IDGIT)\" -DDISABLE_LIBSSH -DDISABLE_URL -DDISABLE_VALIDATION  conftest.c  -lxslt -L/proj/mtk69551/tony/Git/netconf/tclinux_phoenix/apps/opensource/NETCONF_LIB/lib -L/proj/mtk69551/tony/Git/netconf/tclinux_phoenix/apps/opensource/libxml2-2.9.5 -lxslt -lxml2 -ldl -lm -L/proj/mtk69551/tony/Git/netconf/tclinux_phoenix/apps/opensource/NETCONF_LIB/lib -lxml2 -lm -ldl  -ldl -lutil >&5
ERROR: ld.so: object 'libfakeroot-sysv.so' from LD_PRELOAD cannot be preloaded: ignored.
mips-buildroot-linux-uclibc-gcc: error: unrecognized option '-kthread'
configure:12646: $? = 1
configure: failed program was:
| /* confdefs.h */
| #define PACKAGE_NAME "libnetconf"
| #define PACKAGE_TARNAME "libnetconf"
| #define PACKAGE_VERSION "0.10.0"
| #define PACKAGE_STRING "libnetconf 0.10.0"
| #define PACKAGE_BUGREPORT ""
| #define PACKAGE_URL ""
| #define STDC_HEADERS 1
| #define HAVE_SYS_TYPES_H 1
| #define HAVE_SYS_STAT_H 1
| #define HAVE_STDLIB_H 1
| #define HAVE_STRING_H 1
| #define HAVE_MEMORY_H 1
| #define HAVE_STRINGS_H 1
| #define HAVE_INTTYPES_H 1
| #define HAVE_STDINT_H 1
| #define HAVE_UNISTD_H 1
| #define HAVE_DLFCN_H 1
| #define LT_OBJDIR ".libs/"
| #define HAVE_LIBXSLT 1
| #define HAVE_LIBXSLT_TRANSFORM_H 1
| #define HAVE_LIBXSLT_XSLTINTERNALS_H 1
| /* end confdefs.h.  */
| #include <pthread.h>
|                         static void routine(void *a) { a = 0; }
|                         static void *start_routine(void *a) { return a; }
| int
| main ()
| {
| pthread_t th; pthread_attr_t attr;
|                         pthread_create(&th, 0, start_routine, 0);
|                         pthread_join(th, 0);
|                         pthread_attr_init(&attr);
|                         pthread_cleanup_push(routine, 0);
|                         pthread_cleanup_pop(0) /* ; */
|   ;
|   return 0;
| }
configure:12655: result: no
configure:12608: checking for the pthreads library -llthread
configure:12646: mips-buildroot-linux-uclibc-gcc -mips32r2 -msoft-float -o conftest -I/proj/mtk69551/tony/Git/netconf/tclinux_phoenix/apps/opensource/NETCONF_LIB/include -I/proj/mtk69551/tony/Git/netconf/tclinux_phoenix/apps/opensource/NETCONF_LIB/include/libxml2 -I/proj/mtk69551/tony/Git/netconf/tclinux_phoenix/apps/opensource/NETCONF_LIB/include/libxml2  -O3 -DNDEBUG -fvisibility=hidden   -DRCSID=\"$(IDGIT)\" -DDISABLE_LIBSSH -DDISABLE_URL -DDISABLE_VALIDATION  conftest.c -llthread -lxslt -L/proj/mtk69551/tony/Git/netconf/tclinux_phoenix/apps/opensource/NETCONF_LIB/lib -L/proj/mtk69551/tony/Git/netconf/tclinux_phoenix/apps/opensource/libxml2-2.9.5 -lxslt -lxml2 -ldl -lm -L/proj/mtk69551/tony/Git/netconf/tclinux_phoenix/apps/opensource/NETCONF_LIB/lib -lxml2 -lm -ldl  -ldl -lutil >&5
ERROR: ld.so: object 'libfakeroot-sysv.so' from LD_PRELOAD cannot be preloaded: ignored.
ERROR: ld.so: object 'libfakeroot-sysv.so' from LD_PRELOAD cannot be preloaded: ignored.
<command-line>:0:8: warning: missing terminating " character [enabled by default]
ERROR: ld.so: object 'libfakeroot-sysv.so' from LD_PRELOAD cannot be preloaded: ignored.
ERROR: ld.so: object 'libfakeroot-sysv.so' from LD_PRELOAD cannot be preloaded: ignored.
ERROR: ld.so: object 'libfakeroot-sysv.so' from LD_PRELOAD cannot be preloaded: ignored.
/mtkeda/bbn/trendchip/mips-linux-uclibc-4.6.3-kernel3.18/usr/bin/../lib/gcc/mips-buildroot-linux-uclibc/4.6.3/../../../../mips-buildroot-linux-uclibc/bin/ld: cannot find -llthread
/proj/mtk69551/tony/Git/netconf/tclinux_phoenix/apps/opensource/NETCONF_LIB/lib/libxml2.so: warning: gethostbyname is obsolescent, use getnameinfo() instead.
collect2: ld returned 1 exit status
configure:12646: $? = 1
configure: failed program was:
| /* confdefs.h */
| #define PACKAGE_NAME "libnetconf"
| #define PACKAGE_TARNAME "libnetconf"
| #define PACKAGE_VERSION "0.10.0"
| #define PACKAGE_STRING "libnetconf 0.10.0"
| #define PACKAGE_BUGREPORT ""
| #define PACKAGE_URL ""
| #define STDC_HEADERS 1
| #define HAVE_SYS_TYPES_H 1
| #define HAVE_SYS_STAT_H 1
| #define HAVE_STDLIB_H 1
| #define HAVE_STRING_H 1
| #define HAVE_MEMORY_H 1
| #define HAVE_STRINGS_H 1
| #define HAVE_INTTYPES_H 1
| #define HAVE_STDINT_H 1
| #define HAVE_UNISTD_H 1
| #define HAVE_DLFCN_H 1
| #define LT_OBJDIR ".libs/"
| #define HAVE_LIBXSLT 1
| #define HAVE_LIBXSLT_TRANSFORM_H 1
| #define HAVE_LIBXSLT_XSLTINTERNALS_H 1
| /* end confdefs.h.  */
| #include <pthread.h>
|                         static void routine(void *a) { a = 0; }
|                         static void *start_routine(void *a) { return a; }
| int
| main ()
| {
| pthread_t th; pthread_attr_t attr;
|                         pthread_create(&th, 0, start_routine, 0);
|                         pthread_join(th, 0);
|                         pthread_attr_init(&attr);
|                         pthread_cleanup_push(routine, 0);
|                         pthread_cleanup_pop(0) /* ; */
|   ;
|   return 0;
| }
configure:12655: result: no
configure:12558: checking whether pthreads work with -pthread
configure:12646: mips-buildroot-linux-uclibc-gcc -mips32r2 -msoft-float -o conftest -I/proj/mtk69551/tony/Git/netconf/tclinux_phoenix/apps/opensource/NETCONF_LIB/include -I/proj/mtk69551/tony/Git/netconf/tclinux_phoenix/apps/opensource/NETCONF_LIB/include/libxml2 -I/proj/mtk69551/tony/Git/netconf/tclinux_phoenix/apps/opensource/NETCONF_LIB/include/libxml2  -O3 -DNDEBUG -fvisibility=hidden -pthread  -DRCSID=\"$(IDGIT)\" -DDISABLE_LIBSSH -DDISABLE_URL -DDISABLE_VALIDATION  conftest.c  -lxslt -L/proj/mtk69551/tony/Git/netconf/tclinux_phoenix/apps/opensource/NETCONF_LIB/lib -L/proj/mtk69551/tony/Git/netconf/tclinux_phoenix/apps/opensource/libxml2-2.9.5 -lxslt -lxml2 -ldl -lm -L/proj/mtk69551/tony/Git/netconf/tclinux_phoenix/apps/opensource/NETCONF_LIB/lib -lxml2 -lm -ldl  -ldl -lutil >&5
ERROR: ld.so: object 'libfakeroot-sysv.so' from LD_PRELOAD cannot be preloaded: ignored.
ERROR: ld.so: object 'libfakeroot-sysv.so' from LD_PRELOAD cannot be preloaded: ignored.
<command-line>:0:8: warning: missing terminating " character [enabled by default]
ERROR: ld.so: object 'libfakeroot-sysv.so' from LD_PRELOAD cannot be preloaded: ignored.
ERROR: ld.so: object 'libfakeroot-sysv.so' from LD_PRELOAD cannot be preloaded: ignored.
ERROR: ld.so: object 'libfakeroot-sysv.so' from LD_PRELOAD cannot be preloaded: ignored.
/proj/mtk69551/tony/Git/netconf/tclinux_phoenix/apps/opensource/NETCONF_LIB/lib/libxml2.so: warning: gethostbyname is obsolescent, use getnameinfo() instead.
configure:12646: $? = 0
configure:12655: result: yes
configure:12674: checking for joinable pthread attribute
configure:12689: mips-buildroot-linux-uclibc-gcc -mips32r2 -msoft-float -o conftest -I/proj/mtk69551/tony/Git/netconf/tclinux_phoenix/apps/opensource/NETCONF_LIB/include -I/proj/mtk69551/tony/Git/netconf/tclinux_phoenix/apps/opensource/NETCONF_LIB/include/libxml2 -I/proj/mtk69551/tony/Git/netconf/tclinux_phoenix/apps/opensource/NETCONF_LIB/include/libxml2  -O3 -DNDEBUG -fvisibility=hidden -pthread  -DRCSID=\"$(IDGIT)\" -DDISABLE_LIBSSH -DDISABLE_URL -DDISABLE_VALIDATION  conftest.c  -lxslt -L/proj/mtk69551/tony/Git/netconf/tclinux_phoenix/apps/opensource/NETCONF_LIB/lib -L/proj/mtk69551/tony/Git/netconf/tclinux_phoenix/apps/opensource/libxml2-2.9.5 -lxslt -lxml2 -ldl -lm -L/proj/mtk69551/tony/Git/netconf/tclinux_phoenix/apps/opensource/NETCONF_LIB/lib -lxml2 -lm -ldl  -ldl -lutil >&5
ERROR: ld.so: object 'libfakeroot-sysv.so' from LD_PRELOAD cannot be preloaded: ignored.
ERROR: ld.so: object 'libfakeroot-sysv.so' from LD_PRELOAD cannot be preloaded: ignored.
<command-line>:0:8: warning: missing terminating " character [enabled by default]
ERROR: ld.so: object 'libfakeroot-sysv.so' from LD_PRELOAD cannot be preloaded: ignored.
ERROR: ld.so: object 'libfakeroot-sysv.so' from LD_PRELOAD cannot be preloaded: ignored.
ERROR: ld.so: object 'libfakeroot-sysv.so' from LD_PRELOAD cannot be preloaded: ignored.
/proj/mtk69551/tony/Git/netconf/tclinux_phoenix/apps/opensource/NETCONF_LIB/lib/libxml2.so: warning: gethostbyname is obsolescent, use getnameinfo() instead.
configure:12689: $? = 0
configure:12695: result: PTHREAD_CREATE_JOINABLE
configure:12705: checking if more special flags are required for pthreads
configure:12719: result: no
configure:12725: checking for PTHREAD_PRIO_INHERIT
configure:12743: mips-buildroot-linux-uclibc-gcc -mips32r2 -msoft-float -o conftest -I/proj/mtk69551/tony/Git/netconf/tclinux_phoenix/apps/opensource/NETCONF_LIB/include -I/proj/mtk69551/tony/Git/netconf/tclinux_phoenix/apps/opensource/NETCONF_LIB/include/libxml2 -I/proj/mtk69551/tony/Git/netconf/tclinux_phoenix/apps/opensource/NETCONF_LIB/include/libxml2  -O3 -DNDEBUG -fvisibility=hidden -pthread  -DRCSID=\"$(IDGIT)\" -DDISABLE_LIBSSH -DDISABLE_URL -DDISABLE_VALIDATION  conftest.c  -lxslt -L/proj/mtk69551/tony/Git/netconf/tclinux_phoenix/apps/opensource/NETCONF_LIB/lib -L/proj/mtk69551/tony/Git/netconf/tclinux_phoenix/apps/opensource/libxml2-2.9.5 -lxslt -lxml2 -ldl -lm -L/proj/mtk69551/tony/Git/netconf/tclinux_phoenix/apps/opensource/NETCONF_LIB/lib -lxml2 -lm -ldl  -ldl -lutil >&5
ERROR: ld.so: object 'libfakeroot-sysv.so' from LD_PRELOAD cannot be preloaded: ignored.
ERROR: ld.so: object 'libfakeroot-sysv.so' from LD_PRELOAD cannot be preloaded: ignored.
<command-line>:0:8: warning: missing terminating " character [enabled by default]
conftest.c: In function 'main':
conftest.c:29:9: error: 'PTHREAD_PRIO_INHERIT' undeclared (first use in this function)
conftest.c:29:9: note: each undeclared identifier is reported only once for each function it appears in
configure:12743: $? = 1
configure: failed program was:
| /* confdefs.h */
| #define PACKAGE_NAME "libnetconf"
| #define PACKAGE_TARNAME "libnetconf"
| #define PACKAGE_VERSION "0.10.0"
| #define PACKAGE_STRING "libnetconf 0.10.0"
| #define PACKAGE_BUGREPORT ""
| #define PACKAGE_URL ""
| #define STDC_HEADERS 1
| #define HAVE_SYS_TYPES_H 1
| #define HAVE_SYS_STAT_H 1
| #define HAVE_STDLIB_H 1
| #define HAVE_STRING_H 1
| #define HAVE_MEMORY_H 1
| #define HAVE_STRINGS_H 1
| #define HAVE_INTTYPES_H 1
| #define HAVE_STDINT_H 1
| #define HAVE_UNISTD_H 1
| #define HAVE_DLFCN_H 1
| #define LT_OBJDIR ".libs/"
| #define HAVE_LIBXSLT 1
| #define HAVE_LIBXSLT_TRANSFORM_H 1
| #define HAVE_LIBXSLT_XSLTINTERNALS_H 1
| /* end confdefs.h.  */
| 
|                     #include <pthread.h>
| int
| main ()
| {
| int i = PTHREAD_PRIO_INHERIT;
|   ;
|   return 0;
| }
configure:12752: result: no
configure:12840: checking pthread.h usability
configure:12840: mips-buildroot-linux-uclibc-gcc -mips32r2 -msoft-float -c -I/proj/mtk69551/tony/Git/netconf/tclinux_phoenix/apps/opensource/NETCONF_LIB/include -I/proj/mtk69551/tony/Git/netconf/tclinux_phoenix/apps/opensource/NETCONF_LIB/include/libxml2 -I/proj/mtk69551/tony/Git/netconf/tclinux_phoenix/apps/opensource/NETCONF_LIB/include/libxml2  -O3 -DNDEBUG -fvisibility=hidden -pthread  -DRCSID=\"$(IDGIT)\" -DDISABLE_LIBSSH -DDISABLE_URL -DDISABLE_VALIDATION conftest.c >&5
ERROR: ld.so: object 'libfakeroot-sysv.so' from LD_PRELOAD cannot be preloaded: ignored.
ERROR: ld.so: object 'libfakeroot-sysv.so' from LD_PRELOAD cannot be preloaded: ignored.
<command-line>:0:8: warning: missing terminating " character [enabled by default]
ERROR: ld.so: object 'libfakeroot-sysv.so' from LD_PRELOAD cannot be preloaded: ignored.
configure:12840: $? = 0
configure:12840: result: yes
configure:12840: checking pthread.h presence
configure:12840: mips-buildroot-linux-uclibc-gcc -mips32r2 -msoft-float -E  -DRCSID=\"$(IDGIT)\" -DDISABLE_LIBSSH -DDISABLE_URL -DDISABLE_VALIDATION conftest.c
ERROR: ld.so: object 'libfakeroot-sysv.so' from LD_PRELOAD cannot be preloaded: ignored.
ERROR: ld.so: object 'libfakeroot-sysv.so' from LD_PRELOAD cannot be preloaded: ignored.
<command-line>:0:8: warning: missing terminating " character [enabled by default]
configure:12840: $? = 0
configure:12840: result: yes
configure:12840: checking for pthread.h
configure:12840: result: yes
configure:12854: checking for library containing sem_init
configure:12885: mips-buildroot-linux-uclibc-gcc -mips32r2 -msoft-float -o conftest -I/proj/mtk69551/tony/Git/netconf/tclinux_phoenix/apps/opensource/NETCONF_LIB/include -I/proj/mtk69551/tony/Git/netconf/tclinux_phoenix/apps/opensource/NETCONF_LIB/include/libxml2 -I/proj/mtk69551/tony/Git/netconf/tclinux_phoenix/apps/opensource/NETCONF_LIB/include/libxml2  -O3 -DNDEBUG -fvisibility=hidden -pthread  -DRCSID=\"$(IDGIT)\" -DDISABLE_LIBSSH -DDISABLE_URL -DDISABLE_VALIDATION  conftest.c  -lxslt -L/proj/mtk69551/tony/Git/netconf/tclinux_phoenix/apps/opensource/NETCONF_LIB/lib -L/proj/mtk69551/tony/Git/netconf/tclinux_phoenix/apps/opensource/libxml2-2.9.5 -lxslt -lxml2 -ldl -lm -L/proj/mtk69551/tony/Git/netconf/tclinux_phoenix/apps/opensource/NETCONF_LIB/lib -lxml2 -lm -ldl  -ldl -lutil >&5
ERROR: ld.so: object 'libfakeroot-sysv.so' from LD_PRELOAD cannot be preloaded: ignored.
ERROR: ld.so: object 'libfakeroot-sysv.so' from LD_PRELOAD cannot be preloaded: ignored.
<command-line>:0:8: warning: missing terminating " character [enabled by default]
ERROR: ld.so: object 'libfakeroot-sysv.so' from LD_PRELOAD cannot be preloaded: ignored.
ERROR: ld.so: object 'libfakeroot-sysv.so' from LD_PRELOAD cannot be preloaded: ignored.
ERROR: ld.so: object 'libfakeroot-sysv.so' from LD_PRELOAD cannot be preloaded: ignored.
/proj/mtk69551/tony/Git/netconf/tclinux_phoenix/apps/opensource/NETCONF_LIB/lib/libxml2.so: warning: gethostbyname is obsolescent, use getnameinfo() instead.
configure:12885: $? = 0
configure:12902: result: none required
configure:13314: checking fcntl.h usability
configure:13314: mips-buildroot-linux-uclibc-gcc -mips32r2 -msoft-float -c -I/proj/mtk69551/tony/Git/netconf/tclinux_phoenix/apps/opensource/NETCONF_LIB/include -I/proj/mtk69551/tony/Git/netconf/tclinux_phoenix/apps/opensource/NETCONF_LIB/include/libxml2 -I/proj/mtk69551/tony/Git/netconf/tclinux_phoenix/apps/opensource/NETCONF_LIB/include/libxml2  -O3 -DNDEBUG -fvisibility=hidden -pthread  -DRCSID=\"$(IDGIT)\" -DDISABLE_LIBSSH -DDISABLE_URL -DDISABLE_VALIDATION conftest.c >&5
ERROR: ld.so: object 'libfakeroot-sysv.so' from LD_PRELOAD cannot be preloaded: ignored.
ERROR: ld.so: object 'libfakeroot-sysv.so' from LD_PRELOAD cannot be preloaded: ignored.
<command-line>:0:8: warning: missing terminating " character [enabled by default]
ERROR: ld.so: object 'libfakeroot-sysv.so' from LD_PRELOAD cannot be preloaded: ignored.
configure:13314: $? = 0
configure:13314: result: yes
configure:13314: checking fcntl.h presence
configure:13314: mips-buildroot-linux-uclibc-gcc -mips32r2 -msoft-float -E  -DRCSID=\"$(IDGIT)\" -DDISABLE_LIBSSH -DDISABLE_URL -DDISABLE_VALIDATION conftest.c
ERROR: ld.so: object 'libfakeroot-sysv.so' from LD_PRELOAD cannot be preloaded: ignored.
ERROR: ld.so: object 'libfakeroot-sysv.so' from LD_PRELOAD cannot be preloaded: ignored.
<command-line>:0:8: warning: missing terminating " character [enabled by default]
configure:13314: $? = 0
configure:13314: result: yes
configure:13314: checking for fcntl.h
configure:13314: result: yes
configure:13314: checking limits.h usability
configure:13314: mips-buildroot-linux-uclibc-gcc -mips32r2 -msoft-float -c -I/proj/mtk69551/tony/Git/netconf/tclinux_phoenix/apps/opensource/NETCONF_LIB/include -I/proj/mtk69551/tony/Git/netconf/tclinux_phoenix/apps/opensource/NETCONF_LIB/include/libxml2 -I/proj/mtk69551/tony/Git/netconf/tclinux_phoenix/apps/opensource/NETCONF_LIB/include/libxml2  -O3 -DNDEBUG -fvisibility=hidden -pthread  -DRCSID=\"$(IDGIT)\" -DDISABLE_LIBSSH -DDISABLE_URL -DDISABLE_VALIDATION conftest.c >&5
ERROR: ld.so: object 'libfakeroot-sysv.so' from LD_PRELOAD cannot be preloaded: ignored.
ERROR: ld.so: object 'libfakeroot-sysv.so' from LD_PRELOAD cannot be preloaded: ignored.
<command-line>:0:8: warning: missing terminating " character [enabled by default]
ERROR: ld.so: object 'libfakeroot-sysv.so' from LD_PRELOAD cannot be preloaded: ignored.
configure:13314: $? = 0
configure:13314: result: yes
configure:13314: checking limits.h presence
configure:13314: mips-buildroot-linux-uclibc-gcc -mips32r2 -msoft-float -E  -DRCSID=\"$(IDGIT)\" -DDISABLE_LIBSSH -DDISABLE_URL -DDISABLE_VALIDATION conftest.c
ERROR: ld.so: object 'libfakeroot-sysv.so' from LD_PRELOAD cannot be preloaded: ignored.
ERROR: ld.so: object 'libfakeroot-sysv.so' from LD_PRELOAD cannot be preloaded: ignored.
<command-line>:0:8: warning: missing terminating " character [enabled by default]
configure:13314: $? = 0
configure:13314: result: yes
configure:13314: checking for limits.h
configure:13314: result: yes
configure:13314: checking netdb.h usability
configure:13314: mips-buildroot-linux-uclibc-gcc -mips32r2 -msoft-float -c -I/proj/mtk69551/tony/Git/netconf/tclinux_phoenix/apps/opensource/NETCONF_LIB/include -I/proj/mtk69551/tony/Git/netconf/tclinux_phoenix/apps/opensource/NETCONF_LIB/include/libxml2 -I/proj/mtk69551/tony/Git/netconf/tclinux_phoenix/apps/opensource/NETCONF_LIB/include/libxml2  -O3 -DNDEBUG -fvisibility=hidden -pthread  -DRCSID=\"$(IDGIT)\" -DDISABLE_LIBSSH -DDISABLE_URL -DDISABLE_VALIDATION conftest.c >&5
ERROR: ld.so: object 'libfakeroot-sysv.so' from LD_PRELOAD cannot be preloaded: ignored.
ERROR: ld.so: object 'libfakeroot-sysv.so' from LD_PRELOAD cannot be preloaded: ignored.
<command-line>:0:8: warning: missing terminating " character [enabled by default]
ERROR: ld.so: object 'libfakeroot-sysv.so' from LD_PRELOAD cannot be preloaded: ignored.
configure:13314: $? = 0
configure:13314: result: yes
configure:13314: checking netdb.h presence
configure:13314: mips-buildroot-linux-uclibc-gcc -mips32r2 -msoft-float -E  -DRCSID=\"$(IDGIT)\" -DDISABLE_LIBSSH -DDISABLE_URL -DDISABLE_VALIDATION conftest.c
ERROR: ld.so: object 'libfakeroot-sysv.so' from LD_PRELOAD cannot be preloaded: ignored.
ERROR: ld.so: object 'libfakeroot-sysv.so' from LD_PRELOAD cannot be preloaded: ignored.
<command-line>:0:8: warning: missing terminating " character [enabled by default]
configure:13314: $? = 0
configure:13314: result: yes
configure:13314: checking for netdb.h
configure:13314: result: yes
configure:13314: checking stddef.h usability
configure:13314: mips-buildroot-linux-uclibc-gcc -mips32r2 -msoft-float -c -I/proj/mtk69551/tony/Git/netconf/tclinux_phoenix/apps/opensource/NETCONF_LIB/include -I/proj/mtk69551/tony/Git/netconf/tclinux_phoenix/apps/opensource/NETCONF_LIB/include/libxml2 -I/proj/mtk69551/tony/Git/netconf/tclinux_phoenix/apps/opensource/NETCONF_LIB/include/libxml2  -O3 -DNDEBUG -fvisibility=hidden -pthread  -DRCSID=\"$(IDGIT)\" -DDISABLE_LIBSSH -DDISABLE_URL -DDISABLE_VALIDATION conftest.c >&5
ERROR: ld.so: object 'libfakeroot-sysv.so' from LD_PRELOAD cannot be preloaded: ignored.
ERROR: ld.so: object 'libfakeroot-sysv.so' from LD_PRELOAD cannot be preloaded: ignored.
<command-line>:0:8: warning: missing terminating " character [enabled by default]
ERROR: ld.so: object 'libfakeroot-sysv.so' from LD_PRELOAD cannot be preloaded: ignored.
configure:13314: $? = 0
configure:13314: result: yes
configure:13314: checking stddef.h presence
configure:13314: mips-buildroot-linux-uclibc-gcc -mips32r2 -msoft-float -E  -DRCSID=\"$(IDGIT)\" -DDISABLE_LIBSSH -DDISABLE_URL -DDISABLE_VALIDATION conftest.c
ERROR: ld.so: object 'libfakeroot-sysv.so' from LD_PRELOAD cannot be preloaded: ignored.
ERROR: ld.so: object 'libfakeroot-sysv.so' from LD_PRELOAD cannot be preloaded: ignored.
<command-line>:0:8: warning: missing terminating " character [enabled by default]
configure:13314: $? = 0
configure:13314: result: yes
configure:13314: checking for stddef.h
configure:13314: result: yes
configure:13314: checking for stdint.h
configure:13314: result: yes
configure:13314: checking for stdlib.h
configure:13314: result: yes
configure:13314: checking for string.h
configure:13314: result: yes
configure:13314: checking sys/file.h usability
configure:13314: mips-buildroot-linux-uclibc-gcc -mips32r2 -msoft-float -c -I/proj/mtk69551/tony/Git/netconf/tclinux_phoenix/apps/opensource/NETCONF_LIB/include -I/proj/mtk69551/tony/Git/netconf/tclinux_phoenix/apps/opensource/NETCONF_LIB/include/libxml2 -I/proj/mtk69551/tony/Git/netconf/tclinux_phoenix/apps/opensource/NETCONF_LIB/include/libxml2  -O3 -DNDEBUG -fvisibility=hidden -pthread  -DRCSID=\"$(IDGIT)\" -DDISABLE_LIBSSH -DDISABLE_URL -DDISABLE_VALIDATION conftest.c >&5
ERROR: ld.so: object 'libfakeroot-sysv.so' from LD_PRELOAD cannot be preloaded: ignored.
ERROR: ld.so: object 'libfakeroot-sysv.so' from LD_PRELOAD cannot be preloaded: ignored.
<command-line>:0:8: warning: missing terminating " character [enabled by default]
ERROR: ld.so: object 'libfakeroot-sysv.so' from LD_PRELOAD cannot be preloaded: ignored.
configure:13314: $? = 0
configure:13314: result: yes
configure:13314: checking sys/file.h presence
configure:13314: mips-buildroot-linux-uclibc-gcc -mips32r2 -msoft-float -E  -DRCSID=\"$(IDGIT)\" -DDISABLE_LIBSSH -DDISABLE_URL -DDISABLE_VALIDATION conftest.c
ERROR: ld.so: object 'libfakeroot-sysv.so' from LD_PRELOAD cannot be preloaded: ignored.
ERROR: ld.so: object 'libfakeroot-sysv.so' from LD_PRELOAD cannot be preloaded: ignored.
<command-line>:0:8: warning: missing terminating " character [enabled by default]
configure:13314: $? = 0
configure:13314: result: yes
configure:13314: checking for sys/file.h
configure:13314: result: yes
configure:13314: checking sys/socket.h usability
configure:13314: mips-buildroot-linux-uclibc-gcc -mips32r2 -msoft-float -c -I/proj/mtk69551/tony/Git/netconf/tclinux_phoenix/apps/opensource/NETCONF_LIB/include -I/proj/mtk69551/tony/Git/netconf/tclinux_phoenix/apps/opensource/NETCONF_LIB/include/libxml2 -I/proj/mtk69551/tony/Git/netconf/tclinux_phoenix/apps/opensource/NETCONF_LIB/include/libxml2  -O3 -DNDEBUG -fvisibility=hidden -pthread  -DRCSID=\"$(IDGIT)\" -DDISABLE_LIBSSH -DDISABLE_URL -DDISABLE_VALIDATION conftest.c >&5
ERROR: ld.so: object 'libfakeroot-sysv.so' from LD_PRELOAD cannot be preloaded: ignored.
ERROR: ld.so: object 'libfakeroot-sysv.so' from LD_PRELOAD cannot be preloaded: ignored.
<command-line>:0:8: warning: missing terminating " character [enabled by default]
ERROR: ld.so: object 'libfakeroot-sysv.so' from LD_PRELOAD cannot be preloaded: ignored.
configure:13314: $? = 0
configure:13314: result: yes
configure:13314: checking sys/socket.h presence
configure:13314: mips-buildroot-linux-uclibc-gcc -mips32r2 -msoft-float -E  -DRCSID=\"$(IDGIT)\" -DDISABLE_LIBSSH -DDISABLE_URL -DDISABLE_VALIDATION conftest.c
ERROR: ld.so: object 'libfakeroot-sysv.so' from LD_PRELOAD cannot be preloaded: ignored.
ERROR: ld.so: object 'libfakeroot-sysv.so' from LD_PRELOAD cannot be preloaded: ignored.
<command-line>:0:8: warning: missing terminating " character [enabled by default]
configure:13314: $? = 0
configure:13314: result: yes
configure:13314: checking for sys/socket.h
configure:13314: result: yes
configure:13314: checking termios.h usability
configure:13314: mips-buildroot-linux-uclibc-gcc -mips32r2 -msoft-float -c -I/proj/mtk69551/tony/Git/netconf/tclinux_phoenix/apps/opensource/NETCONF_LIB/include -I/proj/mtk69551/tony/Git/netconf/tclinux_phoenix/apps/opensource/NETCONF_LIB/include/libxml2 -I/proj/mtk69551/tony/Git/netconf/tclinux_phoenix/apps/opensource/NETCONF_LIB/include/libxml2  -O3 -DNDEBUG -fvisibility=hidden -pthread  -DRCSID=\"$(IDGIT)\" -DDISABLE_LIBSSH -DDISABLE_URL -DDISABLE_VALIDATION conftest.c >&5
ERROR: ld.so: object 'libfakeroot-sysv.so' from LD_PRELOAD cannot be preloaded: ignored.
ERROR: ld.so: object 'libfakeroot-sysv.so' from LD_PRELOAD cannot be preloaded: ignored.
<command-line>:0:8: warning: missing terminating " character [enabled by default]
ERROR: ld.so: object 'libfakeroot-sysv.so' from LD_PRELOAD cannot be preloaded: ignored.
configure:13314: $? = 0
configure:13314: result: yes
configure:13314: checking termios.h presence
configure:13314: mips-buildroot-linux-uclibc-gcc -mips32r2 -msoft-float -E  -DRCSID=\"$(IDGIT)\" -DDISABLE_LIBSSH -DDISABLE_URL -DDISABLE_VALIDATION conftest.c
ERROR: ld.so: object 'libfakeroot-sysv.so' from LD_PRELOAD cannot be preloaded: ignored.
ERROR: ld.so: object 'libfakeroot-sysv.so' from LD_PRELOAD cannot be preloaded: ignored.
<command-line>:0:8: warning: missing terminating " character [enabled by default]
configure:13314: $? = 0
configure:13314: result: yes
configure:13314: checking for termios.h
configure:13314: result: yes
configure:13314: checking for unistd.h
configure:13314: result: yes
configure:13328: checking utmpx.h usability
configure:13328: mips-buildroot-linux-uclibc-gcc -mips32r2 -msoft-float -c -I/proj/mtk69551/tony/Git/netconf/tclinux_phoenix/apps/opensource/NETCONF_LIB/include -I/proj/mtk69551/tony/Git/netconf/tclinux_phoenix/apps/opensource/NETCONF_LIB/include/libxml2 -I/proj/mtk69551/tony/Git/netconf/tclinux_phoenix/apps/opensource/NETCONF_LIB/include/libxml2  -O3 -DNDEBUG -fvisibility=hidden -pthread  -DRCSID=\"$(IDGIT)\" -DDISABLE_LIBSSH -DDISABLE_URL -DDISABLE_VALIDATION conftest.c >&5
ERROR: ld.so: object 'libfakeroot-sysv.so' from LD_PRELOAD cannot be preloaded: ignored.
ERROR: ld.so: object 'libfakeroot-sysv.so' from LD_PRELOAD cannot be preloaded: ignored.
<command-line>:0:8: warning: missing terminating " character [enabled by default]
ERROR: ld.so: object 'libfakeroot-sysv.so' from LD_PRELOAD cannot be preloaded: ignored.
configure:13328: $? = 0
configure:13328: result: yes
configure:13328: checking utmpx.h presence
configure:13328: mips-buildroot-linux-uclibc-gcc -mips32r2 -msoft-float -E  -DRCSID=\"$(IDGIT)\" -DDISABLE_LIBSSH -DDISABLE_URL -DDISABLE_VALIDATION conftest.c
ERROR: ld.so: object 'libfakeroot-sysv.so' from LD_PRELOAD cannot be preloaded: ignored.
ERROR: ld.so: object 'libfakeroot-sysv.so' from LD_PRELOAD cannot be preloaded: ignored.
<command-line>:0:8: warning: missing terminating " character [enabled by default]
configure:13328: $? = 0
configure:13328: result: yes
configure:13328: checking for utmpx.h
configure:13328: result: yes
configure:13342: checking for stdbool.h that conforms to C99
configure:13409: mips-buildroot-linux-uclibc-gcc -mips32r2 -msoft-float -c -I/proj/mtk69551/tony/Git/netconf/tclinux_phoenix/apps/opensource/NETCONF_LIB/include -I/proj/mtk69551/tony/Git/netconf/tclinux_phoenix/apps/opensource/NETCONF_LIB/include/libxml2 -I/proj/mtk69551/tony/Git/netconf/tclinux_phoenix/apps/opensource/NETCONF_LIB/include/libxml2  -O3 -DNDEBUG -fvisibility=hidden -pthread  -DRCSID=\"$(IDGIT)\" -DDISABLE_LIBSSH -DDISABLE_URL -DDISABLE_VALIDATION conftest.c >&5
ERROR: ld.so: object 'libfakeroot-sysv.so' from LD_PRELOAD cannot be preloaded: ignored.
ERROR: ld.so: object 'libfakeroot-sysv.so' from LD_PRELOAD cannot be preloaded: ignored.
<command-line>:0:8: warning: missing terminating " character [enabled by default]
ERROR: ld.so: object 'libfakeroot-sysv.so' from LD_PRELOAD cannot be preloaded: ignored.
configure:13409: $? = 0
configure:13416: result: yes
configure:13418: checking for _Bool
configure:13418: mips-buildroot-linux-uclibc-gcc -mips32r2 -msoft-float -c -I/proj/mtk69551/tony/Git/netconf/tclinux_phoenix/apps/opensource/NETCONF_LIB/include -I/proj/mtk69551/tony/Git/netconf/tclinux_phoenix/apps/opensource/NETCONF_LIB/include/libxml2 -I/proj/mtk69551/tony/Git/netconf/tclinux_phoenix/apps/opensource/NETCONF_LIB/include/libxml2  -O3 -DNDEBUG -fvisibility=hidden -pthread  -DRCSID=\"$(IDGIT)\" -DDISABLE_LIBSSH -DDISABLE_URL -DDISABLE_VALIDATION conftest.c >&5
ERROR: ld.so: object 'libfakeroot-sysv.so' from LD_PRELOAD cannot be preloaded: ignored.
ERROR: ld.so: object 'libfakeroot-sysv.so' from LD_PRELOAD cannot be preloaded: ignored.
<command-line>:0:8: warning: missing terminating " character [enabled by default]
ERROR: ld.so: object 'libfakeroot-sysv.so' from LD_PRELOAD cannot be preloaded: ignored.
configure:13418: $? = 0
configure:13418: mips-buildroot-linux-uclibc-gcc -mips32r2 -msoft-float -c -I/proj/mtk69551/tony/Git/netconf/tclinux_phoenix/apps/opensource/NETCONF_LIB/include -I/proj/mtk69551/tony/Git/netconf/tclinux_phoenix/apps/opensource/NETCONF_LIB/include/libxml2 -I/proj/mtk69551/tony/Git/netconf/tclinux_phoenix/apps/opensource/NETCONF_LIB/include/libxml2  -O3 -DNDEBUG -fvisibility=hidden -pthread  -DRCSID=\"$(IDGIT)\" -DDISABLE_LIBSSH -DDISABLE_URL -DDISABLE_VALIDATION conftest.c >&5
ERROR: ld.so: object 'libfakeroot-sysv.so' from LD_PRELOAD cannot be preloaded: ignored.
ERROR: ld.so: object 'libfakeroot-sysv.so' from LD_PRELOAD cannot be preloaded: ignored.
<command-line>:0:8: warning: missing terminating " character [enabled by default]
conftest.c: In function 'main':
conftest.c:73:20: error: expected expression before ')' token
configure:13418: $? = 1
configure: failed program was:
| /* confdefs.h */
| #define PACKAGE_NAME "libnetconf"
| #define PACKAGE_TARNAME "libnetconf"
| #define PACKAGE_VERSION "0.10.0"
| #define PACKAGE_STRING "libnetconf 0.10.0"
| #define PACKAGE_BUGREPORT ""
| #define PACKAGE_URL ""
| #define STDC_HEADERS 1
| #define HAVE_SYS_TYPES_H 1
| #define HAVE_SYS_STAT_H 1
| #define HAVE_STDLIB_H 1
| #define HAVE_STRING_H 1
| #define HAVE_MEMORY_H 1
| #define HAVE_STRINGS_H 1
| #define HAVE_INTTYPES_H 1
| #define HAVE_STDINT_H 1
| #define HAVE_UNISTD_H 1
| #define HAVE_DLFCN_H 1
| #define LT_OBJDIR ".libs/"
| #define HAVE_LIBXSLT 1
| #define HAVE_LIBXSLT_TRANSFORM_H 1
| #define HAVE_LIBXSLT_XSLTINTERNALS_H 1
| #define HAVE_PTHREAD_H 1
| #define HAVE_FCNTL_H 1
| #define HAVE_LIMITS_H 1
| #define HAVE_NETDB_H 1
| #define HAVE_STDDEF_H 1
| #define HAVE_STDINT_H 1
| #define HAVE_STDLIB_H 1
| #define HAVE_STRING_H 1
| #define HAVE_SYS_FILE_H 1
| #define HAVE_SYS_SOCKET_H 1
| #define HAVE_TERMIOS_H 1
| #define HAVE_UNISTD_H 1
| #define HAVE_UTMPX_H 1
| /* end confdefs.h.  */
| #include <stdio.h>
| #ifdef HAVE_SYS_TYPES_H
| # include <sys/types.h>
| #endif
| #ifdef HAVE_SYS_STAT_H
| # include <sys/stat.h>
| #endif
| #ifdef STDC_HEADERS
| # include <stdlib.h>
| # include <stddef.h>
| #else
| # ifdef HAVE_STDLIB_H
| #  include <stdlib.h>
| # endif
| #endif
| #ifdef HAVE_STRING_H
| # if !defined STDC_HEADERS && defined HAVE_MEMORY_H
| #  include <memory.h>
| # endif
| # include <string.h>
| #endif
| #ifdef HAVE_STRINGS_H
| # include <strings.h>
| #endif
| #ifdef HAVE_INTTYPES_H
| # include <inttypes.h>
| #endif
| #ifdef HAVE_STDINT_H
| # include <stdint.h>
| #endif
| #ifdef HAVE_UNISTD_H
| # include <unistd.h>
| #endif
| int
| main ()
| {
| if (sizeof ((_Bool)))
| 	    return 0;
|   ;
|   return 0;
| }
configure:13418: result: yes
configure:13429: checking for uid_t in sys/types.h
ERROR: ld.so: object 'libfakeroot-sysv.so' from LD_PRELOAD cannot be preloaded: ignored.
ERROR: ld.so: object 'libfakeroot-sysv.so' from LD_PRELOAD cannot be preloaded: ignored.
<command-line>:0:8: warning: missing terminating " character [enabled by default]
configure:13448: result: yes
configure:13459: checking for inline
configure:13475: mips-buildroot-linux-uclibc-gcc -mips32r2 -msoft-float -c -I/proj/mtk69551/tony/Git/netconf/tclinux_phoenix/apps/opensource/NETCONF_LIB/include -I/proj/mtk69551/tony/Git/netconf/tclinux_phoenix/apps/opensource/NETCONF_LIB/include/libxml2 -I/proj/mtk69551/tony/Git/netconf/tclinux_phoenix/apps/opensource/NETCONF_LIB/include/libxml2  -O3 -DNDEBUG -fvisibility=hidden -pthread  -DRCSID=\"$(IDGIT)\" -DDISABLE_LIBSSH -DDISABLE_URL -DDISABLE_VALIDATION conftest.c >&5
ERROR: ld.so: object 'libfakeroot-sysv.so' from LD_PRELOAD cannot be preloaded: ignored.
ERROR: ld.so: object 'libfakeroot-sysv.so' from LD_PRELOAD cannot be preloaded: ignored.
<command-line>:0:8: warning: missing terminating " character [enabled by default]
ERROR: ld.so: object 'libfakeroot-sysv.so' from LD_PRELOAD cannot be preloaded: ignored.
configure:13475: $? = 0
configure:13483: result: inline
configure:13501: checking for int32_t
configure:13501: mips-buildroot-linux-uclibc-gcc -mips32r2 -msoft-float -c -I/proj/mtk69551/tony/Git/netconf/tclinux_phoenix/apps/opensource/NETCONF_LIB/include -I/proj/mtk69551/tony/Git/netconf/tclinux_phoenix/apps/opensource/NETCONF_LIB/include/libxml2 -I/proj/mtk69551/tony/Git/netconf/tclinux_phoenix/apps/opensource/NETCONF_LIB/include/libxml2  -O3 -DNDEBUG -fvisibility=hidden -pthread  -DRCSID=\"$(IDGIT)\" -DDISABLE_LIBSSH -DDISABLE_URL -DDISABLE_VALIDATION conftest.c >&5
ERROR: ld.so: object 'libfakeroot-sysv.so' from LD_PRELOAD cannot be preloaded: ignored.
ERROR: ld.so: object 'libfakeroot-sysv.so' from LD_PRELOAD cannot be preloaded: ignored.
<command-line>:0:8: warning: missing terminating " character [enabled by default]
ERROR: ld.so: object 'libfakeroot-sysv.so' from LD_PRELOAD cannot be preloaded: ignored.
configure:13501: $? = 0
configure:13501: mips-buildroot-linux-uclibc-gcc -mips32r2 -msoft-float -c -I/proj/mtk69551/tony/Git/netconf/tclinux_phoenix/apps/opensource/NETCONF_LIB/include -I/proj/mtk69551/tony/Git/netconf/tclinux_phoenix/apps/opensource/NETCONF_LIB/include/libxml2 -I/proj/mtk69551/tony/Git/netconf/tclinux_phoenix/apps/opensource/NETCONF_LIB/include/libxml2  -O3 -DNDEBUG -fvisibility=hidden -pthread  -DRCSID=\"$(IDGIT)\" -DDISABLE_LIBSSH -DDISABLE_URL -DDISABLE_VALIDATION conftest.c >&5
ERROR: ld.so: object 'libfakeroot-sysv.so' from LD_PRELOAD cannot be preloaded: ignored.
ERROR: ld.so: object 'libfakeroot-sysv.so' from LD_PRELOAD cannot be preloaded: ignored.
<command-line>:0:8: warning: missing terminating " character [enabled by default]
conftest.c: In function 'main':
conftest.c:76:53: warning: integer overflow in expression [-Woverflow]
conftest.c:75:12: error: size of array 'test_array' is negative
conftest.c:75:12: error: storage size of 'test_array' isn't constant
configure:13501: $? = 1
configure: failed program was:
| /* confdefs.h */
| #define PACKAGE_NAME "libnetconf"
| #define PACKAGE_TARNAME "libnetconf"
| #define PACKAGE_VERSION "0.10.0"
| #define PACKAGE_STRING "libnetconf 0.10.0"
| #define PACKAGE_BUGREPORT ""
| #define PACKAGE_URL ""
| #define STDC_HEADERS 1
| #define HAVE_SYS_TYPES_H 1
| #define HAVE_SYS_STAT_H 1
| #define HAVE_STDLIB_H 1
| #define HAVE_STRING_H 1
| #define HAVE_MEMORY_H 1
| #define HAVE_STRINGS_H 1
| #define HAVE_INTTYPES_H 1
| #define HAVE_STDINT_H 1
| #define HAVE_UNISTD_H 1
| #define HAVE_DLFCN_H 1
| #define LT_OBJDIR ".libs/"
| #define HAVE_LIBXSLT 1
| #define HAVE_LIBXSLT_TRANSFORM_H 1
| #define HAVE_LIBXSLT_XSLTINTERNALS_H 1
| #define HAVE_PTHREAD_H 1
| #define HAVE_FCNTL_H 1
| #define HAVE_LIMITS_H 1
| #define HAVE_NETDB_H 1
| #define HAVE_STDDEF_H 1
| #define HAVE_STDINT_H 1
| #define HAVE_STDLIB_H 1
| #define HAVE_STRING_H 1
| #define HAVE_SYS_FILE_H 1
| #define HAVE_SYS_SOCKET_H 1
| #define HAVE_TERMIOS_H 1
| #define HAVE_UNISTD_H 1
| #define HAVE_UTMPX_H 1
| #define HAVE__BOOL 1
| /* end confdefs.h.  */
| #include <stdio.h>
| #ifdef HAVE_SYS_TYPES_H
| # include <sys/types.h>
| #endif
| #ifdef HAVE_SYS_STAT_H
| # include <sys/stat.h>
| #endif
| #ifdef STDC_HEADERS
| # include <stdlib.h>
| # include <stddef.h>
| #else
| # ifdef HAVE_STDLIB_H
| #  include <stdlib.h>
| # endif
| #endif
| #ifdef HAVE_STRING_H
| # if !defined STDC_HEADERS && defined HAVE_MEMORY_H
| #  include <memory.h>
| # endif
| # include <string.h>
| #endif
| #ifdef HAVE_STRINGS_H
| # include <strings.h>
| #endif
| #ifdef HAVE_INTTYPES_H
| # include <inttypes.h>
| #endif
| #ifdef HAVE_STDINT_H
| # include <stdint.h>
| #endif
| #ifdef HAVE_UNISTD_H
| # include <unistd.h>
| #endif
| 	        enum { N = 32 / 2 - 1 };
| int
| main ()
| {
| static int test_array [1 - 2 * !((int32_t) (((((int32_t) 1 << N) << N) - 1) * 2 + 1)
| 		 < (int32_t) (((((int32_t) 1 << N) << N) - 1) * 2 + 2))];
| test_array [0] = 0;
| return test_array [0];
| 
|   ;
|   return 0;
| }
configure:13501: result: yes
configure:13512: checking for mode_t
configure:13512: mips-buildroot-linux-uclibc-gcc -mips32r2 -msoft-float -c -I/proj/mtk69551/tony/Git/netconf/tclinux_phoenix/apps/opensource/NETCONF_LIB/include -I/proj/mtk69551/tony/Git/netconf/tclinux_phoenix/apps/opensource/NETCONF_LIB/include/libxml2 -I/proj/mtk69551/tony/Git/netconf/tclinux_phoenix/apps/opensource/NETCONF_LIB/include/libxml2  -O3 -DNDEBUG -fvisibility=hidden -pthread  -DRCSID=\"$(IDGIT)\" -DDISABLE_LIBSSH -DDISABLE_URL -DDISABLE_VALIDATION conftest.c >&5
ERROR: ld.so: object 'libfakeroot-sysv.so' from LD_PRELOAD cannot be preloaded: ignored.
ERROR: ld.so: object 'libfakeroot-sysv.so' from LD_PRELOAD cannot be preloaded: ignored.
<command-line>:0:8: warning: missing terminating " character [enabled by default]
ERROR: ld.so: object 'libfakeroot-sysv.so' from LD_PRELOAD cannot be preloaded: ignored.
configure:13512: $? = 0
configure:13512: mips-buildroot-linux-uclibc-gcc -mips32r2 -msoft-float -c -I/proj/mtk69551/tony/Git/netconf/tclinux_phoenix/apps/opensource/NETCONF_LIB/include -I/proj/mtk69551/tony/Git/netconf/tclinux_phoenix/apps/opensource/NETCONF_LIB/include/libxml2 -I/proj/mtk69551/tony/Git/netconf/tclinux_phoenix/apps/opensource/NETCONF_LIB/include/libxml2  -O3 -DNDEBUG -fvisibility=hidden -pthread  -DRCSID=\"$(IDGIT)\" -DDISABLE_LIBSSH -DDISABLE_URL -DDISABLE_VALIDATION conftest.c >&5
ERROR: ld.so: object 'libfakeroot-sysv.so' from LD_PRELOAD cannot be preloaded: ignored.
ERROR: ld.so: object 'libfakeroot-sysv.so' from LD_PRELOAD cannot be preloaded: ignored.
<command-line>:0:8: warning: missing terminating " character [enabled by default]
conftest.c: In function 'main':
conftest.c:74:21: error: expected expression before ')' token
configure:13512: $? = 1
configure: failed program was:
| /* confdefs.h */
| #define PACKAGE_NAME "libnetconf"
| #define PACKAGE_TARNAME "libnetconf"
| #define PACKAGE_VERSION "0.10.0"
| #define PACKAGE_STRING "libnetconf 0.10.0"
| #define PACKAGE_BUGREPORT ""
| #define PACKAGE_URL ""
| #define STDC_HEADERS 1
| #define HAVE_SYS_TYPES_H 1
| #define HAVE_SYS_STAT_H 1
| #define HAVE_STDLIB_H 1
| #define HAVE_STRING_H 1
| #define HAVE_MEMORY_H 1
| #define HAVE_STRINGS_H 1
| #define HAVE_INTTYPES_H 1
| #define HAVE_STDINT_H 1
| #define HAVE_UNISTD_H 1
| #define HAVE_DLFCN_H 1
| #define LT_OBJDIR ".libs/"
| #define HAVE_LIBXSLT 1
| #define HAVE_LIBXSLT_TRANSFORM_H 1
| #define HAVE_LIBXSLT_XSLTINTERNALS_H 1
| #define HAVE_PTHREAD_H 1
| #define HAVE_FCNTL_H 1
| #define HAVE_LIMITS_H 1
| #define HAVE_NETDB_H 1
| #define HAVE_STDDEF_H 1
| #define HAVE_STDINT_H 1
| #define HAVE_STDLIB_H 1
| #define HAVE_STRING_H 1
| #define HAVE_SYS_FILE_H 1
| #define HAVE_SYS_SOCKET_H 1
| #define HAVE_TERMIOS_H 1
| #define HAVE_UNISTD_H 1
| #define HAVE_UTMPX_H 1
| #define HAVE__BOOL 1
| /* end confdefs.h.  */
| #include <stdio.h>
| #ifdef HAVE_SYS_TYPES_H
| # include <sys/types.h>
| #endif
| #ifdef HAVE_SYS_STAT_H
| # include <sys/stat.h>
| #endif
| #ifdef STDC_HEADERS
| # include <stdlib.h>
| # include <stddef.h>
| #else
| # ifdef HAVE_STDLIB_H
| #  include <stdlib.h>
| # endif
| #endif
| #ifdef HAVE_STRING_H
| # if !defined STDC_HEADERS && defined HAVE_MEMORY_H
| #  include <memory.h>
| # endif
| # include <string.h>
| #endif
| #ifdef HAVE_STRINGS_H
| # include <strings.h>
| #endif
| #ifdef HAVE_INTTYPES_H
| # include <inttypes.h>
| #endif
| #ifdef HAVE_STDINT_H
| # include <stdint.h>
| #endif
| #ifdef HAVE_UNISTD_H
| # include <unistd.h>
| #endif
| int
| main ()
| {
| if (sizeof ((mode_t)))
| 	    return 0;
|   ;
|   return 0;
| }
configure:13512: result: yes
configure:13523: checking for off_t
configure:13523: mips-buildroot-linux-uclibc-gcc -mips32r2 -msoft-float -c -I/proj/mtk69551/tony/Git/netconf/tclinux_phoenix/apps/opensource/NETCONF_LIB/include -I/proj/mtk69551/tony/Git/netconf/tclinux_phoenix/apps/opensource/NETCONF_LIB/include/libxml2 -I/proj/mtk69551/tony/Git/netconf/tclinux_phoenix/apps/opensource/NETCONF_LIB/include/libxml2  -O3 -DNDEBUG -fvisibility=hidden -pthread  -DRCSID=\"$(IDGIT)\" -DDISABLE_LIBSSH -DDISABLE_URL -DDISABLE_VALIDATION conftest.c >&5
ERROR: ld.so: object 'libfakeroot-sysv.so' from LD_PRELOAD cannot be preloaded: ignored.
ERROR: ld.so: object 'libfakeroot-sysv.so' from LD_PRELOAD cannot be preloaded: ignored.
<command-line>:0:8: warning: missing terminating " character [enabled by default]
ERROR: ld.so: object 'libfakeroot-sysv.so' from LD_PRELOAD cannot be preloaded: ignored.
configure:13523: $? = 0
configure:13523: mips-buildroot-linux-uclibc-gcc -mips32r2 -msoft-float -c -I/proj/mtk69551/tony/Git/netconf/tclinux_phoenix/apps/opensource/NETCONF_LIB/include -I/proj/mtk69551/tony/Git/netconf/tclinux_phoenix/apps/opensource/NETCONF_LIB/include/libxml2 -I/proj/mtk69551/tony/Git/netconf/tclinux_phoenix/apps/opensource/NETCONF_LIB/include/libxml2  -O3 -DNDEBUG -fvisibility=hidden -pthread  -DRCSID=\"$(IDGIT)\" -DDISABLE_LIBSSH -DDISABLE_URL -DDISABLE_VALIDATION conftest.c >&5
ERROR: ld.so: object 'libfakeroot-sysv.so' from LD_PRELOAD cannot be preloaded: ignored.
ERROR: ld.so: object 'libfakeroot-sysv.so' from LD_PRELOAD cannot be preloaded: ignored.
<command-line>:0:8: warning: missing terminating " character [enabled by default]
conftest.c: In function 'main':
conftest.c:74:20: error: expected expression before ')' token
configure:13523: $? = 1
configure: failed program was:
| /* confdefs.h */
| #define PACKAGE_NAME "libnetconf"
| #define PACKAGE_TARNAME "libnetconf"
| #define PACKAGE_VERSION "0.10.0"
| #define PACKAGE_STRING "libnetconf 0.10.0"
| #define PACKAGE_BUGREPORT ""
| #define PACKAGE_URL ""
| #define STDC_HEADERS 1
| #define HAVE_SYS_TYPES_H 1
| #define HAVE_SYS_STAT_H 1
| #define HAVE_STDLIB_H 1
| #define HAVE_STRING_H 1
| #define HAVE_MEMORY_H 1
| #define HAVE_STRINGS_H 1
| #define HAVE_INTTYPES_H 1
| #define HAVE_STDINT_H 1
| #define HAVE_UNISTD_H 1
| #define HAVE_DLFCN_H 1
| #define LT_OBJDIR ".libs/"
| #define HAVE_LIBXSLT 1
| #define HAVE_LIBXSLT_TRANSFORM_H 1
| #define HAVE_LIBXSLT_XSLTINTERNALS_H 1
| #define HAVE_PTHREAD_H 1
| #define HAVE_FCNTL_H 1
| #define HAVE_LIMITS_H 1
| #define HAVE_NETDB_H 1
| #define HAVE_STDDEF_H 1
| #define HAVE_STDINT_H 1
| #define HAVE_STDLIB_H 1
| #define HAVE_STRING_H 1
| #define HAVE_SYS_FILE_H 1
| #define HAVE_SYS_SOCKET_H 1
| #define HAVE_TERMIOS_H 1
| #define HAVE_UNISTD_H 1
| #define HAVE_UTMPX_H 1
| #define HAVE__BOOL 1
| /* end confdefs.h.  */
| #include <stdio.h>
| #ifdef HAVE_SYS_TYPES_H
| # include <sys/types.h>
| #endif
| #ifdef HAVE_SYS_STAT_H
| # include <sys/stat.h>
| #endif
| #ifdef STDC_HEADERS
| # include <stdlib.h>
| # include <stddef.h>
| #else
| # ifdef HAVE_STDLIB_H
| #  include <stdlib.h>
| # endif
| #endif
| #ifdef HAVE_STRING_H
| # if !defined STDC_HEADERS && defined HAVE_MEMORY_H
| #  include <memory.h>
| # endif
| # include <string.h>
| #endif
| #ifdef HAVE_STRINGS_H
| # include <strings.h>
| #endif
| #ifdef HAVE_INTTYPES_H
| # include <inttypes.h>
| #endif
| #ifdef HAVE_STDINT_H
| # include <stdint.h>
| #endif
| #ifdef HAVE_UNISTD_H
| # include <unistd.h>
| #endif
| int
| main ()
| {
| if (sizeof ((off_t)))
| 	    return 0;
|   ;
|   return 0;
| }
configure:13523: result: yes
configure:13534: checking for pid_t
configure:13534: mips-buildroot-linux-uclibc-gcc -mips32r2 -msoft-float -c -I/proj/mtk69551/tony/Git/netconf/tclinux_phoenix/apps/opensource/NETCONF_LIB/include -I/proj/mtk69551/tony/Git/netconf/tclinux_phoenix/apps/opensource/NETCONF_LIB/include/libxml2 -I/proj/mtk69551/tony/Git/netconf/tclinux_phoenix/apps/opensource/NETCONF_LIB/include/libxml2  -O3 -DNDEBUG -fvisibility=hidden -pthread  -DRCSID=\"$(IDGIT)\" -DDISABLE_LIBSSH -DDISABLE_URL -DDISABLE_VALIDATION conftest.c >&5
ERROR: ld.so: object 'libfakeroot-sysv.so' from LD_PRELOAD cannot be preloaded: ignored.
ERROR: ld.so: object 'libfakeroot-sysv.so' from LD_PRELOAD cannot be preloaded: ignored.
<command-line>:0:8: warning: missing terminating " character [enabled by default]
ERROR: ld.so: object 'libfakeroot-sysv.so' from LD_PRELOAD cannot be preloaded: ignored.
configure:13534: $? = 0
configure:13534: mips-buildroot-linux-uclibc-gcc -mips32r2 -msoft-float -c -I/proj/mtk69551/tony/Git/netconf/tclinux_phoenix/apps/opensource/NETCONF_LIB/include -I/proj/mtk69551/tony/Git/netconf/tclinux_phoenix/apps/opensource/NETCONF_LIB/include/libxml2 -I/proj/mtk69551/tony/Git/netconf/tclinux_phoenix/apps/opensource/NETCONF_LIB/include/libxml2  -O3 -DNDEBUG -fvisibility=hidden -pthread  -DRCSID=\"$(IDGIT)\" -DDISABLE_LIBSSH -DDISABLE_URL -DDISABLE_VALIDATION conftest.c >&5
ERROR: ld.so: object 'libfakeroot-sysv.so' from LD_PRELOAD cannot be preloaded: ignored.
ERROR: ld.so: object 'libfakeroot-sysv.so' from LD_PRELOAD cannot be preloaded: ignored.
<command-line>:0:8: warning: missing terminating " character [enabled by default]
conftest.c: In function 'main':
conftest.c:74:20: error: expected expression before ')' token
configure:13534: $? = 1
configure: failed program was:
| /* confdefs.h */
| #define PACKAGE_NAME "libnetconf"
| #define PACKAGE_TARNAME "libnetconf"
| #define PACKAGE_VERSION "0.10.0"
| #define PACKAGE_STRING "libnetconf 0.10.0"
| #define PACKAGE_BUGREPORT ""
| #define PACKAGE_URL ""
| #define STDC_HEADERS 1
| #define HAVE_SYS_TYPES_H 1
| #define HAVE_SYS_STAT_H 1
| #define HAVE_STDLIB_H 1
| #define HAVE_STRING_H 1
| #define HAVE_MEMORY_H 1
| #define HAVE_STRINGS_H 1
| #define HAVE_INTTYPES_H 1
| #define HAVE_STDINT_H 1
| #define HAVE_UNISTD_H 1
| #define HAVE_DLFCN_H 1
| #define LT_OBJDIR ".libs/"
| #define HAVE_LIBXSLT 1
| #define HAVE_LIBXSLT_TRANSFORM_H 1
| #define HAVE_LIBXSLT_XSLTINTERNALS_H 1
| #define HAVE_PTHREAD_H 1
| #define HAVE_FCNTL_H 1
| #define HAVE_LIMITS_H 1
| #define HAVE_NETDB_H 1
| #define HAVE_STDDEF_H 1
| #define HAVE_STDINT_H 1
| #define HAVE_STDLIB_H 1
| #define HAVE_STRING_H 1
| #define HAVE_SYS_FILE_H 1
| #define HAVE_SYS_SOCKET_H 1
| #define HAVE_TERMIOS_H 1
| #define HAVE_UNISTD_H 1
| #define HAVE_UTMPX_H 1
| #define HAVE__BOOL 1
| /* end confdefs.h.  */
| #include <stdio.h>
| #ifdef HAVE_SYS_TYPES_H
| # include <sys/types.h>
| #endif
| #ifdef HAVE_SYS_STAT_H
| # include <sys/stat.h>
| #endif
| #ifdef STDC_HEADERS
| # include <stdlib.h>
| # include <stddef.h>
| #else
| # ifdef HAVE_STDLIB_H
| #  include <stdlib.h>
| # endif
| #endif
| #ifdef HAVE_STRING_H
| # if !defined STDC_HEADERS && defined HAVE_MEMORY_H
| #  include <memory.h>
| # endif
| # include <string.h>
| #endif
| #ifdef HAVE_STRINGS_H
| # include <strings.h>
| #endif
| #ifdef HAVE_INTTYPES_H
| # include <inttypes.h>
| #endif
| #ifdef HAVE_STDINT_H
| # include <stdint.h>
| #endif
| #ifdef HAVE_UNISTD_H
| # include <unistd.h>
| #endif
| int
| main ()
| {
| if (sizeof ((pid_t)))
| 	    return 0;
|   ;
|   return 0;
| }
configure:13534: result: yes
configure:13545: checking for size_t
configure:13545: mips-buildroot-linux-uclibc-gcc -mips32r2 -msoft-float -c -I/proj/mtk69551/tony/Git/netconf/tclinux_phoenix/apps/opensource/NETCONF_LIB/include -I/proj/mtk69551/tony/Git/netconf/tclinux_phoenix/apps/opensource/NETCONF_LIB/include/libxml2 -I/proj/mtk69551/tony/Git/netconf/tclinux_phoenix/apps/opensource/NETCONF_LIB/include/libxml2  -O3 -DNDEBUG -fvisibility=hidden -pthread  -DRCSID=\"$(IDGIT)\" -DDISABLE_LIBSSH -DDISABLE_URL -DDISABLE_VALIDATION conftest.c >&5
ERROR: ld.so: object 'libfakeroot-sysv.so' from LD_PRELOAD cannot be preloaded: ignored.
ERROR: ld.so: object 'libfakeroot-sysv.so' from LD_PRELOAD cannot be preloaded: ignored.
<command-line>:0:8: warning: missing terminating " character [enabled by default]
ERROR: ld.so: object 'libfakeroot-sysv.so' from LD_PRELOAD cannot be preloaded: ignored.
configure:13545: $? = 0
configure:13545: mips-buildroot-linux-uclibc-gcc -mips32r2 -msoft-float -c -I/proj/mtk69551/tony/Git/netconf/tclinux_phoenix/apps/opensource/NETCONF_LIB/include -I/proj/mtk69551/tony/Git/netconf/tclinux_phoenix/apps/opensource/NETCONF_LIB/include/libxml2 -I/proj/mtk69551/tony/Git/netconf/tclinux_phoenix/apps/opensource/NETCONF_LIB/include/libxml2  -O3 -DNDEBUG -fvisibility=hidden -pthread  -DRCSID=\"$(IDGIT)\" -DDISABLE_LIBSSH -DDISABLE_URL -DDISABLE_VALIDATION conftest.c >&5
ERROR: ld.so: object 'libfakeroot-sysv.so' from LD_PRELOAD cannot be preloaded: ignored.
ERROR: ld.so: object 'libfakeroot-sysv.so' from LD_PRELOAD cannot be preloaded: ignored.
<command-line>:0:8: warning: missing terminating " character [enabled by default]
conftest.c: In function 'main':
conftest.c:74:21: error: expected expression before ')' token
configure:13545: $? = 1
configure: failed program was:
| /* confdefs.h */
| #define PACKAGE_NAME "libnetconf"
| #define PACKAGE_TARNAME "libnetconf"
| #define PACKAGE_VERSION "0.10.0"
| #define PACKAGE_STRING "libnetconf 0.10.0"
| #define PACKAGE_BUGREPORT ""
| #define PACKAGE_URL ""
| #define STDC_HEADERS 1
| #define HAVE_SYS_TYPES_H 1
| #define HAVE_SYS_STAT_H 1
| #define HAVE_STDLIB_H 1
| #define HAVE_STRING_H 1
| #define HAVE_MEMORY_H 1
| #define HAVE_STRINGS_H 1
| #define HAVE_INTTYPES_H 1
| #define HAVE_STDINT_H 1
| #define HAVE_UNISTD_H 1
| #define HAVE_DLFCN_H 1
| #define LT_OBJDIR ".libs/"
| #define HAVE_LIBXSLT 1
| #define HAVE_LIBXSLT_TRANSFORM_H 1
| #define HAVE_LIBXSLT_XSLTINTERNALS_H 1
| #define HAVE_PTHREAD_H 1
| #define HAVE_FCNTL_H 1
| #define HAVE_LIMITS_H 1
| #define HAVE_NETDB_H 1
| #define HAVE_STDDEF_H 1
| #define HAVE_STDINT_H 1
| #define HAVE_STDLIB_H 1
| #define HAVE_STRING_H 1
| #define HAVE_SYS_FILE_H 1
| #define HAVE_SYS_SOCKET_H 1
| #define HAVE_TERMIOS_H 1
| #define HAVE_UNISTD_H 1
| #define HAVE_UTMPX_H 1
| #define HAVE__BOOL 1
| /* end confdefs.h.  */
| #include <stdio.h>
| #ifdef HAVE_SYS_TYPES_H
| # include <sys/types.h>
| #endif
| #ifdef HAVE_SYS_STAT_H
| # include <sys/stat.h>
| #endif
| #ifdef STDC_HEADERS
| # include <stdlib.h>
| # include <stddef.h>
| #else
| # ifdef HAVE_STDLIB_H
| #  include <stdlib.h>
| # endif
| #endif
| #ifdef HAVE_STRING_H
| # if !defined STDC_HEADERS && defined HAVE_MEMORY_H
| #  include <memory.h>
| # endif
| # include <string.h>
| #endif
| #ifdef HAVE_STRINGS_H
| # include <strings.h>
| #endif
| #ifdef HAVE_INTTYPES_H
| # include <inttypes.h>
| #endif
| #ifdef HAVE_STDINT_H
| # include <stdint.h>
| #endif
| #ifdef HAVE_UNISTD_H
| # include <unistd.h>
| #endif
| int
| main ()
| {
| if (sizeof ((size_t)))
| 	    return 0;
|   ;
|   return 0;
| }
configure:13545: result: yes
configure:13556: checking for ssize_t
configure:13556: mips-buildroot-linux-uclibc-gcc -mips32r2 -msoft-float -c -I/proj/mtk69551/tony/Git/netconf/tclinux_phoenix/apps/opensource/NETCONF_LIB/include -I/proj/mtk69551/tony/Git/netconf/tclinux_phoenix/apps/opensource/NETCONF_LIB/include/libxml2 -I/proj/mtk69551/tony/Git/netconf/tclinux_phoenix/apps/opensource/NETCONF_LIB/include/libxml2  -O3 -DNDEBUG -fvisibility=hidden -pthread  -DRCSID=\"$(IDGIT)\" -DDISABLE_LIBSSH -DDISABLE_URL -DDISABLE_VALIDATION conftest.c >&5
ERROR: ld.so: object 'libfakeroot-sysv.so' from LD_PRELOAD cannot be preloaded: ignored.
ERROR: ld.so: object 'libfakeroot-sysv.so' from LD_PRELOAD cannot be preloaded: ignored.
<command-line>:0:8: warning: missing terminating " character [enabled by default]
ERROR: ld.so: object 'libfakeroot-sysv.so' from LD_PRELOAD cannot be preloaded: ignored.
configure:13556: $? = 0
configure:13556: mips-buildroot-linux-uclibc-gcc -mips32r2 -msoft-float -c -I/proj/mtk69551/tony/Git/netconf/tclinux_phoenix/apps/opensource/NETCONF_LIB/include -I/proj/mtk69551/tony/Git/netconf/tclinux_phoenix/apps/opensource/NETCONF_LIB/include/libxml2 -I/proj/mtk69551/tony/Git/netconf/tclinux_phoenix/apps/opensource/NETCONF_LIB/include/libxml2  -O3 -DNDEBUG -fvisibility=hidden -pthread  -DRCSID=\"$(IDGIT)\" -DDISABLE_LIBSSH -DDISABLE_URL -DDISABLE_VALIDATION conftest.c >&5
ERROR: ld.so: object 'libfakeroot-sysv.so' from LD_PRELOAD cannot be preloaded: ignored.
ERROR: ld.so: object 'libfakeroot-sysv.so' from LD_PRELOAD cannot be preloaded: ignored.
<command-line>:0:8: warning: missing terminating " character [enabled by default]
conftest.c: In function 'main':
conftest.c:74:22: error: expected expression before ')' token
configure:13556: $? = 1
configure: failed program was:
| /* confdefs.h */
| #define PACKAGE_NAME "libnetconf"
| #define PACKAGE_TARNAME "libnetconf"
| #define PACKAGE_VERSION "0.10.0"
| #define PACKAGE_STRING "libnetconf 0.10.0"
| #define PACKAGE_BUGREPORT ""
| #define PACKAGE_URL ""
| #define STDC_HEADERS 1
| #define HAVE_SYS_TYPES_H 1
| #define HAVE_SYS_STAT_H 1
| #define HAVE_STDLIB_H 1
| #define HAVE_STRING_H 1
| #define HAVE_MEMORY_H 1
| #define HAVE_STRINGS_H 1
| #define HAVE_INTTYPES_H 1
| #define HAVE_STDINT_H 1
| #define HAVE_UNISTD_H 1
| #define HAVE_DLFCN_H 1
| #define LT_OBJDIR ".libs/"
| #define HAVE_LIBXSLT 1
| #define HAVE_LIBXSLT_TRANSFORM_H 1
| #define HAVE_LIBXSLT_XSLTINTERNALS_H 1
| #define HAVE_PTHREAD_H 1
| #define HAVE_FCNTL_H 1
| #define HAVE_LIMITS_H 1
| #define HAVE_NETDB_H 1
| #define HAVE_STDDEF_H 1
| #define HAVE_STDINT_H 1
| #define HAVE_STDLIB_H 1
| #define HAVE_STRING_H 1
| #define HAVE_SYS_FILE_H 1
| #define HAVE_SYS_SOCKET_H 1
| #define HAVE_TERMIOS_H 1
| #define HAVE_UNISTD_H 1
| #define HAVE_UTMPX_H 1
| #define HAVE__BOOL 1
| /* end confdefs.h.  */
| #include <stdio.h>
| #ifdef HAVE_SYS_TYPES_H
| # include <sys/types.h>
| #endif
| #ifdef HAVE_SYS_STAT_H
| # include <sys/stat.h>
| #endif
| #ifdef STDC_HEADERS
| # include <stdlib.h>
| # include <stddef.h>
| #else
| # ifdef HAVE_STDLIB_H
| #  include <stdlib.h>
| # endif
| #endif
| #ifdef HAVE_STRING_H
| # if !defined STDC_HEADERS && defined HAVE_MEMORY_H
| #  include <memory.h>
| # endif
| # include <string.h>
| #endif
| #ifdef HAVE_STRINGS_H
| # include <strings.h>
| #endif
| #ifdef HAVE_INTTYPES_H
| # include <inttypes.h>
| #endif
| #ifdef HAVE_STDINT_H
| # include <stdint.h>
| #endif
| #ifdef HAVE_UNISTD_H
| # include <unistd.h>
| #endif
| int
| main ()
| {
| if (sizeof ((ssize_t)))
| 	    return 0;
|   ;
|   return 0;
| }
configure:13556: result: yes
configure:13567: checking for uint8_t
configure:13567: mips-buildroot-linux-uclibc-gcc -mips32r2 -msoft-float -c -I/proj/mtk69551/tony/Git/netconf/tclinux_phoenix/apps/opensource/NETCONF_LIB/include -I/proj/mtk69551/tony/Git/netconf/tclinux_phoenix/apps/opensource/NETCONF_LIB/include/libxml2 -I/proj/mtk69551/tony/Git/netconf/tclinux_phoenix/apps/opensource/NETCONF_LIB/include/libxml2  -O3 -DNDEBUG -fvisibility=hidden -pthread  -DRCSID=\"$(IDGIT)\" -DDISABLE_LIBSSH -DDISABLE_URL -DDISABLE_VALIDATION conftest.c >&5
ERROR: ld.so: object 'libfakeroot-sysv.so' from LD_PRELOAD cannot be preloaded: ignored.
ERROR: ld.so: object 'libfakeroot-sysv.so' from LD_PRELOAD cannot be preloaded: ignored.
<command-line>:0:8: warning: missing terminating " character [enabled by default]
ERROR: ld.so: object 'libfakeroot-sysv.so' from LD_PRELOAD cannot be preloaded: ignored.
configure:13567: $? = 0
configure:13567: result: yes
configure:13581: checking for uint16_t
configure:13581: mips-buildroot-linux-uclibc-gcc -mips32r2 -msoft-float -c -I/proj/mtk69551/tony/Git/netconf/tclinux_phoenix/apps/opensource/NETCONF_LIB/include -I/proj/mtk69551/tony/Git/netconf/tclinux_phoenix/apps/opensource/NETCONF_LIB/include/libxml2 -I/proj/mtk69551/tony/Git/netconf/tclinux_phoenix/apps/opensource/NETCONF_LIB/include/libxml2  -O3 -DNDEBUG -fvisibility=hidden -pthread  -DRCSID=\"$(IDGIT)\" -DDISABLE_LIBSSH -DDISABLE_URL -DDISABLE_VALIDATION conftest.c >&5
ERROR: ld.so: object 'libfakeroot-sysv.so' from LD_PRELOAD cannot be preloaded: ignored.
ERROR: ld.so: object 'libfakeroot-sysv.so' from LD_PRELOAD cannot be preloaded: ignored.
<command-line>:0:8: warning: missing terminating " character [enabled by default]
ERROR: ld.so: object 'libfakeroot-sysv.so' from LD_PRELOAD cannot be preloaded: ignored.
configure:13581: $? = 0
configure:13581: result: yes
configure:13593: checking for uint64_t
configure:13593: mips-buildroot-linux-uclibc-gcc -mips32r2 -msoft-float -c -I/proj/mtk69551/tony/Git/netconf/tclinux_phoenix/apps/opensource/NETCONF_LIB/include -I/proj/mtk69551/tony/Git/netconf/tclinux_phoenix/apps/opensource/NETCONF_LIB/include/libxml2 -I/proj/mtk69551/tony/Git/netconf/tclinux_phoenix/apps/opensource/NETCONF_LIB/include/libxml2  -O3 -DNDEBUG -fvisibility=hidden -pthread  -DRCSID=\"$(IDGIT)\" -DDISABLE_LIBSSH -DDISABLE_URL -DDISABLE_VALIDATION conftest.c >&5
ERROR: ld.so: object 'libfakeroot-sysv.so' from LD_PRELOAD cannot be preloaded: ignored.
ERROR: ld.so: object 'libfakeroot-sysv.so' from LD_PRELOAD cannot be preloaded: ignored.
<command-line>:0:8: warning: missing terminating " character [enabled by default]
ERROR: ld.so: object 'libfakeroot-sysv.so' from LD_PRELOAD cannot be preloaded: ignored.
configure:13593: $? = 0
configure:13593: result: yes
configure:13609: checking type of array argument to getgroups
ERROR: ld.so: object 'libfakeroot-sysv.so' from LD_PRELOAD cannot be preloaded: ignored.
ERROR: ld.so: object 'libfakeroot-sysv.so' from LD_PRELOAD cannot be preloaded: ignored.
<command-line>:0:8: warning: missing terminating " character [enabled by default]
configure:13668: result: gid_t
configure:13676: checking for getgroups
configure:13676: mips-buildroot-linux-uclibc-gcc -mips32r2 -msoft-float -o conftest -I/proj/mtk69551/tony/Git/netconf/tclinux_phoenix/apps/opensource/NETCONF_LIB/include -I/proj/mtk69551/tony/Git/netconf/tclinux_phoenix/apps/opensource/NETCONF_LIB/include/libxml2 -I/proj/mtk69551/tony/Git/netconf/tclinux_phoenix/apps/opensource/NETCONF_LIB/include/libxml2  -O3 -DNDEBUG -fvisibility=hidden -pthread  -DRCSID=\"$(IDGIT)\" -DDISABLE_LIBSSH -DDISABLE_URL -DDISABLE_VALIDATION  conftest.c  -lxslt -L/proj/mtk69551/tony/Git/netconf/tclinux_phoenix/apps/opensource/NETCONF_LIB/lib -L/proj/mtk69551/tony/Git/netconf/tclinux_phoenix/apps/opensource/libxml2-2.9.5 -lxslt -lxml2 -ldl -lm -L/proj/mtk69551/tony/Git/netconf/tclinux_phoenix/apps/opensource/NETCONF_LIB/lib -lxml2 -lm -ldl  -ldl -lutil >&5
ERROR: ld.so: object 'libfakeroot-sysv.so' from LD_PRELOAD cannot be preloaded: ignored.
ERROR: ld.so: object 'libfakeroot-sysv.so' from LD_PRELOAD cannot be preloaded: ignored.
<command-line>:0:8: warning: missing terminating " character [enabled by default]
ERROR: ld.so: object 'libfakeroot-sysv.so' from LD_PRELOAD cannot be preloaded: ignored.
ERROR: ld.so: object 'libfakeroot-sysv.so' from LD_PRELOAD cannot be preloaded: ignored.
ERROR: ld.so: object 'libfakeroot-sysv.so' from LD_PRELOAD cannot be preloaded: ignored.
/proj/mtk69551/tony/Git/netconf/tclinux_phoenix/apps/opensource/NETCONF_LIB/lib/libxml2.so: warning: gethostbyname is obsolescent, use getnameinfo() instead.
configure:13676: $? = 0
configure:13676: result: yes
configure:13731: checking for working getgroups
configure:13762: result: no
configure:13776: checking for stdlib.h
configure:13776: result: yes
configure:13786: checking for GNU libc compatible malloc
configure:13820: result: no
configure:13847: checking for stdlib.h
configure:13847: result: yes
configure:13847: checking for unistd.h
configure:13847: result: yes
configure:13847: checking for sys/param.h
configure:13847: mips-buildroot-linux-uclibc-gcc -mips32r2 -msoft-float -c -I/proj/mtk69551/tony/Git/netconf/tclinux_phoenix/apps/opensource/NETCONF_LIB/include -I/proj/mtk69551/tony/Git/netconf/tclinux_phoenix/apps/opensource/NETCONF_LIB/include/libxml2 -I/proj/mtk69551/tony/Git/netconf/tclinux_phoenix/apps/opensource/NETCONF_LIB/include/libxml2  -O3 -DNDEBUG -fvisibility=hidden -pthread  -DRCSID=\"$(IDGIT)\" -DDISABLE_LIBSSH -DDISABLE_URL -DDISABLE_VALIDATION conftest.c >&5
ERROR: ld.so: object 'libfakeroot-sysv.so' from LD_PRELOAD cannot be preloaded: ignored.
ERROR: ld.so: object 'libfakeroot-sysv.so' from LD_PRELOAD cannot be preloaded: ignored.
<command-line>:0:8: warning: missing terminating " character [enabled by default]
ERROR: ld.so: object 'libfakeroot-sysv.so' from LD_PRELOAD cannot be preloaded: ignored.
configure:13847: $? = 0
configure:13847: result: yes
configure:13867: checking for getpagesize
configure:13867: mips-buildroot-linux-uclibc-gcc -mips32r2 -msoft-float -o conftest -I/proj/mtk69551/tony/Git/netconf/tclinux_phoenix/apps/opensource/NETCONF_LIB/include -I/proj/mtk69551/tony/Git/netconf/tclinux_phoenix/apps/opensource/NETCONF_LIB/include/libxml2 -I/proj/mtk69551/tony/Git/netconf/tclinux_phoenix/apps/opensource/NETCONF_LIB/include/libxml2  -O3 -DNDEBUG -fvisibility=hidden -pthread  -DRCSID=\"$(IDGIT)\" -DDISABLE_LIBSSH -DDISABLE_URL -DDISABLE_VALIDATION  conftest.c  -lxslt -L/proj/mtk69551/tony/Git/netconf/tclinux_phoenix/apps/opensource/NETCONF_LIB/lib -L/proj/mtk69551/tony/Git/netconf/tclinux_phoenix/apps/opensource/libxml2-2.9.5 -lxslt -lxml2 -ldl -lm -L/proj/mtk69551/tony/Git/netconf/tclinux_phoenix/apps/opensource/NETCONF_LIB/lib -lxml2 -lm -ldl  -ldl -lutil >&5
ERROR: ld.so: object 'libfakeroot-sysv.so' from LD_PRELOAD cannot be preloaded: ignored.
ERROR: ld.so: object 'libfakeroot-sysv.so' from LD_PRELOAD cannot be preloaded: ignored.
<command-line>:0:8: warning: missing terminating " character [enabled by default]
ERROR: ld.so: object 'libfakeroot-sysv.so' from LD_PRELOAD cannot be preloaded: ignored.
ERROR: ld.so: object 'libfakeroot-sysv.so' from LD_PRELOAD cannot be preloaded: ignored.
ERROR: ld.so: object 'libfakeroot-sysv.so' from LD_PRELOAD cannot be preloaded: ignored.
/proj/mtk69551/tony/Git/netconf/tclinux_phoenix/apps/opensource/NETCONF_LIB/lib/libxml2.so: warning: gethostbyname is obsolescent, use getnameinfo() instead.
configure:13867: $? = 0
configure:13867: result: yes
configure:13876: checking for working mmap
configure:14033: result: no
configure:14044: checking for stdlib.h
configure:14044: result: yes
configure:14054: checking for GNU libc compatible realloc
configure:14088: result: no
configure:14112: checking for ftruncate
configure:14112: mips-buildroot-linux-uclibc-gcc -mips32r2 -msoft-float -o conftest -I/proj/mtk69551/tony/Git/netconf/tclinux_phoenix/apps/opensource/NETCONF_LIB/include -I/proj/mtk69551/tony/Git/netconf/tclinux_phoenix/apps/opensource/NETCONF_LIB/include/libxml2 -I/proj/mtk69551/tony/Git/netconf/tclinux_phoenix/apps/opensource/NETCONF_LIB/include/libxml2  -O3 -DNDEBUG -fvisibility=hidden -pthread  -DRCSID=\"$(IDGIT)\" -DDISABLE_LIBSSH -DDISABLE_URL -DDISABLE_VALIDATION  conftest.c  -lxslt -L/proj/mtk69551/tony/Git/netconf/tclinux_phoenix/apps/opensource/NETCONF_LIB/lib -L/proj/mtk69551/tony/Git/netconf/tclinux_phoenix/apps/opensource/libxml2-2.9.5 -lxslt -lxml2 -ldl -lm -L/proj/mtk69551/tony/Git/netconf/tclinux_phoenix/apps/opensource/NETCONF_LIB/lib -lxml2 -lm -ldl  -ldl -lutil >&5
ERROR: ld.so: object 'libfakeroot-sysv.so' from LD_PRELOAD cannot be preloaded: ignored.
ERROR: ld.so: object 'libfakeroot-sysv.so' from LD_PRELOAD cannot be preloaded: ignored.
<command-line>:0:8: warning: missing terminating " character [enabled by default]
ERROR: ld.so: object 'libfakeroot-sysv.so' from LD_PRELOAD cannot be preloaded: ignored.
ERROR: ld.so: object 'libfakeroot-sysv.so' from LD_PRELOAD cannot be preloaded: ignored.
ERROR: ld.so: object 'libfakeroot-sysv.so' from LD_PRELOAD cannot be preloaded: ignored.
/proj/mtk69551/tony/Git/netconf/tclinux_phoenix/apps/opensource/NETCONF_LIB/lib/libxml2.so: warning: gethostbyname is obsolescent, use getnameinfo() instead.
configure:14112: $? = 0
configure:14112: result: yes
configure:14112: checking for memset
configure:14112: mips-buildroot-linux-uclibc-gcc -mips32r2 -msoft-float -o conftest -I/proj/mtk69551/tony/Git/netconf/tclinux_phoenix/apps/opensource/NETCONF_LIB/include -I/proj/mtk69551/tony/Git/netconf/tclinux_phoenix/apps/opensource/NETCONF_LIB/include/libxml2 -I/proj/mtk69551/tony/Git/netconf/tclinux_phoenix/apps/opensource/NETCONF_LIB/include/libxml2  -O3 -DNDEBUG -fvisibility=hidden -pthread  -DRCSID=\"$(IDGIT)\" -DDISABLE_LIBSSH -DDISABLE_URL -DDISABLE_VALIDATION  conftest.c  -lxslt -L/proj/mtk69551/tony/Git/netconf/tclinux_phoenix/apps/opensource/NETCONF_LIB/lib -L/proj/mtk69551/tony/Git/netconf/tclinux_phoenix/apps/opensource/libxml2-2.9.5 -lxslt -lxml2 -ldl -lm -L/proj/mtk69551/tony/Git/netconf/tclinux_phoenix/apps/opensource/NETCONF_LIB/lib -lxml2 -lm -ldl  -ldl -lutil >&5
ERROR: ld.so: object 'libfakeroot-sysv.so' from LD_PRELOAD cannot be preloaded: ignored.
ERROR: ld.so: object 'libfakeroot-sysv.so' from LD_PRELOAD cannot be preloaded: ignored.
<command-line>:0:8: warning: missing terminating " character [enabled by default]
conftest.c:73:6: warning: conflicting types for built-in function 'memset' [enabled by default]
ERROR: ld.so: object 'libfakeroot-sysv.so' from LD_PRELOAD cannot be preloaded: ignored.
ERROR: ld.so: object 'libfakeroot-sysv.so' from LD_PRELOAD cannot be preloaded: ignored.
ERROR: ld.so: object 'libfakeroot-sysv.so' from LD_PRELOAD cannot be preloaded: ignored.
/proj/mtk69551/tony/Git/netconf/tclinux_phoenix/apps/opensource/NETCONF_LIB/lib/libxml2.so: warning: gethostbyname is obsolescent, use getnameinfo() instead.
configure:14112: $? = 0
configure:14112: result: yes
configure:14112: checking for mkdir
configure:14112: mips-buildroot-linux-uclibc-gcc -mips32r2 -msoft-float -o conftest -I/proj/mtk69551/tony/Git/netconf/tclinux_phoenix/apps/opensource/NETCONF_LIB/include -I/proj/mtk69551/tony/Git/netconf/tclinux_phoenix/apps/opensource/NETCONF_LIB/include/libxml2 -I/proj/mtk69551/tony/Git/netconf/tclinux_phoenix/apps/opensource/NETCONF_LIB/include/libxml2  -O3 -DNDEBUG -fvisibility=hidden -pthread  -DRCSID=\"$(IDGIT)\" -DDISABLE_LIBSSH -DDISABLE_URL -DDISABLE_VALIDATION  conftest.c  -lxslt -L/proj/mtk69551/tony/Git/netconf/tclinux_phoenix/apps/opensource/NETCONF_LIB/lib -L/proj/mtk69551/tony/Git/netconf/tclinux_phoenix/apps/opensource/libxml2-2.9.5 -lxslt -lxml2 -ldl -lm -L/proj/mtk69551/tony/Git/netconf/tclinux_phoenix/apps/opensource/NETCONF_LIB/lib -lxml2 -lm -ldl  -ldl -lutil >&5
ERROR: ld.so: object 'libfakeroot-sysv.so' from LD_PRELOAD cannot be preloaded: ignored.
ERROR: ld.so: object 'libfakeroot-sysv.so' from LD_PRELOAD cannot be preloaded: ignored.
<command-line>:0:8: warning: missing terminating " character [enabled by default]
ERROR: ld.so: object 'libfakeroot-sysv.so' from LD_PRELOAD cannot be preloaded: ignored.
ERROR: ld.so: object 'libfakeroot-sysv.so' from LD_PRELOAD cannot be preloaded: ignored.
ERROR: ld.so: object 'libfakeroot-sysv.so' from LD_PRELOAD cannot be preloaded: ignored.
/proj/mtk69551/tony/Git/netconf/tclinux_phoenix/apps/opensource/NETCONF_LIB/lib/libxml2.so: warning: gethostbyname is obsolescent, use getnameinfo() instead.
configure:14112: $? = 0
configure:14112: result: yes
configure:14112: checking for munmap
configure:14112: mips-buildroot-linux-uclibc-gcc -mips32r2 -msoft-float -o conftest -I/proj/mtk69551/tony/Git/netconf/tclinux_phoenix/apps/opensource/NETCONF_LIB/include -I/proj/mtk69551/tony/Git/netconf/tclinux_phoenix/apps/opensource/NETCONF_LIB/include/libxml2 -I/proj/mtk69551/tony/Git/netconf/tclinux_phoenix/apps/opensource/NETCONF_LIB/include/libxml2  -O3 -DNDEBUG -fvisibility=hidden -pthread  -DRCSID=\"$(IDGIT)\" -DDISABLE_LIBSSH -DDISABLE_URL -DDISABLE_VALIDATION  conftest.c  -lxslt -L/proj/mtk69551/tony/Git/netconf/tclinux_phoenix/apps/opensource/NETCONF_LIB/lib -L/proj/mtk69551/tony/Git/netconf/tclinux_phoenix/apps/opensource/libxml2-2.9.5 -lxslt -lxml2 -ldl -lm -L/proj/mtk69551/tony/Git/netconf/tclinux_phoenix/apps/opensource/NETCONF_LIB/lib -lxml2 -lm -ldl  -ldl -lutil >&5
ERROR: ld.so: object 'libfakeroot-sysv.so' from LD_PRELOAD cannot be preloaded: ignored.
ERROR: ld.so: object 'libfakeroot-sysv.so' from LD_PRELOAD cannot be preloaded: ignored.
<command-line>:0:8: warning: missing terminating " character [enabled by default]
ERROR: ld.so: object 'libfakeroot-sysv.so' from LD_PRELOAD cannot be preloaded: ignored.
ERROR: ld.so: object 'libfakeroot-sysv.so' from LD_PRELOAD cannot be preloaded: ignored.
ERROR: ld.so: object 'libfakeroot-sysv.so' from LD_PRELOAD cannot be preloaded: ignored.
/proj/mtk69551/tony/Git/netconf/tclinux_phoenix/apps/opensource/NETCONF_LIB/lib/libxml2.so: warning: gethostbyname is obsolescent, use getnameinfo() instead.
configure:14112: $? = 0
configure:14112: result: yes
configure:14112: checking for socket
configure:14112: mips-buildroot-linux-uclibc-gcc -mips32r2 -msoft-float -o conftest -I/proj/mtk69551/tony/Git/netconf/tclinux_phoenix/apps/opensource/NETCONF_LIB/include -I/proj/mtk69551/tony/Git/netconf/tclinux_phoenix/apps/opensource/NETCONF_LIB/include/libxml2 -I/proj/mtk69551/tony/Git/netconf/tclinux_phoenix/apps/opensource/NETCONF_LIB/include/libxml2  -O3 -DNDEBUG -fvisibility=hidden -pthread  -DRCSID=\"$(IDGIT)\" -DDISABLE_LIBSSH -DDISABLE_URL -DDISABLE_VALIDATION  conftest.c  -lxslt -L/proj/mtk69551/tony/Git/netconf/tclinux_phoenix/apps/opensource/NETCONF_LIB/lib -L/proj/mtk69551/tony/Git/netconf/tclinux_phoenix/apps/opensource/libxml2-2.9.5 -lxslt -lxml2 -ldl -lm -L/proj/mtk69551/tony/Git/netconf/tclinux_phoenix/apps/opensource/NETCONF_LIB/lib -lxml2 -lm -ldl  -ldl -lutil >&5
ERROR: ld.so: object 'libfakeroot-sysv.so' from LD_PRELOAD cannot be preloaded: ignored.
ERROR: ld.so: object 'libfakeroot-sysv.so' from LD_PRELOAD cannot be preloaded: ignored.
<command-line>:0:8: warning: missing terminating " character [enabled by default]
ERROR: ld.so: object 'libfakeroot-sysv.so' from LD_PRELOAD cannot be preloaded: ignored.
ERROR: ld.so: object 'libfakeroot-sysv.so' from LD_PRELOAD cannot be preloaded: ignored.
ERROR: ld.so: object 'libfakeroot-sysv.so' from LD_PRELOAD cannot be preloaded: ignored.
/proj/mtk69551/tony/Git/netconf/tclinux_phoenix/apps/opensource/NETCONF_LIB/lib/libxml2.so: warning: gethostbyname is obsolescent, use getnameinfo() instead.
configure:14112: $? = 0
configure:14112: result: yes
configure:14112: checking for strcasecmp
configure:14112: mips-buildroot-linux-uclibc-gcc -mips32r2 -msoft-float -o conftest -I/proj/mtk69551/tony/Git/netconf/tclinux_phoenix/apps/opensource/NETCONF_LIB/include -I/proj/mtk69551/tony/Git/netconf/tclinux_phoenix/apps/opensource/NETCONF_LIB/include/libxml2 -I/proj/mtk69551/tony/Git/netconf/tclinux_phoenix/apps/opensource/NETCONF_LIB/include/libxml2  -O3 -DNDEBUG -fvisibility=hidden -pthread  -DRCSID=\"$(IDGIT)\" -DDISABLE_LIBSSH -DDISABLE_URL -DDISABLE_VALIDATION  conftest.c  -lxslt -L/proj/mtk69551/tony/Git/netconf/tclinux_phoenix/apps/opensource/NETCONF_LIB/lib -L/proj/mtk69551/tony/Git/netconf/tclinux_phoenix/apps/opensource/libxml2-2.9.5 -lxslt -lxml2 -ldl -lm -L/proj/mtk69551/tony/Git/netconf/tclinux_phoenix/apps/opensource/NETCONF_LIB/lib -lxml2 -lm -ldl  -ldl -lutil >&5
ERROR: ld.so: object 'libfakeroot-sysv.so' from LD_PRELOAD cannot be preloaded: ignored.
ERROR: ld.so: object 'libfakeroot-sysv.so' from LD_PRELOAD cannot be preloaded: ignored.
<command-line>:0:8: warning: missing terminating " character [enabled by default]
conftest.c:77:6: warning: conflicting types for built-in function 'strcasecmp' [enabled by default]
ERROR: ld.so: object 'libfakeroot-sysv.so' from LD_PRELOAD cannot be preloaded: ignored.
ERROR: ld.so: object 'libfakeroot-sysv.so' from LD_PRELOAD cannot be preloaded: ignored.
ERROR: ld.so: object 'libfakeroot-sysv.so' from LD_PRELOAD cannot be preloaded: ignored.
/proj/mtk69551/tony/Git/netconf/tclinux_phoenix/apps/opensource/NETCONF_LIB/lib/libxml2.so: warning: gethostbyname is obsolescent, use getnameinfo() instead.
configure:14112: $? = 0
configure:14112: result: yes
configure:14112: checking for strchr
configure:14112: mips-buildroot-linux-uclibc-gcc -mips32r2 -msoft-float -o conftest -I/proj/mtk69551/tony/Git/netconf/tclinux_phoenix/apps/opensource/NETCONF_LIB/include -I/proj/mtk69551/tony/Git/netconf/tclinux_phoenix/apps/opensource/NETCONF_LIB/include/libxml2 -I/proj/mtk69551/tony/Git/netconf/tclinux_phoenix/apps/opensource/NETCONF_LIB/include/libxml2  -O3 -DNDEBUG -fvisibility=hidden -pthread  -DRCSID=\"$(IDGIT)\" -DDISABLE_LIBSSH -DDISABLE_URL -DDISABLE_VALIDATION  conftest.c  -lxslt -L/proj/mtk69551/tony/Git/netconf/tclinux_phoenix/apps/opensource/NETCONF_LIB/lib -L/proj/mtk69551/tony/Git/netconf/tclinux_phoenix/apps/opensource/libxml2-2.9.5 -lxslt -lxml2 -ldl -lm -L/proj/mtk69551/tony/Git/netconf/tclinux_phoenix/apps/opensource/NETCONF_LIB/lib -lxml2 -lm -ldl  -ldl -lutil >&5
ERROR: ld.so: object 'libfakeroot-sysv.so' from LD_PRELOAD cannot be preloaded: ignored.
ERROR: ld.so: object 'libfakeroot-sysv.so' from LD_PRELOAD cannot be preloaded: ignored.
<command-line>:0:8: warning: missing terminating " character [enabled by default]
conftest.c:78:6: warning: conflicting types for built-in function 'strchr' [enabled by default]
ERROR: ld.so: object 'libfakeroot-sysv.so' from LD_PRELOAD cannot be preloaded: ignored.
ERROR: ld.so: object 'libfakeroot-sysv.so' from LD_PRELOAD cannot be preloaded: ignored.
ERROR: ld.so: object 'libfakeroot-sysv.so' from LD_PRELOAD cannot be preloaded: ignored.
/proj/mtk69551/tony/Git/netconf/tclinux_phoenix/apps/opensource/NETCONF_LIB/lib/libxml2.so: warning: gethostbyname is obsolescent, use getnameinfo() instead.
configure:14112: $? = 0
configure:14112: result: yes
configure:14112: checking for strdup
configure:14112: mips-buildroot-linux-uclibc-gcc -mips32r2 -msoft-float -o conftest -I/proj/mtk69551/tony/Git/netconf/tclinux_phoenix/apps/opensource/NETCONF_LIB/include -I/proj/mtk69551/tony/Git/netconf/tclinux_phoenix/apps/opensource/NETCONF_LIB/include/libxml2 -I/proj/mtk69551/tony/Git/netconf/tclinux_phoenix/apps/opensource/NETCONF_LIB/include/libxml2  -O3 -DNDEBUG -fvisibility=hidden -pthread  -DRCSID=\"$(IDGIT)\" -DDISABLE_LIBSSH -DDISABLE_URL -DDISABLE_VALIDATION  conftest.c  -lxslt -L/proj/mtk69551/tony/Git/netconf/tclinux_phoenix/apps/opensource/NETCONF_LIB/lib -L/proj/mtk69551/tony/Git/netconf/tclinux_phoenix/apps/opensource/libxml2-2.9.5 -lxslt -lxml2 -ldl -lm -L/proj/mtk69551/tony/Git/netconf/tclinux_phoenix/apps/opensource/NETCONF_LIB/lib -lxml2 -lm -ldl  -ldl -lutil >&5
ERROR: ld.so: object 'libfakeroot-sysv.so' from LD_PRELOAD cannot be preloaded: ignored.
ERROR: ld.so: object 'libfakeroot-sysv.so' from LD_PRELOAD cannot be preloaded: ignored.
<command-line>:0:8: warning: missing terminating " character [enabled by default]
conftest.c:79:6: warning: conflicting types for built-in function 'strdup' [enabled by default]
ERROR: ld.so: object 'libfakeroot-sysv.so' from LD_PRELOAD cannot be preloaded: ignored.
ERROR: ld.so: object 'libfakeroot-sysv.so' from LD_PRELOAD cannot be preloaded: ignored.
ERROR: ld.so: object 'libfakeroot-sysv.so' from LD_PRELOAD cannot be preloaded: ignored.
/proj/mtk69551/tony/Git/netconf/tclinux_phoenix/apps/opensource/NETCONF_LIB/lib/libxml2.so: warning: gethostbyname is obsolescent, use getnameinfo() instead.
configure:14112: $? = 0
configure:14112: result: yes
configure:14112: checking for strerror
configure:14112: mips-buildroot-linux-uclibc-gcc -mips32r2 -msoft-float -o conftest -I/proj/mtk69551/tony/Git/netconf/tclinux_phoenix/apps/opensource/NETCONF_LIB/include -I/proj/mtk69551/tony/Git/netconf/tclinux_phoenix/apps/opensource/NETCONF_LIB/include/libxml2 -I/proj/mtk69551/tony/Git/netconf/tclinux_phoenix/apps/opensource/NETCONF_LIB/include/libxml2  -O3 -DNDEBUG -fvisibility=hidden -pthread  -DRCSID=\"$(IDGIT)\" -DDISABLE_LIBSSH -DDISABLE_URL -DDISABLE_VALIDATION  conftest.c  -lxslt -L/proj/mtk69551/tony/Git/netconf/tclinux_phoenix/apps/opensource/NETCONF_LIB/lib -L/proj/mtk69551/tony/Git/netconf/tclinux_phoenix/apps/opensource/libxml2-2.9.5 -lxslt -lxml2 -ldl -lm -L/proj/mtk69551/tony/Git/netconf/tclinux_phoenix/apps/opensource/NETCONF_LIB/lib -lxml2 -lm -ldl  -ldl -lutil >&5
ERROR: ld.so: object 'libfakeroot-sysv.so' from LD_PRELOAD cannot be preloaded: ignored.
ERROR: ld.so: object 'libfakeroot-sysv.so' from LD_PRELOAD cannot be preloaded: ignored.
<command-line>:0:8: warning: missing terminating " character [enabled by default]
ERROR: ld.so: object 'libfakeroot-sysv.so' from LD_PRELOAD cannot be preloaded: ignored.
ERROR: ld.so: object 'libfakeroot-sysv.so' from LD_PRELOAD cannot be preloaded: ignored.
ERROR: ld.so: object 'libfakeroot-sysv.so' from LD_PRELOAD cannot be preloaded: ignored.
/proj/mtk69551/tony/Git/netconf/tclinux_phoenix/apps/opensource/NETCONF_LIB/lib/libxml2.so: warning: gethostbyname is obsolescent, use getnameinfo() instead.
configure:14112: $? = 0
configure:14112: result: yes
configure:14112: checking for strrchr
configure:14112: mips-buildroot-linux-uclibc-gcc -mips32r2 -msoft-float -o conftest -I/proj/mtk69551/tony/Git/netconf/tclinux_phoenix/apps/opensource/NETCONF_LIB/include -I/proj/mtk69551/tony/Git/netconf/tclinux_phoenix/apps/opensource/NETCONF_LIB/include/libxml2 -I/proj/mtk69551/tony/Git/netconf/tclinux_phoenix/apps/opensource/NETCONF_LIB/include/libxml2  -O3 -DNDEBUG -fvisibility=hidden -pthread  -DRCSID=\"$(IDGIT)\" -DDISABLE_LIBSSH -DDISABLE_URL -DDISABLE_VALIDATION  conftest.c  -lxslt -L/proj/mtk69551/tony/Git/netconf/tclinux_phoenix/apps/opensource/NETCONF_LIB/lib -L/proj/mtk69551/tony/Git/netconf/tclinux_phoenix/apps/opensource/libxml2-2.9.5 -lxslt -lxml2 -ldl -lm -L/proj/mtk69551/tony/Git/netconf/tclinux_phoenix/apps/opensource/NETCONF_LIB/lib -lxml2 -lm -ldl  -ldl -lutil >&5
ERROR: ld.so: object 'libfakeroot-sysv.so' from LD_PRELOAD cannot be preloaded: ignored.
ERROR: ld.so: object 'libfakeroot-sysv.so' from LD_PRELOAD cannot be preloaded: ignored.
<command-line>:0:8: warning: missing terminating " character [enabled by default]
conftest.c:81:6: warning: conflicting types for built-in function 'strrchr' [enabled by default]
ERROR: ld.so: object 'libfakeroot-sysv.so' from LD_PRELOAD cannot be preloaded: ignored.
ERROR: ld.so: object 'libfakeroot-sysv.so' from LD_PRELOAD cannot be preloaded: ignored.
ERROR: ld.so: object 'libfakeroot-sysv.so' from LD_PRELOAD cannot be preloaded: ignored.
/proj/mtk69551/tony/Git/netconf/tclinux_phoenix/apps/opensource/NETCONF_LIB/lib/libxml2.so: warning: gethostbyname is obsolescent, use getnameinfo() instead.
configure:14112: $? = 0
configure:14112: result: yes
configure:14112: checking for strstr
configure:14112: mips-buildroot-linux-uclibc-gcc -mips32r2 -msoft-float -o conftest -I/proj/mtk69551/tony/Git/netconf/tclinux_phoenix/apps/opensource/NETCONF_LIB/include -I/proj/mtk69551/tony/Git/netconf/tclinux_phoenix/apps/opensource/NETCONF_LIB/include/libxml2 -I/proj/mtk69551/tony/Git/netconf/tclinux_phoenix/apps/opensource/NETCONF_LIB/include/libxml2  -O3 -DNDEBUG -fvisibility=hidden -pthread  -DRCSID=\"$(IDGIT)\" -DDISABLE_LIBSSH -DDISABLE_URL -DDISABLE_VALIDATION  conftest.c  -lxslt -L/proj/mtk69551/tony/Git/netconf/tclinux_phoenix/apps/opensource/NETCONF_LIB/lib -L/proj/mtk69551/tony/Git/netconf/tclinux_phoenix/apps/opensource/libxml2-2.9.5 -lxslt -lxml2 -ldl -lm -L/proj/mtk69551/tony/Git/netconf/tclinux_phoenix/apps/opensource/NETCONF_LIB/lib -lxml2 -lm -ldl  -ldl -lutil >&5
ERROR: ld.so: object 'libfakeroot-sysv.so' from LD_PRELOAD cannot be preloaded: ignored.
ERROR: ld.so: object 'libfakeroot-sysv.so' from LD_PRELOAD cannot be preloaded: ignored.
<command-line>:0:8: warning: missing terminating " character [enabled by default]
conftest.c:82:6: warning: conflicting types for built-in function 'strstr' [enabled by default]
ERROR: ld.so: object 'libfakeroot-sysv.so' from LD_PRELOAD cannot be preloaded: ignored.
ERROR: ld.so: object 'libfakeroot-sysv.so' from LD_PRELOAD cannot be preloaded: ignored.
ERROR: ld.so: object 'libfakeroot-sysv.so' from LD_PRELOAD cannot be preloaded: ignored.
/proj/mtk69551/tony/Git/netconf/tclinux_phoenix/apps/opensource/NETCONF_LIB/lib/libxml2.so: warning: gethostbyname is obsolescent, use getnameinfo() instead.
configure:14112: $? = 0
configure:14112: result: yes
configure:14112: checking for strtol
configure:14112: mips-buildroot-linux-uclibc-gcc -mips32r2 -msoft-float -o conftest -I/proj/mtk69551/tony/Git/netconf/tclinux_phoenix/apps/opensource/NETCONF_LIB/include -I/proj/mtk69551/tony/Git/netconf/tclinux_phoenix/apps/opensource/NETCONF_LIB/include/libxml2 -I/proj/mtk69551/tony/Git/netconf/tclinux_phoenix/apps/opensource/NETCONF_LIB/include/libxml2  -O3 -DNDEBUG -fvisibility=hidden -pthread  -DRCSID=\"$(IDGIT)\" -DDISABLE_LIBSSH -DDISABLE_URL -DDISABLE_VALIDATION  conftest.c  -lxslt -L/proj/mtk69551/tony/Git/netconf/tclinux_phoenix/apps/opensource/NETCONF_LIB/lib -L/proj/mtk69551/tony/Git/netconf/tclinux_phoenix/apps/opensource/libxml2-2.9.5 -lxslt -lxml2 -ldl -lm -L/proj/mtk69551/tony/Git/netconf/tclinux_phoenix/apps/opensource/NETCONF_LIB/lib -lxml2 -lm -ldl  -ldl -lutil >&5
ERROR: ld.so: object 'libfakeroot-sysv.so' from LD_PRELOAD cannot be preloaded: ignored.
ERROR: ld.so: object 'libfakeroot-sysv.so' from LD_PRELOAD cannot be preloaded: ignored.
<command-line>:0:8: warning: missing terminating " character [enabled by default]
ERROR: ld.so: object 'libfakeroot-sysv.so' from LD_PRELOAD cannot be preloaded: ignored.
ERROR: ld.so: object 'libfakeroot-sysv.so' from LD_PRELOAD cannot be preloaded: ignored.
ERROR: ld.so: object 'libfakeroot-sysv.so' from LD_PRELOAD cannot be preloaded: ignored.
/proj/mtk69551/tony/Git/netconf/tclinux_phoenix/apps/opensource/NETCONF_LIB/lib/libxml2.so: warning: gethostbyname is obsolescent, use getnameinfo() instead.
configure:14112: $? = 0
configure:14112: result: yes
configure:14112: checking for strtoul
configure:14112: mips-buildroot-linux-uclibc-gcc -mips32r2 -msoft-float -o conftest -I/proj/mtk69551/tony/Git/netconf/tclinux_phoenix/apps/opensource/NETCONF_LIB/include -I/proj/mtk69551/tony/Git/netconf/tclinux_phoenix/apps/opensource/NETCONF_LIB/include/libxml2 -I/proj/mtk69551/tony/Git/netconf/tclinux_phoenix/apps/opensource/NETCONF_LIB/include/libxml2  -O3 -DNDEBUG -fvisibility=hidden -pthread  -DRCSID=\"$(IDGIT)\" -DDISABLE_LIBSSH -DDISABLE_URL -DDISABLE_VALIDATION  conftest.c  -lxslt -L/proj/mtk69551/tony/Git/netconf/tclinux_phoenix/apps/opensource/NETCONF_LIB/lib -L/proj/mtk69551/tony/Git/netconf/tclinux_phoenix/apps/opensource/libxml2-2.9.5 -lxslt -lxml2 -ldl -lm -L/proj/mtk69551/tony/Git/netconf/tclinux_phoenix/apps/opensource/NETCONF_LIB/lib -lxml2 -lm -ldl  -ldl -lutil >&5
ERROR: ld.so: object 'libfakeroot-sysv.so' from LD_PRELOAD cannot be preloaded: ignored.
ERROR: ld.so: object 'libfakeroot-sysv.so' from LD_PRELOAD cannot be preloaded: ignored.
<command-line>:0:8: warning: missing terminating " character [enabled by default]
ERROR: ld.so: object 'libfakeroot-sysv.so' from LD_PRELOAD cannot be preloaded: ignored.
ERROR: ld.so: object 'libfakeroot-sysv.so' from LD_PRELOAD cannot be preloaded: ignored.
ERROR: ld.so: object 'libfakeroot-sysv.so' from LD_PRELOAD cannot be preloaded: ignored.
/proj/mtk69551/tony/Git/netconf/tclinux_phoenix/apps/opensource/NETCONF_LIB/lib/libxml2.so: warning: gethostbyname is obsolescent, use getnameinfo() instead.
configure:14112: $? = 0
configure:14112: result: yes
configure:14124: checking for dup2
configure:14124: mips-buildroot-linux-uclibc-gcc -mips32r2 -msoft-float -o conftest -I/proj/mtk69551/tony/Git/netconf/tclinux_phoenix/apps/opensource/NETCONF_LIB/include -I/proj/mtk69551/tony/Git/netconf/tclinux_phoenix/apps/opensource/NETCONF_LIB/include/libxml2 -I/proj/mtk69551/tony/Git/netconf/tclinux_phoenix/apps/opensource/NETCONF_LIB/include/libxml2  -O3 -DNDEBUG -fvisibility=hidden -pthread  -DRCSID=\"$(IDGIT)\" -DDISABLE_LIBSSH -DDISABLE_URL -DDISABLE_VALIDATION  conftest.c  -lxslt -L/proj/mtk69551/tony/Git/netconf/tclinux_phoenix/apps/opensource/NETCONF_LIB/lib -L/proj/mtk69551/tony/Git/netconf/tclinux_phoenix/apps/opensource/libxml2-2.9.5 -lxslt -lxml2 -ldl -lm -L/proj/mtk69551/tony/Git/netconf/tclinux_phoenix/apps/opensource/NETCONF_LIB/lib -lxml2 -lm -ldl  -ldl -lutil >&5
ERROR: ld.so: object 'libfakeroot-sysv.so' from LD_PRELOAD cannot be preloaded: ignored.
ERROR: ld.so: object 'libfakeroot-sysv.so' from LD_PRELOAD cannot be preloaded: ignored.
<command-line>:0:8: warning: missing terminating " character [enabled by default]
ERROR: ld.so: object 'libfakeroot-sysv.so' from LD_PRELOAD cannot be preloaded: ignored.
ERROR: ld.so: object 'libfakeroot-sysv.so' from LD_PRELOAD cannot be preloaded: ignored.
ERROR: ld.so: object 'libfakeroot-sysv.so' from LD_PRELOAD cannot be preloaded: ignored.
/proj/mtk69551/tony/Git/netconf/tclinux_phoenix/apps/opensource/NETCONF_LIB/lib/libxml2.so: warning: gethostbyname is obsolescent, use getnameinfo() instead.
configure:14124: $? = 0
configure:14124: result: yes
configure:14134: checking for eaccess
configure:14134: mips-buildroot-linux-uclibc-gcc -mips32r2 -msoft-float -o conftest -I/proj/mtk69551/tony/Git/netconf/tclinux_phoenix/apps/opensource/NETCONF_LIB/include -I/proj/mtk69551/tony/Git/netconf/tclinux_phoenix/apps/opensource/NETCONF_LIB/include/libxml2 -I/proj/mtk69551/tony/Git/netconf/tclinux_phoenix/apps/opensource/NETCONF_LIB/include/libxml2  -O3 -DNDEBUG -fvisibility=hidden -pthread  -DRCSID=\"$(IDGIT)\" -DDISABLE_LIBSSH -DDISABLE_URL -DDISABLE_VALIDATION  conftest.c  -lxslt -L/proj/mtk69551/tony/Git/netconf/tclinux_phoenix/apps/opensource/NETCONF_LIB/lib -L/proj/mtk69551/tony/Git/netconf/tclinux_phoenix/apps/opensource/libxml2-2.9.5 -lxslt -lxml2 -ldl -lm -L/proj/mtk69551/tony/Git/netconf/tclinux_phoenix/apps/opensource/NETCONF_LIB/lib -lxml2 -lm -ldl  -ldl -lutil >&5
ERROR: ld.so: object 'libfakeroot-sysv.so' from LD_PRELOAD cannot be preloaded: ignored.
ERROR: ld.so: object 'libfakeroot-sysv.so' from LD_PRELOAD cannot be preloaded: ignored.
<command-line>:0:8: warning: missing terminating " character [enabled by default]
ERROR: ld.so: object 'libfakeroot-sysv.so' from LD_PRELOAD cannot be preloaded: ignored.
ERROR: ld.so: object 'libfakeroot-sysv.so' from LD_PRELOAD cannot be preloaded: ignored.
ERROR: ld.so: object 'libfakeroot-sysv.so' from LD_PRELOAD cannot be preloaded: ignored.
/proj/mtk69551/tony/Git/netconf/tclinux_phoenix/apps/opensource/NETCONF_LIB/lib/libxml2.so: warning: gethostbyname is obsolescent, use getnameinfo() instead.
/tmp/ccq7D2cL.o: In function `main':
conftest.c:(.text.startup+0x8): undefined reference to `eaccess'
collect2: ld returned 1 exit status
configure:14134: $? = 1
configure: failed program was:
| /* confdefs.h */
| #define PACKAGE_NAME "libnetconf"
| #define PACKAGE_TARNAME "libnetconf"
| #define PACKAGE_VERSION "0.10.0"
| #define PACKAGE_STRING "libnetconf 0.10.0"
| #define PACKAGE_BUGREPORT ""
| #define PACKAGE_URL ""
| #define STDC_HEADERS 1
| #define HAVE_SYS_TYPES_H 1
| #define HAVE_SYS_STAT_H 1
| #define HAVE_STDLIB_H 1
| #define HAVE_STRING_H 1
| #define HAVE_MEMORY_H 1
| #define HAVE_STRINGS_H 1
| #define HAVE_INTTYPES_H 1
| #define HAVE_STDINT_H 1
| #define HAVE_UNISTD_H 1
| #define HAVE_DLFCN_H 1
| #define LT_OBJDIR ".libs/"
| #define HAVE_LIBXSLT 1
| #define HAVE_LIBXSLT_TRANSFORM_H 1
| #define HAVE_LIBXSLT_XSLTINTERNALS_H 1
| #define HAVE_PTHREAD_H 1
| #define HAVE_FCNTL_H 1
| #define HAVE_LIMITS_H 1
| #define HAVE_NETDB_H 1
| #define HAVE_STDDEF_H 1
| #define HAVE_STDINT_H 1
| #define HAVE_STDLIB_H 1
| #define HAVE_STRING_H 1
| #define HAVE_SYS_FILE_H 1
| #define HAVE_SYS_SOCKET_H 1
| #define HAVE_TERMIOS_H 1
| #define HAVE_UNISTD_H 1
| #define HAVE_UTMPX_H 1
| #define HAVE__BOOL 1
| #define GETGROUPS_T gid_t
| #define HAVE_STDLIB_H 1
| #define HAVE_MALLOC 0
| #define malloc rpl_malloc
| #define HAVE_STDLIB_H 1
| #define HAVE_UNISTD_H 1
| #define HAVE_SYS_PARAM_H 1
| #define HAVE_GETPAGESIZE 1
| #define HAVE_STDLIB_H 1
| #define HAVE_REALLOC 0
| #define realloc rpl_realloc
| #define HAVE_FTRUNCATE 1
| #define HAVE_MEMSET 1
| #define HAVE_MKDIR 1
| #define HAVE_MUNMAP 1
| #define HAVE_SOCKET 1
| #define HAVE_STRCASECMP 1
| #define HAVE_STRCHR 1
| #define HAVE_STRDUP 1
| #define HAVE_STRERROR 1
| #define HAVE_STRRCHR 1
| #define HAVE_STRSTR 1
| #define HAVE_STRTOL 1
| #define HAVE_STRTOUL 1
| #define HAVE_DUP2 1
| /* end confdefs.h.  */
| /* Define eaccess to an innocuous variant, in case <limits.h> declares eaccess.
|    For example, HP-UX 11i <limits.h> declares gettimeofday.  */
| #define eaccess innocuous_eaccess
| 
| /* System header to define __stub macros and hopefully few prototypes,
|     which can conflict with char eaccess (); below.
|     Prefer <limits.h> to <assert.h> if __STDC__ is defined, since
|     <limits.h> exists even on freestanding compilers.  */
| 
| #ifdef __STDC__
| # include <limits.h>
| #else
| # include <assert.h>
| #endif
| 
| #undef eaccess
| 
| /* Override any GCC internal prototype to avoid an error.
|    Use char because int might match the return type of a GCC
|    builtin and then its argument prototype would still apply.  */
| #ifdef __cplusplus
| extern "C"
| #endif
| char eaccess ();
| /* The GNU C library defines this for functions which it implements
|     to always fail with ENOSYS.  Some functions are actually named
|     something starting with __ and the normal name is an alias.  */
| #if defined __stub_eaccess || defined __stub___eaccess
| choke me
| #endif
| 
| int
| main ()
| {
| return eaccess ();
|   ;
|   return 0;
| }
configure:14134: result: no
configure:14143: checking for shmc
configure:14143: mips-buildroot-linux-uclibc-gcc -mips32r2 -msoft-float -o conftest -I/proj/mtk69551/tony/Git/netconf/tclinux_phoenix/apps/opensource/NETCONF_LIB/include -I/proj/mtk69551/tony/Git/netconf/tclinux_phoenix/apps/opensource/NETCONF_LIB/include/libxml2 -I/proj/mtk69551/tony/Git/netconf/tclinux_phoenix/apps/opensource/NETCONF_LIB/include/libxml2  -O3 -DNDEBUG -fvisibility=hidden -pthread  -DRCSID=\"$(IDGIT)\" -DDISABLE_LIBSSH -DDISABLE_URL -DDISABLE_VALIDATION  conftest.c  -lxslt -L/proj/mtk69551/tony/Git/netconf/tclinux_phoenix/apps/opensource/NETCONF_LIB/lib -L/proj/mtk69551/tony/Git/netconf/tclinux_phoenix/apps/opensource/libxml2-2.9.5 -lxslt -lxml2 -ldl -lm -L/proj/mtk69551/tony/Git/netconf/tclinux_phoenix/apps/opensource/NETCONF_LIB/lib -lxml2 -lm -ldl  -ldl -lutil >&5
ERROR: ld.so: object 'libfakeroot-sysv.so' from LD_PRELOAD cannot be preloaded: ignored.
ERROR: ld.so: object 'libfakeroot-sysv.so' from LD_PRELOAD cannot be preloaded: ignored.
<command-line>:0:8: warning: missing terminating " character [enabled by default]
ERROR: ld.so: object 'libfakeroot-sysv.so' from LD_PRELOAD cannot be preloaded: ignored.
ERROR: ld.so: object 'libfakeroot-sysv.so' from LD_PRELOAD cannot be preloaded: ignored.
ERROR: ld.so: object 'libfakeroot-sysv.so' from LD_PRELOAD cannot be preloaded: ignored.
/proj/mtk69551/tony/Git/netconf/tclinux_phoenix/apps/opensource/NETCONF_LIB/lib/libxml2.so: warning: gethostbyname is obsolescent, use getnameinfo() instead.
/tmp/ccKNhmL6.o: In function `main':
conftest.c:(.text.startup+0x8): undefined reference to `shmc'
collect2: ld returned 1 exit status
configure:14143: $? = 1
configure: failed program was:
| /* confdefs.h */
| #define PACKAGE_NAME "libnetconf"
| #define PACKAGE_TARNAME "libnetconf"
| #define PACKAGE_VERSION "0.10.0"
| #define PACKAGE_STRING "libnetconf 0.10.0"
| #define PACKAGE_BUGREPORT ""
| #define PACKAGE_URL ""
| #define STDC_HEADERS 1
| #define HAVE_SYS_TYPES_H 1
| #define HAVE_SYS_STAT_H 1
| #define HAVE_STDLIB_H 1
| #define HAVE_STRING_H 1
| #define HAVE_MEMORY_H 1
| #define HAVE_STRINGS_H 1
| #define HAVE_INTTYPES_H 1
| #define HAVE_STDINT_H 1
| #define HAVE_UNISTD_H 1
| #define HAVE_DLFCN_H 1
| #define LT_OBJDIR ".libs/"
| #define HAVE_LIBXSLT 1
| #define HAVE_LIBXSLT_TRANSFORM_H 1
| #define HAVE_LIBXSLT_XSLTINTERNALS_H 1
| #define HAVE_PTHREAD_H 1
| #define HAVE_FCNTL_H 1
| #define HAVE_LIMITS_H 1
| #define HAVE_NETDB_H 1
| #define HAVE_STDDEF_H 1
| #define HAVE_STDINT_H 1
| #define HAVE_STDLIB_H 1
| #define HAVE_STRING_H 1
| #define HAVE_SYS_FILE_H 1
| #define HAVE_SYS_SOCKET_H 1
| #define HAVE_TERMIOS_H 1
| #define HAVE_UNISTD_H 1
| #define HAVE_UTMPX_H 1
| #define HAVE__BOOL 1
| #define GETGROUPS_T gid_t
| #define HAVE_STDLIB_H 1
| #define HAVE_MALLOC 0
| #define malloc rpl_malloc
| #define HAVE_STDLIB_H 1
| #define HAVE_UNISTD_H 1
| #define HAVE_SYS_PARAM_H 1
| #define HAVE_GETPAGESIZE 1
| #define HAVE_STDLIB_H 1
| #define HAVE_REALLOC 0
| #define realloc rpl_realloc
| #define HAVE_FTRUNCATE 1
| #define HAVE_MEMSET 1
| #define HAVE_MKDIR 1
| #define HAVE_MUNMAP 1
| #define HAVE_SOCKET 1
| #define HAVE_STRCASECMP 1
| #define HAVE_STRCHR 1
| #define HAVE_STRDUP 1
| #define HAVE_STRERROR 1
| #define HAVE_STRRCHR 1
| #define HAVE_STRSTR 1
| #define HAVE_STRTOL 1
| #define HAVE_STRTOUL 1
| #define HAVE_DUP2 1
| /* end confdefs.h.  */
| /* Define shmc to an innocuous variant, in case <limits.h> declares shmc.
|    For example, HP-UX 11i <limits.h> declares gettimeofday.  */
| #define shmc innocuous_shmc
| 
| /* System header to define __stub macros and hopefully few prototypes,
|     which can conflict with char shmc (); below.
|     Prefer <limits.h> to <assert.h> if __STDC__ is defined, since
|     <limits.h> exists even on freestanding compilers.  */
| 
| #ifdef __STDC__
| # include <limits.h>
| #else
| # include <assert.h>
| #endif
| 
| #undef shmc
| 
| /* Override any GCC internal prototype to avoid an error.
|    Use char because int might match the return type of a GCC
|    builtin and then its argument prototype would still apply.  */
| #ifdef __cplusplus
| extern "C"
| #endif
| char shmc ();
| /* The GNU C library defines this for functions which it implements
|     to always fail with ENOSYS.  Some functions are actually named
|     something starting with __ and the normal name is an alias.  */
| #if defined __stub_shmc || defined __stub___shmc
| choke me
| #endif
| 
| int
| main ()
| {
| return shmc ();
|   ;
|   return 0;
| }
configure:14143: result: no
configure:14150: checking for shm_open
configure:14150: mips-buildroot-linux-uclibc-gcc -mips32r2 -msoft-float -o conftest -I/proj/mtk69551/tony/Git/netconf/tclinux_phoenix/apps/opensource/NETCONF_LIB/include -I/proj/mtk69551/tony/Git/netconf/tclinux_phoenix/apps/opensource/NETCONF_LIB/include/libxml2 -I/proj/mtk69551/tony/Git/netconf/tclinux_phoenix/apps/opensource/NETCONF_LIB/include/libxml2  -O3 -DNDEBUG -fvisibility=hidden -pthread  -DRCSID=\"$(IDGIT)\" -DDISABLE_LIBSSH -DDISABLE_URL -DDISABLE_VALIDATION  conftest.c  -lxslt -L/proj/mtk69551/tony/Git/netconf/tclinux_phoenix/apps/opensource/NETCONF_LIB/lib -L/proj/mtk69551/tony/Git/netconf/tclinux_phoenix/apps/opensource/libxml2-2.9.5 -lxslt -lxml2 -ldl -lm -L/proj/mtk69551/tony/Git/netconf/tclinux_phoenix/apps/opensource/NETCONF_LIB/lib -lxml2 -lm -ldl  -ldl -lutil -lrt >&5
ERROR: ld.so: object 'libfakeroot-sysv.so' from LD_PRELOAD cannot be preloaded: ignored.
ERROR: ld.so: object 'libfakeroot-sysv.so' from LD_PRELOAD cannot be preloaded: ignored.
<command-line>:0:8: warning: missing terminating " character [enabled by default]
ERROR: ld.so: object 'libfakeroot-sysv.so' from LD_PRELOAD cannot be preloaded: ignored.
ERROR: ld.so: object 'libfakeroot-sysv.so' from LD_PRELOAD cannot be preloaded: ignored.
ERROR: ld.so: object 'libfakeroot-sysv.so' from LD_PRELOAD cannot be preloaded: ignored.
/proj/mtk69551/tony/Git/netconf/tclinux_phoenix/apps/opensource/NETCONF_LIB/lib/libxml2.so: warning: gethostbyname is obsolescent, use getnameinfo() instead.
configure:14150: $? = 0
configure:14150: result: yes
configure:14212: checking for dot
configure:14240: result: NO
configure:14429: creating ./config.status

## ---------------------- ##
## Running config.status. ##
## ---------------------- ##

This file was extended by libnetconf config.status 0.10.0, which was
generated by GNU Autoconf 2.69.  Invocation command line was

  CONFIG_FILES    = 
  CONFIG_HEADERS  = 
  CONFIG_LINKS    = 
  CONFIG_COMMANDS = 
  $ ./config.status 

on mbjsbblt31

config.status:1051: creating dev-tools/lncdatastore/Makefile
config.status:1051: creating Makefile
config.status:1051: creating src/config.h
config.status:1051: creating libnetconf.spec
config.status:1051: creating libnetconf.pc
config.status:1051: creating Doxyfile
config.status:1051: creating headers/libnetconf.h
config.status:1051: creating headers/libnetconf_xml.h
config.status:1051: creating headers/libnetconf_ssh.h
config.status:1217: executing libtool commands

## ---------------- ##
## Cache variables. ##
## ---------------- ##

ac_cv_build=x86_64-unknown-linux-gnu
ac_cv_c_compiler_gnu=yes
ac_cv_c_inline=inline
ac_cv_c_int32_t=yes
ac_cv_c_uint16_t=yes
ac_cv_c_uint64_t=yes
ac_cv_c_uint8_t=yes
ac_cv_env_CC_set=set
ac_cv_env_CC_value='mips-buildroot-linux-uclibc-gcc -mips32r2 -msoft-float'
ac_cv_env_CFLAGS_set=
ac_cv_env_CFLAGS_value=
ac_cv_env_CPPFLAGS_set=
ac_cv_env_CPPFLAGS_value=
ac_cv_env_CPP_set=
ac_cv_env_CPP_value=
ac_cv_env_CURL_CFLAGS_set=
ac_cv_env_CURL_CFLAGS_value=
ac_cv_env_CURL_LIBS_set=
ac_cv_env_CURL_LIBS_value=
ac_cv_env_LDFLAGS_set=
ac_cv_env_LDFLAGS_value=
ac_cv_env_LIBS_set=
ac_cv_env_LIBS_value=
ac_cv_env_MONITORING_LIST_SIZE_set=
ac_cv_env_MONITORING_LIST_SIZE_value=
ac_cv_env_PKG_CONFIG_LIBDIR_set=
ac_cv_env_PKG_CONFIG_LIBDIR_value=
ac_cv_env_PKG_CONFIG_PATH_set=
ac_cv_env_PKG_CONFIG_PATH_value=
ac_cv_env_PKG_CONFIG_set=
ac_cv_env_PKG_CONFIG_value=
ac_cv_env_READ_TIMEOUT_set=
ac_cv_env_READ_TIMEOUT_value=
ac_cv_env_build_alias_set=
ac_cv_env_build_alias_value=
ac_cv_env_host_alias_set=set
ac_cv_env_host_alias_value=mips-linux
ac_cv_env_target_alias_set=set
ac_cv_env_target_alias_value=mips-buildroot-linux-uclibc
ac_cv_func_dup2=yes
ac_cv_func_eaccess=no
ac_cv_func_ftruncate=yes
ac_cv_func_getgroups=yes
ac_cv_func_getgroups_works=no
ac_cv_func_getpagesize=yes
ac_cv_func_malloc_0_nonnull=no
ac_cv_func_memset=yes
ac_cv_func_mkdir=yes
ac_cv_func_mmap_fixed_mapped=no
ac_cv_func_munmap=yes
ac_cv_func_realloc_0_nonnull=no
ac_cv_func_shm_open=yes
ac_cv_func_shmc=no
ac_cv_func_socket=yes
ac_cv_func_strcasecmp=yes
ac_cv_func_strchr=yes
ac_cv_func_strdup=yes
ac_cv_func_strerror=yes
ac_cv_func_strrchr=yes
ac_cv_func_strstr=yes
ac_cv_func_strtol=yes
ac_cv_func_strtoul=yes
ac_cv_header_dlfcn_h=yes
ac_cv_header_fcntl_h=yes
ac_cv_header_inttypes_h=yes
ac_cv_header_libxslt_transform_h=yes
ac_cv_header_libxslt_xsltInternals_h=yes
ac_cv_header_limits_h=yes
ac_cv_header_memory_h=yes
ac_cv_header_netdb_h=yes
ac_cv_header_pthread_h=yes
ac_cv_header_stdbool_h=yes
ac_cv_header_stdc=yes
ac_cv_header_stddef_h=yes
ac_cv_header_stdint_h=yes
ac_cv_header_stdlib_h=yes
ac_cv_header_string_h=yes
ac_cv_header_strings_h=yes
ac_cv_header_sys_file_h=yes
ac_cv_header_sys_param_h=yes
ac_cv_header_sys_socket_h=yes
ac_cv_header_sys_stat_h=yes
ac_cv_header_sys_types_h=yes
ac_cv_header_termios_h=yes
ac_cv_header_unistd_h=yes
ac_cv_header_utmpx_h=yes
ac_cv_host=mips-unknown-linux-gnu
ac_cv_lib_xml2_xmlDOMWrapReconcileNamespaces=yes
ac_cv_lib_xslt_xsltApplyStylesheet=yes
ac_cv_objext=o
ac_cv_path_EGREP='/bin/grep -E'
ac_cv_path_FGREP='/bin/grep -F'
ac_cv_path_GREP=/bin/grep
ac_cv_path_PKG_CONFIG=/opt/trendchip/mips-linux-uclibc-4.6.3-kernel3.18/usr/bin/pkg-config
ac_cv_path_SED=/bin/sed
ac_cv_path_SSH_PROG=/usr/bin/ssh
ac_cv_path_install='/usr/bin/install -c'
ac_cv_prog_AR=mips-buildroot-linux-uclibc-ar
ac_cv_prog_AWK=gawk
ac_cv_prog_CC='mips-buildroot-linux-uclibc-gcc -mips32r2 -msoft-float'
ac_cv_prog_CPP='mips-buildroot-linux-uclibc-gcc -mips32r2 -msoft-float -E'
ac_cv_prog_DOXYGEN=no
ac_cv_prog_GRAPHS=NO
ac_cv_prog_HAVE_PYANG=yes
ac_cv_prog_HAVE_XSLTPROC=yes
ac_cv_prog_LIBT=yes
ac_cv_prog_OBJDUMP=mips-linux-objdump
ac_cv_prog_RANLIB=mips-buildroot-linux-uclibc-ranlib
ac_cv_prog_READLINK=readlink
ac_cv_prog_RPMBUILD=no
ac_cv_prog_STRIP=mips-buildroot-linux-uclibc-strip
ac_cv_prog_XML2_CONFIG=yes
ac_cv_prog_XSLT_CONFIG=yes
ac_cv_prog_ac_ct_MANIFEST_TOOL=mt
ac_cv_prog_cc_c89=
ac_cv_prog_cc_g=yes
ac_cv_search_sem_init='none required'
ac_cv_type__Bool=yes
ac_cv_type_getgroups=gid_t
ac_cv_type_mode_t=yes
ac_cv_type_off_t=yes
ac_cv_type_pid_t=yes
ac_cv_type_size_t=yes
ac_cv_type_ssize_t=yes
ac_cv_type_uid_t=yes
ax_cv_PTHREAD_PRIO_INHERIT=no
lt_cv_ar_at_file=@
lt_cv_archive_cmds_need_lc=no
lt_cv_deplibs_check_method=pass_all
lt_cv_file_magic_cmd='$MAGIC_CMD'
lt_cv_file_magic_test_file=
lt_cv_ld_reload_flag=-r
lt_cv_nm_interface='BSD nm'
lt_cv_objdir=.libs
lt_cv_path_LD=mips-buildroot-linux-uclibc-ld
lt_cv_path_NM=/opt/trendchip/mips-linux-uclibc-4.6.3-kernel3.18/usr/bin/mips-linux-nm
lt_cv_path_mainfest_tool=no
lt_cv_prog_compiler_c_o=yes
lt_cv_prog_compiler_pic='-fPIC -DPIC'
lt_cv_prog_compiler_pic_works=yes
lt_cv_prog_compiler_rtti_exceptions=no
lt_cv_prog_compiler_static_works=no
lt_cv_prog_gnu_ld=yes
lt_cv_sharedlib_from_linklib_cmd='printf %s\n'
lt_cv_shlibpath_overrides_runpath=no
lt_cv_sys_global_symbol_pipe='sed -n -e '\''s/^.*[	 ]\([ABCDGIRSTW][ABCDGIRSTW]*\)[	 ][	 ]*\([_A-Za-z][_A-Za-z0-9]*\)$/\1 \2 \2/p'\'' | sed '\''/ __gnu_lto/d'\'''
lt_cv_sys_global_symbol_to_c_name_address='sed -n -e '\''s/^: \([^ ]*\)[ ]*$/  {\"\1\", (void *) 0},/p'\'' -e '\''s/^[ABCDGIRSTW]* \([^ ]*\) \([^ ]*\)$/  {"\2", (void *) \&\2},/p'\'''
lt_cv_sys_global_symbol_to_c_name_address_lib_prefix='sed -n -e '\''s/^: \([^ ]*\)[ ]*$/  {\"\1\", (void *) 0},/p'\'' -e '\''s/^[ABCDGIRSTW]* \([^ ]*\) \(lib[^ ]*\)$/  {"\2", (void *) \&\2},/p'\'' -e '\''s/^[ABCDGIRSTW]* \([^ ]*\) \([^ ]*\)$/  {"lib\2", (void *) \&\2},/p'\'''
lt_cv_sys_global_symbol_to_cdecl='sed -n -e '\''s/^T .* \(.*\)$/extern int \1();/p'\'' -e '\''s/^[ABCDGIRSTW]* .* \(.*\)$/extern char \1;/p'\'''
lt_cv_sys_max_cmd_len=3458764513820540925
lt_cv_to_host_file_cmd=func_convert_file_noop
lt_cv_to_tool_file_cmd=func_convert_file_noop

## ----------------- ##
## Output variables. ##
## ----------------- ##

API='__attribute__((visibility("default")))'
AR='mips-buildroot-linux-uclibc-ar'
AWK='gawk'
BUILDREQS=''
CC='mips-buildroot-linux-uclibc-gcc -mips32r2 -msoft-float'
CFLAGS='-I/proj/mtk69551/tony/Git/netconf/tclinux_phoenix/apps/opensource/NETCONF_LIB/include -I/proj/mtk69551/tony/Git/netconf/tclinux_phoenix/apps/opensource/NETCONF_LIB/include/libxml2 -I/proj/mtk69551/tony/Git/netconf/tclinux_phoenix/apps/opensource/NETCONF_LIB/include/libxml2  -O3 -DNDEBUG -fvisibility=hidden -pthread'
CONFIGURE_PARAMS='--with-workingdir=/tmp/work_dir --disable-validation --disable-libssh --with-libxslt=/proj/mtk69551/tony/Git/netconf/tclinux_phoenix/apps/opensource/NETCONF_LIB/bin --with-libxml2=/proj/mtk69551/tony/Git/netconf/tclinux_phoenix/apps/opensource/NETCONF_LIB/bin  --disable-url'
CPP='mips-buildroot-linux-uclibc-gcc -mips32r2 -msoft-float -E'
CPPFLAGS=' -DRCSID=\"$(IDGIT)\" -DDISABLE_LIBSSH -DDISABLE_URL -DDISABLE_VALIDATION -DPOSIX_SHM'
CURL_CFLAGS=''
CURL_LIBS=''
DEFS='-DPACKAGE_NAME=\"libnetconf\" -DPACKAGE_TARNAME=\"libnetconf\" -DPACKAGE_VERSION=\"0.10.0\" -DPACKAGE_STRING=\"libnetconf\ 0.10.0\" -DPACKAGE_BUGREPORT=\"\" -DPACKAGE_URL=\"\" -DSTDC_HEADERS=1 -DHAVE_SYS_TYPES_H=1 -DHAVE_SYS_STAT_H=1 -DHAVE_STDLIB_H=1 -DHAVE_STRING_H=1 -DHAVE_MEMORY_H=1 -DHAVE_STRINGS_H=1 -DHAVE_INTTYPES_H=1 -DHAVE_STDINT_H=1 -DHAVE_UNISTD_H=1 -DHAVE_DLFCN_H=1 -DLT_OBJDIR=\".libs/\" -DHAVE_LIBXSLT=1 -DHAVE_LIBXSLT_TRANSFORM_H=1 -DHAVE_LIBXSLT_XSLTINTERNALS_H=1 -DHAVE_PTHREAD_H=1 -DHAVE_FCNTL_H=1 -DHAVE_LIMITS_H=1 -DHAVE_NETDB_H=1 -DHAVE_STDDEF_H=1 -DHAVE_STDINT_H=1 -DHAVE_STDLIB_H=1 -DHAVE_STRING_H=1 -DHAVE_SYS_FILE_H=1 -DHAVE_SYS_SOCKET_H=1 -DHAVE_TERMIOS_H=1 -DHAVE_UNISTD_H=1 -DHAVE_UTMPX_H=1 -DHAVE__BOOL=1 -DGETGROUPS_T=gid_t -DHAVE_STDLIB_H=1 -DHAVE_MALLOC=0 -Dmalloc=rpl_malloc -DHAVE_STDLIB_H=1 -DHAVE_UNISTD_H=1 -DHAVE_SYS_PARAM_H=1 -DHAVE_GETPAGESIZE=1 -DHAVE_STDLIB_H=1 -DHAVE_REALLOC=0 -Drealloc=rpl_realloc -DHAVE_FTRUNCATE=1 -DHAVE_MEMSET=1 -DHAVE_MKDIR=1 -DHAVE_MUNMAP=1 -DHAVE_SOCKET=1 -DHAVE_STRCASECMP=1 -DHAVE_STRCHR=1 -DHAVE_STRDUP=1 -DHAVE_STRERROR=1 -DHAVE_STRRCHR=1 -DHAVE_STRSTR=1 -DHAVE_STRTOL=1 -DHAVE_STRTOUL=1 -DHAVE_DUP2=1 -DHAVE_SHM_OPEN=1'
DEVELREQS=''
DISTRO=''
DLLTOOL='false'
DOXYGEN='no'
DSYMUTIL=''
DUMPBIN=''
ECHO_C=''
ECHO_N='-n'
ECHO_T=''
EGREP='/bin/grep -E'
EXEEXT=''
FGREP='/bin/grep -F'
GRAPHS='NO'
GREP='/bin/grep'
HAVE_EACCESS='#undef HAVE_EACCESS'
HAVE_LIBXML2_RECONNS='#define HAVE_XMLDOMWRAPRECONCILENAMESPACE'
HAVE_PYANG='yes'
HAVE_UTMPX='#define HAVE_UTMPX_H'
HAVE_XSLTPROC='yes'
HDRS_PRIV_NOTIFICATIONS='src/notifications.h src/notifications_xml.h'
HDRS_PRIV_TLS=''
HDRS_PRIV_TRANSPORT='src/ssh.h'
HDRS_PRIV_URL=''
HDRS_PUBL_SUBDIR_NOTIFICATIONS='src/notifications.h src/notifications_xml.h'
HDRS_PUBL_SUBDIR_URL=''
HDRS_PUBL_TLS=''
INCLUDE_NOTIFICATIONS='#include "libnetconf/notifications.h"'
INCLUDE_NOTIFICATIONS_XML='#include "libnetconf/notifications_xml.h"'
INCLUDE_URL='#define DISABLE_URL'
INSTALL_DATA='${INSTALL} -m 644'
INSTALL_DOC='install-doc'
INSTALL_PROGRAM='${INSTALL}'
INSTALL_SCRIPT='${INSTALL}'
LD='mips-buildroot-linux-uclibc-ld'
LDFLAGS=''
LIBOBJS=' ${LIBOBJDIR}malloc$U.o ${LIBOBJDIR}realloc$U.o'
LIBS=' -lxslt -L/proj/mtk69551/tony/Git/netconf/tclinux_phoenix/apps/opensource/NETCONF_LIB/lib -L/proj/mtk69551/tony/Git/netconf/tclinux_phoenix/apps/opensource/libxml2-2.9.5 -lxslt -lxml2 -ldl -lm -L/proj/mtk69551/tony/Git/netconf/tclinux_phoenix/apps/opensource/NETCONF_LIB/lib -lxml2 -lm -ldl  -ldl -lutil -lrt'
LIBSSH_DIRECTIVE='#define DISABLE_LIBSSH'
LIBT='yes'
LIBTOOL='$(SHELL) $(top_builddir)/libtool'
LIBTOOL_VERSION_INFO='0:10:0'
LIBXML2_LIBS='-L/proj/mtk69551/tony/Git/netconf/tclinux_phoenix/apps/opensource/NETCONF_LIB/lib -lxml2 -lm -ldl'
LIPO=''
LNCTOOLDESTDIR='$(DESTDIR)'
LN_S='ln -s'
LTLIBOBJS=' ${LIBOBJDIR}malloc$U.lo ${LIBOBJDIR}realloc$U.lo'
MANIFEST_TOOL=':'
MONITORING_LIST_SIZE='16'
NACM_RECOVERY_UID='0'
NCNTF_STREAMS_MAX_SIZE_IN_MB='0'
NCNTF_STREAMS_PATH='/tmp/work_dir/streams/'
NC_SESSIONFILE_PATH='/tmp/work_dir'
NC_WORKINGDIR_PATH='/tmp/work_dir'
NM='/opt/trendchip/mips-linux-uclibc-4.6.3-kernel3.18/usr/bin/mips-linux-nm'
NMEDIT=''
OBJDUMP='mips-linux-objdump'
OBJEXT='o'
OTOOL64=''
OTOOL=''
PACKAGE_BUGREPORT=''
PACKAGE_NAME='libnetconf'
PACKAGE_STRING='libnetconf 0.10.0'
PACKAGE_TARNAME='libnetconf'
PACKAGE_URL=''
PACKAGE_VERSION='0.10.0'
PATH_SEPARATOR=':'
PKG_CONFIG='/opt/trendchip/mips-linux-uclibc-4.6.3-kernel3.18/usr/bin/pkg-config'
PKG_CONFIG_LIBDIR=''
PKG_CONFIG_PATH='/usr/local/lib/pkgconfig:'
PROVIDES=' libnetconf-notifications'
PTHREAD_CC='mips-buildroot-linux-uclibc-gcc -mips32r2 -msoft-float'
PTHREAD_CFLAGS='-pthread'
PTHREAD_LIBS=''
PYPREFIX=''
PYTHON=''
RANLIB='mips-buildroot-linux-uclibc-ranlib'
READLINK='readlink'
READ_TIMEOUT='30'
RELEASE='0'
RPMBUILD='no'
SED='/bin/sed'
SETBIT='0'
SETGROUP=''
SETUSER=''
SHELL='/bin/sh'
SRCS_NOTIFICATIONS='src/notifications.c'
SRCS_TRANSPORT='src/ssh.c'
SRCS_URL=''
SSH_PROG='/usr/bin/ssh'
STRIP='mips-buildroot-linux-uclibc-strip'
UNAME=''
USERMAIL='Tony.Du@econet-inc.com'
USERNAME='Tony.Du'
V_SHLIB_CMD=''
V_SHLIB_OPT=''
V_SONAME_OPT=''
XML2_CONFIG='yes'
XSLT_CONFIG='yes'
ac_ct_AR=''
ac_ct_CC=''
ac_ct_DUMPBIN=''
ax_pthread_config=''
bindir='${exec_prefix}/bin'
build='x86_64-unknown-linux-gnu'
build_alias=''
build_cpu='x86_64'
build_os='linux-gnu'
build_vendor='unknown'
datadir='${datarootdir}'
datarootdir='${prefix}/share'
docdir='${datarootdir}/doc/${PACKAGE_TARNAME}'
dvidir='${docdir}'
exec_prefix='${prefix}'
host='mips-unknown-linux-gnu'
host_alias='mips-linux'
host_cpu='mips'
host_os='linux-gnu'
host_vendor='unknown'
htmldir='${docdir}'
includedir='${prefix}/include'
infodir='${datarootdir}/info'
libdir='${exec_prefix}/lib'
libexecdir='${exec_prefix}/libexec'
libtool='./libtool'
localedir='${datarootdir}/locale'
localstatedir='${prefix}/var'
mandir='${datarootdir}/man'
oldincludedir='/usr/include'
pdfdir='${docdir}'
prefix='/proj/mtk69551/tony/Git/netconf/tclinux_phoenix/apps/opensource/NETCONF_LIB'
program_transform_name='s,x,x,'
psdir='${docdir}'
sbindir='${exec_prefix}/sbin'
sharedstatedir='${prefix}/com'
sysconfdir='${prefix}/etc'
target_alias='mips-buildroot-linux-uclibc'

## ----------- ##
## confdefs.h. ##
## ----------- ##

/* confdefs.h */
#define PACKAGE_NAME "libnetconf"
#define PACKAGE_TARNAME "libnetconf"
#define PACKAGE_VERSION "0.10.0"
#define PACKAGE_STRING "libnetconf 0.10.0"
#define PACKAGE_BUGREPORT ""
#define PACKAGE_URL ""
#define STDC_HEADERS 1
#define HAVE_SYS_TYPES_H 1
#define HAVE_SYS_STAT_H 1
#define HAVE_STDLIB_H 1
#define HAVE_STRING_H 1
#define HAVE_MEMORY_H 1
#define HAVE_STRINGS_H 1
#define HAVE_INTTYPES_H 1
#define HAVE_STDINT_H 1
#define HAVE_UNISTD_H 1
#define HAVE_DLFCN_H 1
#define LT_OBJDIR ".libs/"
#define HAVE_LIBXSLT 1
#define HAVE_LIBXSLT_TRANSFORM_H 1
#define HAVE_LIBXSLT_XSLTINTERNALS_H 1
#define HAVE_PTHREAD_H 1
#define HAVE_FCNTL_H 1
#define HAVE_LIMITS_H 1
#define HAVE_NETDB_H 1
#define HAVE_STDDEF_H 1
#define HAVE_STDINT_H 1
#define HAVE_STDLIB_H 1
#define HAVE_STRING_H 1
#define HAVE_SYS_FILE_H 1
#define HAVE_SYS_SOCKET_H 1
#define HAVE_TERMIOS_H 1
#define HAVE_UNISTD_H 1
#define HAVE_UTMPX_H 1
#define HAVE__BOOL 1
#define GETGROUPS_T gid_t
#define HAVE_STDLIB_H 1
#define HAVE_MALLOC 0
#define malloc rpl_malloc
#define HAVE_STDLIB_H 1
#define HAVE_UNISTD_H 1
#define HAVE_SYS_PARAM_H 1
#define HAVE_GETPAGESIZE 1
#define HAVE_STDLIB_H 1
#define HAVE_REALLOC 0
#define realloc rpl_realloc
#define HAVE_FTRUNCATE 1
#define HAVE_MEMSET 1
#define HAVE_MKDIR 1
#define HAVE_MUNMAP 1
#define HAVE_SOCKET 1
#define HAVE_STRCASECMP 1
#define HAVE_STRCHR 1
#define HAVE_STRDUP 1
#define HAVE_STRERROR 1
#define HAVE_STRRCHR 1
#define HAVE_STRSTR 1
#define HAVE_STRTOL 1
#define HAVE_STRTOUL 1
#define HAVE_DUP2 1
#define HAVE_SHM_OPEN 1

configure: exit 0
