This file contains any messages produced by compilers while
running configure, to aid debugging if configure makes a mistake.

It was created by ntfs-3g configure 2017.3.23, which was
generated by GNU Autoconf 2.69.  Invocation command line was

  $ ./configure --host=mipsel-linux --disable-library CFLAGS=-g -O2 -Wall -mips1 -DTCSUPPORT_CT -DTCSUPPORT_CT_JOYME2

## --------- ##
## Platform. ##
## --------- ##

hostname = mbjsbbcf01
uname -m = i686
uname -r = 2.6.9-89.ELsmp
uname -s = Linux
uname -v = #1 SMP Mon Apr 20 10:34:33 EDT 2009

/usr/bin/uname -p = unknown
/bin/uname -X     = unknown

/bin/arch              = i686
/usr/bin/arch -k       = unknown
/usr/convex/getsysinfo = unknown
/usr/bin/hostinfo      = unknown
/bin/machine           = unknown
/usr/bin/oslevel       = unknown
/bin/universe          = unknown

PATH: /opt/trendchip/mipsel-linux-uclibc-4.6.3-kernel3.18/usr/bin/
PATH: /mtktools/LSF/8/8.0/linux2.6-glibc2.3-x86/bin
PATH: /mtktools/LSF/8/8.0/linux2.6-glibc2.3-x86/etc
PATH: /mtkoss/android_sdk/5.1/x86_64/platform-tools
PATH: /mtkeda/ado/bin/rhel-4.8-i686
PATH: /opt/trendchip/mips-linux-3.4.6/bin
PATH: /opt/trendchip/mips-linux-uclibc/usr/bin
PATH: /opt/CodeSourcery/mips-4.2/bin
PATH: /mtkeda/perforce/linux26x86_2010.2
PATH: /mtkeda/perforce/linux26x86_2010.2/p4v/bin
PATH: /mtkeda/perforce/linux26x86_2014.1
PATH: /mtkeda/perforce/linux26x86_2014.1/p4v/bin
PATH: /mtkoss/lzop/1.03-rhel-4.8/i686
PATH: /mtkoss/cmake/2.8.3-linux/i686/bin
PATH: /mtkoss/ccache/3.1.4-rhel-4.8/i686/bin
PATH: /mtkoss/gcc/3.4.6/i686/bin
PATH: /mtkoss/python/2.6/i686/bin
PATH: /mtkoss/jdk/1.6.0_02/bin
PATH: /mtkeda/perforce/linux26x86_2010.2
PATH: /mtkeda/perforce/linux26x86_2010.2/p4v/bin
PATH: /mtkeda/perforce/linux26x86_2014.1
PATH: /mtkeda/perforce/linux26x86_2014.1/p4v/bin
PATH: /mtkeda/LSF/7.04/7.0/linux2.6-glibc2.3-x86/etc
PATH: /mtkeda/LSF/7.04/7.0/linux2.6-glibc2.3-x86/bin
PATH: /mtkoss/git/1.9.1-rhel-4.8_32bit/bin
PATH: /usr/lib/qt-3.3/bin
PATH: /usr/kerberos/bin
PATH: /usr/local/bin
PATH: /bin
PATH: /usr/bin
PATH: /usr/X11R6/bin
PATH: /mtkeda/ado/bin/rhel-4.8-i686
PATH: /mtkeda/IT/bin
PATH: /mtkeda/IT/sbin
PATH: /mtkeda/CI/MtkCheckStyle
PATH: /mtkeda/CI/MtkCheckStyle/MtkCheckStyle
PATH: /mtkeda/apb
PATH: /mtkeda/CI/MtkCheckStyle
PATH: /mtkeda/Utility/LM_daemon/Synopsys/11.6/Linux/amd64/bin
PATH: /proj/vend_sr00003/bin


## ----------- ##
## Core tests. ##
## ----------- ##

configure:2508: checking build system type
configure:2522: result: i686-pc-linux-uclibc
configure:2542: checking host system type
configure:2555: result: mipsel-unknown-linux-gnu
configure:2575: checking target system type
configure:2588: result: mipsel-unknown-linux-gnu
configure:2632: checking for a BSD-compatible install
configure:2700: result: /usr/bin/install -c
configure:2711: checking whether build environment is sane
configure:2766: result: yes
configure:2825: checking for mipsel-linux-strip
configure:2852: result: mipsel-buildroot-linux-uclibc-strip
configure:2917: checking for a thread-safe mkdir -p
configure:2956: result: /bin/mkdir -p
configure:2963: checking for gawk
configure:2979: found /bin/gawk
configure:2990: result: gawk
configure:3001: checking whether make sets $(MAKE)
configure:3023: result: yes
configure:3052: checking whether make supports nested variables
configure:3069: result: yes
configure:3199: checking whether to enable maintainer-specific portions of Makefiles
configure:3208: result: no
configure:3417: checking for style of include used by make
configure:3445: result: GNU
configure:3476: checking for mipsel-linux-gcc
configure:3503: result: mipsel-buildroot-linux-uclibc-gcc -mips32r2 -msoft-float
configure:3772: checking for C compiler version
configure:3781: mipsel-buildroot-linux-uclibc-gcc -mips32r2 -msoft-float --version >&5
mipsel-buildroot-linux-uclibc-gcc (Buildroot 2015.08.1) 4.6.3
Copyright (C) 2011 Free Software Foundation, Inc.
This is free software; see the source for copying conditions.  There is NO
warranty; not even for MERCHANTABILITY or FITNESS FOR A PARTICULAR PURPOSE.

configure:3792: $? = 0
configure:3781: mipsel-buildroot-linux-uclibc-gcc -mips32r2 -msoft-float -v >&5
Using built-in specs.
COLLECT_GCC=mipsel-buildroot-linux-uclibc-gcc
COLLECT_LTO_WRAPPER=/mtkeda/bbn/trendchip/mipsel-linux-uclibc-4.6.3-kernel3.18/usr/bin/../libexec/gcc/mipsel-buildroot-linux-uclibc/4.6.3/lto-wrapper
Target: mipsel-buildroot-linux-uclibc
Configured with: ./configure --prefix=/opt/trendchip/mipsel-linux-uclibc-4.6.3-kernel3.18/usr --sysconfdir=/opt/trendchip/mipsel-linux-uclibc-4.6.3-kernel3.18/etc --enable-static --target=mipsel-buildroot-linux-uclibc --with-sysroot=/opt/trendchip/mipsel-linux-uclibc-4.6.3-kernel3.18/usr/mipsel-buildroot-linux-uclibc/sysroot --disable-__cxa_atexit --with-gnu-ld --disable-libssp --disable-multilib --with-gmp=/opt/trendchip/mipsel-linux-uclibc-4.6.3-kernel3.18/usr --with-mpfr=/opt/trendchip/mipsel-linux-uclibc-4.6.3-kernel3.18/usr --with-pkgversion='Buildroot 2015.08.1' --with-bugurl=http://bugs.buildroot.net/ --disable-libsanitizer --enable-tls --disable-libmudflap --enable-threads --with-mpc=/opt/trendchip/mipsel-linux-uclibc-4.6.3-kernel3.18/usr --without-isl --without-cloog --with-float=soft --disable-decimal-float --with-arch=mips32r2 --with-abi=32 --enable-languages=c,c++ --enable-poison-system-directories --with-build-time-tools=/opt/trendchip/mipsel-linux-uclibc-4.6.3-kernel3.18/usr/mipsel-buildroot-linux-uclibc/bin --enable-shared --disable-libgomp
Thread model: posix
gcc version 4.6.3 (Buildroot 2015.08.1) 
configure:3792: $? = 0
configure:3781: mipsel-buildroot-linux-uclibc-gcc -mips32r2 -msoft-float -V >&5
mipsel-buildroot-linux-uclibc-gcc: error: unrecognized option '-V'
mipsel-buildroot-linux-uclibc-gcc: fatal error: no input files
compilation terminated.
configure:3792: $? = 1
configure:3781: mipsel-buildroot-linux-uclibc-gcc -mips32r2 -msoft-float -qversion >&5
mipsel-buildroot-linux-uclibc-gcc: error: unrecognized option '-qversion'
mipsel-buildroot-linux-uclibc-gcc: fatal error: no input files
compilation terminated.
configure:3792: $? = 1
configure:3812: checking whether the C compiler works
configure:3834: mipsel-buildroot-linux-uclibc-gcc -mips32r2 -msoft-float -g -O2 -Wall -mips1 -DTCSUPPORT_CT -DTCSUPPORT_CT_JOYME2   conftest.c  >&5
configure:3838: $? = 0
configure:3886: result: yes
configure:3889: checking for C compiler default output file name
configure:3891: result: a.out
configure:3897: checking for suffix of executables
configure:3904: mipsel-buildroot-linux-uclibc-gcc -mips32r2 -msoft-float -o conftest -g -O2 -Wall -mips1 -DTCSUPPORT_CT -DTCSUPPORT_CT_JOYME2   conftest.c  >&5
configure:3908: $? = 0
configure:3930: result: 
configure:3952: checking whether we are cross compiling
configure:3960: mipsel-buildroot-linux-uclibc-gcc -mips32r2 -msoft-float -o conftest -g -O2 -Wall -mips1 -DTCSUPPORT_CT -DTCSUPPORT_CT_JOYME2   conftest.c  >&5
configure:3964: $? = 0
configure:3971: ./conftest
./configure: line 3973: ./conftest: cannot execute binary file
configure:3975: $? = 126
configure:3990: result: yes
configure:3995: checking for suffix of object files
configure:4017: mipsel-buildroot-linux-uclibc-gcc -mips32r2 -msoft-float -c -g -O2 -Wall -mips1 -DTCSUPPORT_CT -DTCSUPPORT_CT_JOYME2  conftest.c >&5
configure:4021: $? = 0
configure:4042: result: o
configure:4046: checking whether we are using the GNU C compiler
configure:4065: mipsel-buildroot-linux-uclibc-gcc -mips32r2 -msoft-float -c -g -O2 -Wall -mips1 -DTCSUPPORT_CT -DTCSUPPORT_CT_JOYME2  conftest.c >&5
configure:4065: $? = 0
configure:4074: result: yes
configure:4083: checking whether mipsel-buildroot-linux-uclibc-gcc -mips32r2 -msoft-float accepts -g
configure:4103: mipsel-buildroot-linux-uclibc-gcc -mips32r2 -msoft-float -c -g  conftest.c >&5
configure:4103: $? = 0
configure:4144: result: yes
configure:4161: checking for mipsel-buildroot-linux-uclibc-gcc -mips32r2 -msoft-float option to accept ISO C89
configure:4224: mipsel-buildroot-linux-uclibc-gcc -mips32r2 -msoft-float  -c -g -O2 -Wall -mips1 -DTCSUPPORT_CT -DTCSUPPORT_CT_JOYME2  conftest.c >&5
configure:4224: $? = 0
configure:4237: result: none needed
configure:4262: checking whether mipsel-buildroot-linux-uclibc-gcc -mips32r2 -msoft-float understands -c and -o together
configure:4284: mipsel-buildroot-linux-uclibc-gcc -mips32r2 -msoft-float -c conftest.c -o conftest2.o
configure:4287: $? = 0
configure:4284: mipsel-buildroot-linux-uclibc-gcc -mips32r2 -msoft-float -c conftest.c -o conftest2.o
configure:4287: $? = 0
configure:4299: result: yes
configure:4318: checking dependency style of mipsel-buildroot-linux-uclibc-gcc -mips32r2 -msoft-float
configure:4429: result: gcc3
configure:4450: checking how to run the C preprocessor
configure:4481: mipsel-buildroot-linux-uclibc-gcc -mips32r2 -msoft-float -E  conftest.c
configure:4481: $? = 0
configure:4495: mipsel-buildroot-linux-uclibc-gcc -mips32r2 -msoft-float -E  conftest.c
conftest.c:11:28: fatal error: ac_nonexistent.h: No such file or directory
compilation terminated.
configure:4495: $? = 1
configure: failed program was:
| /* confdefs.h */
| #define PACKAGE_NAME "ntfs-3g"
| #define PACKAGE_TARNAME "ntfs-3g"
| #define PACKAGE_VERSION "2017.3.23"
| #define PACKAGE_STRING "ntfs-3g 2017.3.23"
| #define PACKAGE_BUGREPORT "ntfs-3g-devel@lists.sf.net"
| #define PACKAGE_URL ""
| #define PACKAGE "ntfs-3g"
| #define VERSION "2017.3.23"
| /* end confdefs.h.  */
| #include <ac_nonexistent.h>
configure:4520: result: mipsel-buildroot-linux-uclibc-gcc -mips32r2 -msoft-float -E
configure:4540: mipsel-buildroot-linux-uclibc-gcc -mips32r2 -msoft-float -E  conftest.c
configure:4540: $? = 0
configure:4554: mipsel-buildroot-linux-uclibc-gcc -mips32r2 -msoft-float -E  conftest.c
conftest.c:11:28: fatal error: ac_nonexistent.h: No such file or directory
compilation terminated.
configure:4554: $? = 1
configure: failed program was:
| /* confdefs.h */
| #define PACKAGE_NAME "ntfs-3g"
| #define PACKAGE_TARNAME "ntfs-3g"
| #define PACKAGE_VERSION "2017.3.23"
| #define PACKAGE_STRING "ntfs-3g 2017.3.23"
| #define PACKAGE_BUGREPORT "ntfs-3g-devel@lists.sf.net"
| #define PACKAGE_URL ""
| #define PACKAGE "ntfs-3g"
| #define VERSION "2017.3.23"
| /* end confdefs.h.  */
| #include <ac_nonexistent.h>
configure:4583: checking for grep that handles long lines and -e
configure:4641: result: /bin/grep
configure:4646: checking for egrep
configure:4708: result: /bin/grep -E
configure:4713: checking for ANSI C header files
configure:4733: mipsel-buildroot-linux-uclibc-gcc -mips32r2 -msoft-float -c -g -O2 -Wall -mips1 -DTCSUPPORT_CT -DTCSUPPORT_CT_JOYME2  conftest.c >&5
configure:4733: $? = 0
configure:4817: result: yes
configure:4830: checking for sys/types.h
configure:4830: mipsel-buildroot-linux-uclibc-gcc -mips32r2 -msoft-float -c -g -O2 -Wall -mips1 -DTCSUPPORT_CT -DTCSUPPORT_CT_JOYME2  conftest.c >&5
configure:4830: $? = 0
configure:4830: result: yes
configure:4830: checking for sys/stat.h
configure:4830: mipsel-buildroot-linux-uclibc-gcc -mips32r2 -msoft-float -c -g -O2 -Wall -mips1 -DTCSUPPORT_CT -DTCSUPPORT_CT_JOYME2  conftest.c >&5
configure:4830: $? = 0
configure:4830: result: yes
configure:4830: checking for stdlib.h
configure:4830: mipsel-buildroot-linux-uclibc-gcc -mips32r2 -msoft-float -c -g -O2 -Wall -mips1 -DTCSUPPORT_CT -DTCSUPPORT_CT_JOYME2  conftest.c >&5
configure:4830: $? = 0
configure:4830: result: yes
configure:4830: checking for string.h
configure:4830: mipsel-buildroot-linux-uclibc-gcc -mips32r2 -msoft-float -c -g -O2 -Wall -mips1 -DTCSUPPORT_CT -DTCSUPPORT_CT_JOYME2  conftest.c >&5
configure:4830: $? = 0
configure:4830: result: yes
configure:4830: checking for memory.h
configure:4830: mipsel-buildroot-linux-uclibc-gcc -mips32r2 -msoft-float -c -g -O2 -Wall -mips1 -DTCSUPPORT_CT -DTCSUPPORT_CT_JOYME2  conftest.c >&5
configure:4830: $? = 0
configure:4830: result: yes
configure:4830: checking for strings.h
configure:4830: mipsel-buildroot-linux-uclibc-gcc -mips32r2 -msoft-float -c -g -O2 -Wall -mips1 -DTCSUPPORT_CT -DTCSUPPORT_CT_JOYME2  conftest.c >&5
configure:4830: $? = 0
configure:4830: result: yes
configure:4830: checking for inttypes.h
configure:4830: mipsel-buildroot-linux-uclibc-gcc -mips32r2 -msoft-float -c -g -O2 -Wall -mips1 -DTCSUPPORT_CT -DTCSUPPORT_CT_JOYME2  conftest.c >&5
configure:4830: $? = 0
configure:4830: result: yes
configure:4830: checking for stdint.h
configure:4830: mipsel-buildroot-linux-uclibc-gcc -mips32r2 -msoft-float -c -g -O2 -Wall -mips1 -DTCSUPPORT_CT -DTCSUPPORT_CT_JOYME2  conftest.c >&5
configure:4830: $? = 0
configure:4830: result: yes
configure:4830: checking for unistd.h
configure:4830: mipsel-buildroot-linux-uclibc-gcc -mips32r2 -msoft-float -c -g -O2 -Wall -mips1 -DTCSUPPORT_CT -DTCSUPPORT_CT_JOYME2  conftest.c >&5
configure:4830: $? = 0
configure:4830: result: yes
configure:4843: checking minix/config.h usability
configure:4843: mipsel-buildroot-linux-uclibc-gcc -mips32r2 -msoft-float -c -g -O2 -Wall -mips1 -DTCSUPPORT_CT -DTCSUPPORT_CT_JOYME2  conftest.c >&5
conftest.c:54:26: fatal error: minix/config.h: No such file or directory
compilation terminated.
configure:4843: $? = 1
configure: failed program was:
| /* confdefs.h */
| #define PACKAGE_NAME "ntfs-3g"
| #define PACKAGE_TARNAME "ntfs-3g"
| #define PACKAGE_VERSION "2017.3.23"
| #define PACKAGE_STRING "ntfs-3g 2017.3.23"
| #define PACKAGE_BUGREPORT "ntfs-3g-devel@lists.sf.net"
| #define PACKAGE_URL ""
| #define PACKAGE "ntfs-3g"
| #define VERSION "2017.3.23"
| #define STDC_HEADERS 1
| #define HAVE_SYS_TYPES_H 1
| #define HAVE_SYS_STAT_H 1
| #define HAVE_STDLIB_H 1
| #define HAVE_STRING_H 1
| #define HAVE_MEMORY_H 1
| #define HAVE_STRINGS_H 1
| #define HAVE_INTTYPES_H 1
| #define HAVE_STDINT_H 1
| #define HAVE_UNISTD_H 1
| /* end confdefs.h.  */
| #include <stdio.h>
| #ifdef HAVE_SYS_TYPES_H
| # include <sys/types.h>
| #endif
| #ifdef HAVE_SYS_STAT_H
| # include <sys/stat.h>
| #endif
| #ifdef STDC_HEADERS
| # include <stdlib.h>
| # include <stddef.h>
| #else
| # ifdef HAVE_STDLIB_H
| #  include <stdlib.h>
| # endif
| #endif
| #ifdef HAVE_STRING_H
| # if !defined STDC_HEADERS && defined HAVE_MEMORY_H
| #  include <memory.h>
| # endif
| # include <string.h>
| #endif
| #ifdef HAVE_STRINGS_H
| # include <strings.h>
| #endif
| #ifdef HAVE_INTTYPES_H
| # include <inttypes.h>
| #endif
| #ifdef HAVE_STDINT_H
| # include <stdint.h>
| #endif
| #ifdef HAVE_UNISTD_H
| # include <unistd.h>
| #endif
| #include <minix/config.h>
configure:4843: result: no
configure:4843: checking minix/config.h presence
configure:4843: mipsel-buildroot-linux-uclibc-gcc -mips32r2 -msoft-float -E  conftest.c
conftest.c:21:26: fatal error: minix/config.h: No such file or directory
compilation terminated.
configure:4843: $? = 1
configure: failed program was:
| /* confdefs.h */
| #define PACKAGE_NAME "ntfs-3g"
| #define PACKAGE_TARNAME "ntfs-3g"
| #define PACKAGE_VERSION "2017.3.23"
| #define PACKAGE_STRING "ntfs-3g 2017.3.23"
| #define PACKAGE_BUGREPORT "ntfs-3g-devel@lists.sf.net"
| #define PACKAGE_URL ""
| #define PACKAGE "ntfs-3g"
| #define VERSION "2017.3.23"
| #define STDC_HEADERS 1
| #define HAVE_SYS_TYPES_H 1
| #define HAVE_SYS_STAT_H 1
| #define HAVE_STDLIB_H 1
| #define HAVE_STRING_H 1
| #define HAVE_MEMORY_H 1
| #define HAVE_STRINGS_H 1
| #define HAVE_INTTYPES_H 1
| #define HAVE_STDINT_H 1
| #define HAVE_UNISTD_H 1
| /* end confdefs.h.  */
| #include <minix/config.h>
configure:4843: result: no
configure:4843: checking for minix/config.h
configure:4843: result: no
configure:4864: checking whether it is safe to define __EXTENSIONS__
configure:4882: mipsel-buildroot-linux-uclibc-gcc -mips32r2 -msoft-float -c -g -O2 -Wall -mips1 -DTCSUPPORT_CT -DTCSUPPORT_CT_JOYME2  conftest.c >&5
configure:4882: $? = 0
configure:4889: result: yes
configure:4916: checking for mipsel-linux-gcc
configure:4943: result: mipsel-buildroot-linux-uclibc-gcc -mips32r2 -msoft-float
configure:5018: checking for C compiler version
configure:5027: mipsel-buildroot-linux-uclibc-gcc -mips32r2 -msoft-float --version >&5
mipsel-buildroot-linux-uclibc-gcc (Buildroot 2015.08.1) 4.6.3
Copyright (C) 2011 Free Software Foundation, Inc.
This is free software; see the source for copying conditions.  There is NO
warranty; not even for MERCHANTABILITY or FITNESS FOR A PARTICULAR PURPOSE.

configure:5038: $? = 0
configure:5027: mipsel-buildroot-linux-uclibc-gcc -mips32r2 -msoft-float -v >&5
Using built-in specs.
COLLECT_GCC=mipsel-buildroot-linux-uclibc-gcc
COLLECT_LTO_WRAPPER=/mtkeda/bbn/trendchip/mipsel-linux-uclibc-4.6.3-kernel3.18/usr/bin/../libexec/gcc/mipsel-buildroot-linux-uclibc/4.6.3/lto-wrapper
Target: mipsel-buildroot-linux-uclibc
Configured with: ./configure --prefix=/opt/trendchip/mipsel-linux-uclibc-4.6.3-kernel3.18/usr --sysconfdir=/opt/trendchip/mipsel-linux-uclibc-4.6.3-kernel3.18/etc --enable-static --target=mipsel-buildroot-linux-uclibc --with-sysroot=/opt/trendchip/mipsel-linux-uclibc-4.6.3-kernel3.18/usr/mipsel-buildroot-linux-uclibc/sysroot --disable-__cxa_atexit --with-gnu-ld --disable-libssp --disable-multilib --with-gmp=/opt/trendchip/mipsel-linux-uclibc-4.6.3-kernel3.18/usr --with-mpfr=/opt/trendchip/mipsel-linux-uclibc-4.6.3-kernel3.18/usr --with-pkgversion='Buildroot 2015.08.1' --with-bugurl=http://bugs.buildroot.net/ --disable-libsanitizer --enable-tls --disable-libmudflap --enable-threads --with-mpc=/opt/trendchip/mipsel-linux-uclibc-4.6.3-kernel3.18/usr --without-isl --without-cloog --with-float=soft --disable-decimal-float --with-arch=mips32r2 --with-abi=32 --enable-languages=c,c++ --enable-poison-system-directories --with-build-time-tools=/opt/trendchip/mipsel-linux-uclibc-4.6.3-kernel3.18/usr/mipsel-buildroot-linux-uclibc/bin --enable-shared --disable-libgomp
Thread model: posix
gcc version 4.6.3 (Buildroot 2015.08.1) 
configure:5038: $? = 0
configure:5027: mipsel-buildroot-linux-uclibc-gcc -mips32r2 -msoft-float -V >&5
mipsel-buildroot-linux-uclibc-gcc: error: unrecognized option '-V'
mipsel-buildroot-linux-uclibc-gcc: fatal error: no input files
compilation terminated.
configure:5038: $? = 1
configure:5027: mipsel-buildroot-linux-uclibc-gcc -mips32r2 -msoft-float -qversion >&5
mipsel-buildroot-linux-uclibc-gcc: error: unrecognized option '-qversion'
mipsel-buildroot-linux-uclibc-gcc: fatal error: no input files
compilation terminated.
configure:5038: $? = 1
configure:5042: checking whether we are using the GNU C compiler
configure:5070: result: yes
configure:5079: checking whether mipsel-buildroot-linux-uclibc-gcc -mips32r2 -msoft-float accepts -g
configure:5140: result: yes
configure:5157: checking for mipsel-buildroot-linux-uclibc-gcc -mips32r2 -msoft-float option to accept ISO C89
configure:5233: result: none needed
configure:5258: checking whether mipsel-buildroot-linux-uclibc-gcc -mips32r2 -msoft-float understands -c and -o together
configure:5295: result: yes
configure:5314: checking dependency style of mipsel-buildroot-linux-uclibc-gcc -mips32r2 -msoft-float
configure:5425: result: gcc3
configure:5440: checking whether ln -s works
configure:5444: result: yes
configure:5499: checking how to print strings
configure:5526: result: printf
configure:5547: checking for a sed that does not truncate output
configure:5611: result: /bin/sed
configure:5629: checking for fgrep
configure:5691: result: /bin/grep -F
configure:5726: checking for ld used by mipsel-buildroot-linux-uclibc-gcc -mips32r2 -msoft-float
configure:5793: result: mipsel-buildroot-linux-uclibc-ld
configure:5800: checking if the linker (mipsel-buildroot-linux-uclibc-ld) is GNU ld
configure:5815: result: yes
configure:5827: checking for BSD- or MS-compatible name lister (nm)
configure:5876: result: /opt/trendchip/mipsel-linux-uclibc-4.6.3-kernel3.18/usr/bin//mipsel-linux-nm -B
configure:6006: checking the name lister (/opt/trendchip/mipsel-linux-uclibc-4.6.3-kernel3.18/usr/bin//mipsel-linux-nm -B) interface
configure:6013: mipsel-buildroot-linux-uclibc-gcc -mips32r2 -msoft-float -c -g -O2 -Wall -mips1 -DTCSUPPORT_CT -DTCSUPPORT_CT_JOYME2  conftest.c >&5
configure:6016: /opt/trendchip/mipsel-linux-uclibc-4.6.3-kernel3.18/usr/bin//mipsel-linux-nm -B "conftest.o"
configure:6019: output
00000000 B some_variable
configure:6026: result: BSD nm
configure:6030: checking the maximum length of command line arguments
configure:6160: result: 98304
configure:6177: checking whether the shell understands some XSI constructs
configure:6187: result: yes
configure:6191: checking whether the shell understands "+="
configure:6197: result: no
configure:6232: checking how to convert i686-pc-linux-uclibc file names to mipsel-unknown-linux-gnu format
configure:6272: result: func_convert_file_noop
configure:6279: checking how to convert i686-pc-linux-uclibc file names to toolchain format
configure:6299: result: func_convert_file_noop
configure:6306: checking for mipsel-buildroot-linux-uclibc-ld option to reload object files
configure:6313: result: -r
configure:6347: checking for mipsel-linux-objdump
configure:6363: found /opt/trendchip/mipsel-linux-uclibc-4.6.3-kernel3.18/usr/bin//mipsel-linux-objdump
configure:6374: result: mipsel-linux-objdump
configure:6446: checking how to recognize dependent libraries
configure:6648: result: pass_all
configure:6693: checking for mipsel-linux-dlltool
configure:6723: result: no
configure:6733: checking for dlltool
configure:6763: result: no
configure:6793: checking how to associate runtime and link libraries
configure:6820: result: printf %s\n
configure:6836: checking for mipsel-linux-ar
configure:6863: result: mipsel-buildroot-linux-uclibc-ar
configure:6944: checking for archiver @FILE support
configure:6961: mipsel-buildroot-linux-uclibc-gcc -mips32r2 -msoft-float -c -g -O2 -Wall -mips1 -DTCSUPPORT_CT -DTCSUPPORT_CT_JOYME2  conftest.c >&5
configure:6961: $? = 0
configure:6964: mipsel-buildroot-linux-uclibc-ar cru libconftest.a @conftest.lst >&5
configure:6967: $? = 0
configure:6972: mipsel-buildroot-linux-uclibc-ar cru libconftest.a @conftest.lst >&5
mipsel-buildroot-linux-uclibc-ar: conftest.o: No such file or directory
configure:6975: $? = 1
configure:6987: result: @
configure:7005: checking for mipsel-linux-strip
configure:7032: result: mipsel-buildroot-linux-uclibc-strip
configure:7104: checking for mipsel-linux-ranlib
configure:7131: result: mipsel-buildroot-linux-uclibc-ranlib
configure:7273: checking command to parse /opt/trendchip/mipsel-linux-uclibc-4.6.3-kernel3.18/usr/bin//mipsel-linux-nm -B output from mipsel-buildroot-linux-uclibc-gcc -mips32r2 -msoft-float object
configure:7393: mipsel-buildroot-linux-uclibc-gcc -mips32r2 -msoft-float -c -g -O2 -Wall -mips1 -DTCSUPPORT_CT -DTCSUPPORT_CT_JOYME2  conftest.c >&5
configure:7396: $? = 0
configure:7400: /opt/trendchip/mipsel-linux-uclibc-4.6.3-kernel3.18/usr/bin//mipsel-linux-nm -B conftest.o \| sed -n -e 's/^.*[ ]\([ABCDGIRSTW][ABCDGIRSTW]*\)[ ][ ]*\([_A-Za-z][_A-Za-z0-9]*\)$/\1 \2 \2/p' | sed '/ __gnu_lto/d' \> conftest.nm
configure:7403: $? = 0
configure:7469: mipsel-buildroot-linux-uclibc-gcc -mips32r2 -msoft-float -o conftest -g -O2 -Wall -mips1 -DTCSUPPORT_CT -DTCSUPPORT_CT_JOYME2   conftest.c conftstm.o >&5
configure:7472: $? = 0
configure:7510: result: ok
configure:7547: checking for sysroot
configure:7577: result: no
configure:7799: checking for mipsel-linux-mt
configure:7829: result: no
configure:7839: checking for mt
configure:7855: found /bin/mt
configure:7866: result: mt
configure:7878: WARNING: using cross tools not prefixed with host triplet
configure:7889: checking if mt is a manifest tool
configure:7895: mt '-?'
usage: mt [-v] [--version] [-h] [ -f device ] command [ count ]
configure:7903: result: no
configure:8542: checking for dlfcn.h
configure:8542: mipsel-buildroot-linux-uclibc-gcc -mips32r2 -msoft-float -c -g -O2 -Wall -mips1 -DTCSUPPORT_CT -DTCSUPPORT_CT_JOYME2  conftest.c >&5
configure:8542: $? = 0
configure:8542: result: yes
configure:8748: checking for objdir
configure:8763: result: .libs
configure:9034: checking if mipsel-buildroot-linux-uclibc-gcc -mips32r2 -msoft-float supports -fno-rtti -fno-exceptions
configure:9052: mipsel-buildroot-linux-uclibc-gcc -mips32r2 -msoft-float -c -g -O2 -Wall -mips1 -DTCSUPPORT_CT -DTCSUPPORT_CT_JOYME2  -fno-rtti -fno-exceptions conftest.c >&5
cc1: warning: command line option '-fno-rtti' is valid for C++/ObjC++ but not for C [enabled by default]
configure:9056: $? = 0
configure:9069: result: no
configure:9396: checking for mipsel-buildroot-linux-uclibc-gcc -mips32r2 -msoft-float option to produce PIC
configure:9403: result: -fPIC -DPIC
configure:9411: checking if mipsel-buildroot-linux-uclibc-gcc -mips32r2 -msoft-float PIC flag -fPIC -DPIC works
configure:9429: mipsel-buildroot-linux-uclibc-gcc -mips32r2 -msoft-float -c -g -O2 -Wall -mips1 -DTCSUPPORT_CT -DTCSUPPORT_CT_JOYME2  -fPIC -DPIC -DPIC conftest.c >&5
configure:9433: $? = 0
configure:9446: result: yes
configure:9475: checking if mipsel-buildroot-linux-uclibc-gcc -mips32r2 -msoft-float static flag -static works
configure:9503: result: yes
configure:9518: checking if mipsel-buildroot-linux-uclibc-gcc -mips32r2 -msoft-float supports -c -o file.o
configure:9539: mipsel-buildroot-linux-uclibc-gcc -mips32r2 -msoft-float -c -g -O2 -Wall -mips1 -DTCSUPPORT_CT -DTCSUPPORT_CT_JOYME2  -o out/conftest2.o conftest.c >&5
configure:9543: $? = 0
configure:9565: result: yes
configure:9573: checking if mipsel-buildroot-linux-uclibc-gcc -mips32r2 -msoft-float supports -c -o file.o
configure:9620: result: yes
configure:9653: checking whether the mipsel-buildroot-linux-uclibc-gcc -mips32r2 -msoft-float linker (mipsel-buildroot-linux-uclibc-ld) supports shared libraries
configure:10806: result: yes
configure:10843: checking whether -lc should be explicitly linked in
configure:10851: mipsel-buildroot-linux-uclibc-gcc -mips32r2 -msoft-float -c -g -O2 -Wall -mips1 -DTCSUPPORT_CT -DTCSUPPORT_CT_JOYME2  conftest.c >&5
configure:10854: $? = 0
configure:10869: mipsel-buildroot-linux-uclibc-gcc -mips32r2 -msoft-float -shared  -fPIC -DPIC conftest.o  -v -Wl,-soname -Wl,conftest -o conftest 2\>\&1 \| /bin/grep  -lc  \>/dev/null 2\>\&1
configure:10872: $? = 0
configure:10886: result: no
configure:11046: checking dynamic linker characteristics
configure:11557: mipsel-buildroot-linux-uclibc-gcc -mips32r2 -msoft-float -o conftest -g -O2 -Wall -mips1 -DTCSUPPORT_CT -DTCSUPPORT_CT_JOYME2   -Wl,-rpath -Wl,/foo conftest.c  >&5
configure:11557: $? = 0
configure:11783: result: GNU/Linux ld.so
configure:11890: checking how to hardcode library paths into programs
configure:11915: result: immediate
configure:12455: checking whether stripping libraries is possible
configure:12460: result: yes
configure:12495: checking if libtool supports shared libraries
configure:12497: result: yes
configure:12500: checking whether to build shared libraries
configure:12521: result: yes
configure:12524: checking whether to build static libraries
configure:12528: result: yes
configure:12578: checking for mipsel-linux-pkg-config
configure:12611: result: no
configure:12621: checking for pkg-config
configure:12639: found /opt/trendchip/mipsel-linux-uclibc-4.6.3-kernel3.18/usr/bin//pkg-config
configure:12651: result: /opt/trendchip/mipsel-linux-uclibc-4.6.3-kernel3.18/usr/bin//pkg-config
configure:12676: checking pkg-config is at least version 0.9.0
configure:12679: result: yes
configure:12690: checking for mv
configure:12708: found /bin/mv
configure:12720: result: /bin/mv
configure:12730: checking for rm
configure:12748: found /bin/rm
configure:12760: result: /bin/rm
configure:12770: checking for sed
configure:12800: result: /bin/sed
configure:12811: checking for ldconfig
configure:12829: found /sbin/ldconfig
configure:12842: result: /sbin/ldconfig
configure:12852: checking Windows OS
configure:12864: result: no
configure:12871: checking fuse compatibility
configure:12895: result: internal
configure:12925: checking for pthread_create in -lpthread
configure:12950: mipsel-buildroot-linux-uclibc-gcc -mips32r2 -msoft-float -o conftest -g -O2 -Wall -mips1 -DTCSUPPORT_CT -DTCSUPPORT_CT_JOYME2   conftest.c -lpthread   >&5
configure:12950: $? = 0
configure:12959: result: yes
configure:12976: checking Solaris OS
configure:12993: mipsel-buildroot-linux-uclibc-gcc -mips32r2 -msoft-float -c -g -O2 -Wall -mips1 -DTCSUPPORT_CT -DTCSUPPORT_CT_JOYME2  conftest.c >&5
conftest.c:32:6: error: #error "Not a Solaris system."
configure:12993: $? = 1
configure: failed program was:
| /* confdefs.h */
| #define PACKAGE_NAME "ntfs-3g"
| #define PACKAGE_TARNAME "ntfs-3g"
| #define PACKAGE_VERSION "2017.3.23"
| #define PACKAGE_STRING "ntfs-3g 2017.3.23"
| #define PACKAGE_BUGREPORT "ntfs-3g-devel@lists.sf.net"
| #define PACKAGE_URL ""
| #define PACKAGE "ntfs-3g"
| #define VERSION "2017.3.23"
| #define STDC_HEADERS 1
| #define HAVE_SYS_TYPES_H 1
| #define HAVE_SYS_STAT_H 1
| #define HAVE_STDLIB_H 1
| #define HAVE_STRING_H 1
| #define HAVE_MEMORY_H 1
| #define HAVE_STRINGS_H 1
| #define HAVE_INTTYPES_H 1
| #define HAVE_STDINT_H 1
| #define HAVE_UNISTD_H 1
| #define __EXTENSIONS__ 1
| #define _ALL_SOURCE 1
| #define _GNU_SOURCE 1
| #define _POSIX_PTHREAD_SEMANTICS 1
| #define _TANDEM_SOURCE 1
| #define HAVE_DLFCN_H 1
| #define LT_OBJDIR ".libs/"
| #define _REENTRANT 1
| #define FUSE_INTERNAL 1
| /* end confdefs.h.  */
| 
| 			#if !((defined(sun) || defined(__sun)) && (defined(__SVR4) || defined(__svr4__)))
| 				#error "Not a Solaris system."
| 				#endif
| 
| 
configure:13002: result: no
configure:13503: checking uuid/uuid.h usability
configure:13503: mipsel-buildroot-linux-uclibc-gcc -mips32r2 -msoft-float -c -g -O2 -Wall -mips1 -DTCSUPPORT_CT -DTCSUPPORT_CT_JOYME2  conftest.c >&5
conftest.c:63:23: fatal error: uuid/uuid.h: No such file or directory
compilation terminated.
configure:13503: $? = 1
configure: failed program was:
| /* confdefs.h */
| #define PACKAGE_NAME "ntfs-3g"
| #define PACKAGE_TARNAME "ntfs-3g"
| #define PACKAGE_VERSION "2017.3.23"
| #define PACKAGE_STRING "ntfs-3g 2017.3.23"
| #define PACKAGE_BUGREPORT "ntfs-3g-devel@lists.sf.net"
| #define PACKAGE_URL ""
| #define PACKAGE "ntfs-3g"
| #define VERSION "2017.3.23"
| #define STDC_HEADERS 1
| #define HAVE_SYS_TYPES_H 1
| #define HAVE_SYS_STAT_H 1
| #define HAVE_STDLIB_H 1
| #define HAVE_STRING_H 1
| #define HAVE_MEMORY_H 1
| #define HAVE_STRINGS_H 1
| #define HAVE_INTTYPES_H 1
| #define HAVE_STDINT_H 1
| #define HAVE_UNISTD_H 1
| #define __EXTENSIONS__ 1
| #define _ALL_SOURCE 1
| #define _GNU_SOURCE 1
| #define _POSIX_PTHREAD_SEMANTICS 1
| #define _TANDEM_SOURCE 1
| #define HAVE_DLFCN_H 1
| #define LT_OBJDIR ".libs/"
| #define _REENTRANT 1
| #define FUSE_INTERNAL 1
| /* end confdefs.h.  */
| #include <stdio.h>
| #ifdef HAVE_SYS_TYPES_H
| # include <sys/types.h>
| #endif
| #ifdef HAVE_SYS_STAT_H
| # include <sys/stat.h>
| #endif
| #ifdef STDC_HEADERS
| # include <stdlib.h>
| # include <stddef.h>
| #else
| # ifdef HAVE_STDLIB_H
| #  include <stdlib.h>
| # endif
| #endif
| #ifdef HAVE_STRING_H
| # if !defined STDC_HEADERS && defined HAVE_MEMORY_H
| #  include <memory.h>
| # endif
| # include <string.h>
| #endif
| #ifdef HAVE_STRINGS_H
| # include <strings.h>
| #endif
| #ifdef HAVE_INTTYPES_H
| # include <inttypes.h>
| #endif
| #ifdef HAVE_STDINT_H
| # include <stdint.h>
| #endif
| #ifdef HAVE_UNISTD_H
| # include <unistd.h>
| #endif
| #include <uuid/uuid.h>
configure:13503: result: no
configure:13503: checking uuid/uuid.h presence
configure:13503: mipsel-buildroot-linux-uclibc-gcc -mips32r2 -msoft-float -E  conftest.c
conftest.c:30:23: fatal error: uuid/uuid.h: No such file or directory
compilation terminated.
configure:13503: $? = 1
configure: failed program was:
| /* confdefs.h */
| #define PACKAGE_NAME "ntfs-3g"
| #define PACKAGE_TARNAME "ntfs-3g"
| #define PACKAGE_VERSION "2017.3.23"
| #define PACKAGE_STRING "ntfs-3g 2017.3.23"
| #define PACKAGE_BUGREPORT "ntfs-3g-devel@lists.sf.net"
| #define PACKAGE_URL ""
| #define PACKAGE "ntfs-3g"
| #define VERSION "2017.3.23"
| #define STDC_HEADERS 1
| #define HAVE_SYS_TYPES_H 1
| #define HAVE_SYS_STAT_H 1
| #define HAVE_STDLIB_H 1
| #define HAVE_STRING_H 1
| #define HAVE_MEMORY_H 1
| #define HAVE_STRINGS_H 1
| #define HAVE_INTTYPES_H 1
| #define HAVE_STDINT_H 1
| #define HAVE_UNISTD_H 1
| #define __EXTENSIONS__ 1
| #define _ALL_SOURCE 1
| #define _GNU_SOURCE 1
| #define _POSIX_PTHREAD_SEMANTICS 1
| #define _TANDEM_SOURCE 1
| #define HAVE_DLFCN_H 1
| #define LT_OBJDIR ".libs/"
| #define _REENTRANT 1
| #define FUSE_INTERNAL 1
| /* end confdefs.h.  */
| #include <uuid/uuid.h>
configure:13503: result: no
configure:13503: checking for uuid/uuid.h
configure:13503: result: no
configure:13508: WARNING: ntfsprogs DCE compliant UUID generation code requires the uuid library.
configure:13613: checking hd.h usability
configure:13613: mipsel-buildroot-linux-uclibc-gcc -mips32r2 -msoft-float -c -g -O2 -Wall -mips1 -DTCSUPPORT_CT -DTCSUPPORT_CT_JOYME2  conftest.c >&5
conftest.c:63:16: fatal error: hd.h: No such file or directory
compilation terminated.
configure:13613: $? = 1
configure: failed program was:
| /* confdefs.h */
| #define PACKAGE_NAME "ntfs-3g"
| #define PACKAGE_TARNAME "ntfs-3g"
| #define PACKAGE_VERSION "2017.3.23"
| #define PACKAGE_STRING "ntfs-3g 2017.3.23"
| #define PACKAGE_BUGREPORT "ntfs-3g-devel@lists.sf.net"
| #define PACKAGE_URL ""
| #define PACKAGE "ntfs-3g"
| #define VERSION "2017.3.23"
| #define STDC_HEADERS 1
| #define HAVE_SYS_TYPES_H 1
| #define HAVE_SYS_STAT_H 1
| #define HAVE_STDLIB_H 1
| #define HAVE_STRING_H 1
| #define HAVE_MEMORY_H 1
| #define HAVE_STRINGS_H 1
| #define HAVE_INTTYPES_H 1
| #define HAVE_STDINT_H 1
| #define HAVE_UNISTD_H 1
| #define __EXTENSIONS__ 1
| #define _ALL_SOURCE 1
| #define _GNU_SOURCE 1
| #define _POSIX_PTHREAD_SEMANTICS 1
| #define _TANDEM_SOURCE 1
| #define HAVE_DLFCN_H 1
| #define LT_OBJDIR ".libs/"
| #define _REENTRANT 1
| #define FUSE_INTERNAL 1
| /* end confdefs.h.  */
| #include <stdio.h>
| #ifdef HAVE_SYS_TYPES_H
| # include <sys/types.h>
| #endif
| #ifdef HAVE_SYS_STAT_H
| # include <sys/stat.h>
| #endif
| #ifdef STDC_HEADERS
| # include <stdlib.h>
| # include <stddef.h>
| #else
| # ifdef HAVE_STDLIB_H
| #  include <stdlib.h>
| # endif
| #endif
| #ifdef HAVE_STRING_H
| # if !defined STDC_HEADERS && defined HAVE_MEMORY_H
| #  include <memory.h>
| # endif
| # include <string.h>
| #endif
| #ifdef HAVE_STRINGS_H
| # include <strings.h>
| #endif
| #ifdef HAVE_INTTYPES_H
| # include <inttypes.h>
| #endif
| #ifdef HAVE_STDINT_H
| # include <stdint.h>
| #endif
| #ifdef HAVE_UNISTD_H
| # include <unistd.h>
| #endif
| #include <hd.h>
configure:13613: result: no
configure:13613: checking hd.h presence
configure:13613: mipsel-buildroot-linux-uclibc-gcc -mips32r2 -msoft-float -E  conftest.c
conftest.c:30:16: fatal error: hd.h: No such file or directory
compilation terminated.
configure:13613: $? = 1
configure: failed program was:
| /* confdefs.h */
| #define PACKAGE_NAME "ntfs-3g"
| #define PACKAGE_TARNAME "ntfs-3g"
| #define PACKAGE_VERSION "2017.3.23"
| #define PACKAGE_STRING "ntfs-3g 2017.3.23"
| #define PACKAGE_BUGREPORT "ntfs-3g-devel@lists.sf.net"
| #define PACKAGE_URL ""
| #define PACKAGE "ntfs-3g"
| #define VERSION "2017.3.23"
| #define STDC_HEADERS 1
| #define HAVE_SYS_TYPES_H 1
| #define HAVE_SYS_STAT_H 1
| #define HAVE_STDLIB_H 1
| #define HAVE_STRING_H 1
| #define HAVE_MEMORY_H 1
| #define HAVE_STRINGS_H 1
| #define HAVE_INTTYPES_H 1
| #define HAVE_STDINT_H 1
| #define HAVE_UNISTD_H 1
| #define __EXTENSIONS__ 1
| #define _ALL_SOURCE 1
| #define _GNU_SOURCE 1
| #define _POSIX_PTHREAD_SEMANTICS 1
| #define _TANDEM_SOURCE 1
| #define HAVE_DLFCN_H 1
| #define LT_OBJDIR ".libs/"
| #define _REENTRANT 1
| #define FUSE_INTERNAL 1
| /* end confdefs.h.  */
| #include <hd.h>
configure:13613: result: no
configure:13613: checking for hd.h
configure:13613: result: no
configure:13663: WARNING: ntfsprogs Windows compliant geometry code requires the hd library.
configure:13671: checking for ANSI C header files
configure:13775: result: yes
configure:13783: checking whether sys/types.h defines makedev
configure:13799: mipsel-buildroot-linux-uclibc-gcc -mips32r2 -msoft-float -o conftest -g -O2 -Wall -mips1 -DTCSUPPORT_CT -DTCSUPPORT_CT_JOYME2   conftest.c  >&5
configure:13799: $? = 0
configure:13808: result: yes
configure:13843: checking ctype.h usability
configure:13843: mipsel-buildroot-linux-uclibc-gcc -mips32r2 -msoft-float -c -g -O2 -Wall -mips1 -DTCSUPPORT_CT -DTCSUPPORT_CT_JOYME2  conftest.c >&5
configure:13843: $? = 0
configure:13843: result: yes
configure:13843: checking ctype.h presence
configure:13843: mipsel-buildroot-linux-uclibc-gcc -mips32r2 -msoft-float -E  conftest.c
configure:13843: $? = 0
configure:13843: result: yes
configure:13843: checking for ctype.h
configure:13843: result: yes
configure:13843: checking fcntl.h usability
configure:13843: mipsel-buildroot-linux-uclibc-gcc -mips32r2 -msoft-float -c -g -O2 -Wall -mips1 -DTCSUPPORT_CT -DTCSUPPORT_CT_JOYME2  conftest.c >&5
configure:13843: $? = 0
configure:13843: result: yes
configure:13843: checking fcntl.h presence
configure:13843: mipsel-buildroot-linux-uclibc-gcc -mips32r2 -msoft-float -E  conftest.c
configure:13843: $? = 0
configure:13843: result: yes
configure:13843: checking for fcntl.h
configure:13843: result: yes
configure:13843: checking libgen.h usability
configure:13843: mipsel-buildroot-linux-uclibc-gcc -mips32r2 -msoft-float -c -g -O2 -Wall -mips1 -DTCSUPPORT_CT -DTCSUPPORT_CT_JOYME2  conftest.c >&5
configure:13843: $? = 0
configure:13843: result: yes
configure:13843: checking libgen.h presence
configure:13843: mipsel-buildroot-linux-uclibc-gcc -mips32r2 -msoft-float -E  conftest.c
configure:13843: $? = 0
configure:13843: result: yes
configure:13843: checking for libgen.h
configure:13843: result: yes
configure:13843: checking libintl.h usability
configure:13843: mipsel-buildroot-linux-uclibc-gcc -mips32r2 -msoft-float -c -g -O2 -Wall -mips1 -DTCSUPPORT_CT -DTCSUPPORT_CT_JOYME2  conftest.c >&5
conftest.c:67:21: fatal error: libintl.h: No such file or directory
compilation terminated.
configure:13843: $? = 1
configure: failed program was:
| /* confdefs.h */
| #define PACKAGE_NAME "ntfs-3g"
| #define PACKAGE_TARNAME "ntfs-3g"
| #define PACKAGE_VERSION "2017.3.23"
| #define PACKAGE_STRING "ntfs-3g 2017.3.23"
| #define PACKAGE_BUGREPORT "ntfs-3g-devel@lists.sf.net"
| #define PACKAGE_URL ""
| #define PACKAGE "ntfs-3g"
| #define VERSION "2017.3.23"
| #define STDC_HEADERS 1
| #define HAVE_SYS_TYPES_H 1
| #define HAVE_SYS_STAT_H 1
| #define HAVE_STDLIB_H 1
| #define HAVE_STRING_H 1
| #define HAVE_MEMORY_H 1
| #define HAVE_STRINGS_H 1
| #define HAVE_INTTYPES_H 1
| #define HAVE_STDINT_H 1
| #define HAVE_UNISTD_H 1
| #define __EXTENSIONS__ 1
| #define _ALL_SOURCE 1
| #define _GNU_SOURCE 1
| #define _POSIX_PTHREAD_SEMANTICS 1
| #define _TANDEM_SOURCE 1
| #define HAVE_DLFCN_H 1
| #define LT_OBJDIR ".libs/"
| #define _REENTRANT 1
| #define FUSE_INTERNAL 1
| #define STDC_HEADERS 1
| #define HAVE_CTYPE_H 1
| #define HAVE_FCNTL_H 1
| #define HAVE_LIBGEN_H 1
| /* end confdefs.h.  */
| #include <stdio.h>
| #ifdef HAVE_SYS_TYPES_H
| # include <sys/types.h>
| #endif
| #ifdef HAVE_SYS_STAT_H
| # include <sys/stat.h>
| #endif
| #ifdef STDC_HEADERS
| # include <stdlib.h>
| # include <stddef.h>
| #else
| # ifdef HAVE_STDLIB_H
| #  include <stdlib.h>
| # endif
| #endif
| #ifdef HAVE_STRING_H
| # if !defined STDC_HEADERS && defined HAVE_MEMORY_H
| #  include <memory.h>
| # endif
| # include <string.h>
| #endif
| #ifdef HAVE_STRINGS_H
| # include <strings.h>
| #endif
| #ifdef HAVE_INTTYPES_H
| # include <inttypes.h>
| #endif
| #ifdef HAVE_STDINT_H
| # include <stdint.h>
| #endif
| #ifdef HAVE_UNISTD_H
| # include <unistd.h>
| #endif
| #include <libintl.h>
configure:13843: result: no
configure:13843: checking libintl.h presence
configure:13843: mipsel-buildroot-linux-uclibc-gcc -mips32r2 -msoft-float -E  conftest.c
conftest.c:34:21: fatal error: libintl.h: No such file or directory
compilation terminated.
configure:13843: $? = 1
configure: failed program was:
| /* confdefs.h */
| #define PACKAGE_NAME "ntfs-3g"
| #define PACKAGE_TARNAME "ntfs-3g"
| #define PACKAGE_VERSION "2017.3.23"
| #define PACKAGE_STRING "ntfs-3g 2017.3.23"
| #define PACKAGE_BUGREPORT "ntfs-3g-devel@lists.sf.net"
| #define PACKAGE_URL ""
| #define PACKAGE "ntfs-3g"
| #define VERSION "2017.3.23"
| #define STDC_HEADERS 1
| #define HAVE_SYS_TYPES_H 1
| #define HAVE_SYS_STAT_H 1
| #define HAVE_STDLIB_H 1
| #define HAVE_STRING_H 1
| #define HAVE_MEMORY_H 1
| #define HAVE_STRINGS_H 1
| #define HAVE_INTTYPES_H 1
| #define HAVE_STDINT_H 1
| #define HAVE_UNISTD_H 1
| #define __EXTENSIONS__ 1
| #define _ALL_SOURCE 1
| #define _GNU_SOURCE 1
| #define _POSIX_PTHREAD_SEMANTICS 1
| #define _TANDEM_SOURCE 1
| #define HAVE_DLFCN_H 1
| #define LT_OBJDIR ".libs/"
| #define _REENTRANT 1
| #define FUSE_INTERNAL 1
| #define STDC_HEADERS 1
| #define HAVE_CTYPE_H 1
| #define HAVE_FCNTL_H 1
| #define HAVE_LIBGEN_H 1
| /* end confdefs.h.  */
| #include <libintl.h>
configure:13843: result: no
configure:13843: checking for libintl.h
configure:13843: result: no
configure:13843: checking limits.h usability
configure:13843: mipsel-buildroot-linux-uclibc-gcc -mips32r2 -msoft-float -c -g -O2 -Wall -mips1 -DTCSUPPORT_CT -DTCSUPPORT_CT_JOYME2  conftest.c >&5
configure:13843: $? = 0
configure:13843: result: yes
configure:13843: checking limits.h presence
configure:13843: mipsel-buildroot-linux-uclibc-gcc -mips32r2 -msoft-float -E  conftest.c
configure:13843: $? = 0
configure:13843: result: yes
configure:13843: checking for limits.h
configure:13843: result: yes
configure:13843: checking locale.h usability
configure:13843: mipsel-buildroot-linux-uclibc-gcc -mips32r2 -msoft-float -c -g -O2 -Wall -mips1 -DTCSUPPORT_CT -DTCSUPPORT_CT_JOYME2  conftest.c >&5
configure:13843: $? = 0
configure:13843: result: yes
configure:13843: checking locale.h presence
configure:13843: mipsel-buildroot-linux-uclibc-gcc -mips32r2 -msoft-float -E  conftest.c
configure:13843: $? = 0
configure:13843: result: yes
configure:13843: checking for locale.h
configure:13843: result: yes
configure:13843: checking mntent.h usability
configure:13843: mipsel-buildroot-linux-uclibc-gcc -mips32r2 -msoft-float -c -g -O2 -Wall -mips1 -DTCSUPPORT_CT -DTCSUPPORT_CT_JOYME2  conftest.c >&5
configure:13843: $? = 0
configure:13843: result: yes
configure:13843: checking mntent.h presence
configure:13843: mipsel-buildroot-linux-uclibc-gcc -mips32r2 -msoft-float -E  conftest.c
configure:13843: $? = 0
configure:13843: result: yes
configure:13843: checking for mntent.h
configure:13843: result: yes
configure:13843: checking stddef.h usability
configure:13843: mipsel-buildroot-linux-uclibc-gcc -mips32r2 -msoft-float -c -g -O2 -Wall -mips1 -DTCSUPPORT_CT -DTCSUPPORT_CT_JOYME2  conftest.c >&5
configure:13843: $? = 0
configure:13843: result: yes
configure:13843: checking stddef.h presence
configure:13843: mipsel-buildroot-linux-uclibc-gcc -mips32r2 -msoft-float -E  conftest.c
configure:13843: $? = 0
configure:13843: result: yes
configure:13843: checking for stddef.h
configure:13843: result: yes
configure:13843: checking for stdint.h
configure:13843: result: yes
configure:13843: checking for stdlib.h
configure:13843: result: yes
configure:13843: checking stdio.h usability
configure:13843: mipsel-buildroot-linux-uclibc-gcc -mips32r2 -msoft-float -c -g -O2 -Wall -mips1 -DTCSUPPORT_CT -DTCSUPPORT_CT_JOYME2  conftest.c >&5
configure:13843: $? = 0
configure:13843: result: yes
configure:13843: checking stdio.h presence
configure:13843: mipsel-buildroot-linux-uclibc-gcc -mips32r2 -msoft-float -E  conftest.c
configure:13843: $? = 0
configure:13843: result: yes
configure:13843: checking for stdio.h
configure:13843: result: yes
configure:13843: checking stdarg.h usability
configure:13843: mipsel-buildroot-linux-uclibc-gcc -mips32r2 -msoft-float -c -g -O2 -Wall -mips1 -DTCSUPPORT_CT -DTCSUPPORT_CT_JOYME2  conftest.c >&5
configure:13843: $? = 0
configure:13843: result: yes
configure:13843: checking stdarg.h presence
configure:13843: mipsel-buildroot-linux-uclibc-gcc -mips32r2 -msoft-float -E  conftest.c
configure:13843: $? = 0
configure:13843: result: yes
configure:13843: checking for stdarg.h
configure:13843: result: yes
configure:13843: checking for string.h
configure:13843: result: yes
configure:13843: checking for strings.h
configure:13843: result: yes
configure:13843: checking errno.h usability
configure:13843: mipsel-buildroot-linux-uclibc-gcc -mips32r2 -msoft-float -c -g -O2 -Wall -mips1 -DTCSUPPORT_CT -DTCSUPPORT_CT_JOYME2  conftest.c >&5
configure:13843: $? = 0
configure:13843: result: yes
configure:13843: checking errno.h presence
configure:13843: mipsel-buildroot-linux-uclibc-gcc -mips32r2 -msoft-float -E  conftest.c
configure:13843: $? = 0
configure:13843: result: yes
configure:13843: checking for errno.h
configure:13843: result: yes
configure:13843: checking time.h usability
configure:13843: mipsel-buildroot-linux-uclibc-gcc -mips32r2 -msoft-float -c -g -O2 -Wall -mips1 -DTCSUPPORT_CT -DTCSUPPORT_CT_JOYME2  conftest.c >&5
configure:13843: $? = 0
configure:13843: result: yes
configure:13843: checking time.h presence
configure:13843: mipsel-buildroot-linux-uclibc-gcc -mips32r2 -msoft-float -E  conftest.c
configure:13843: $? = 0
configure:13843: result: yes
configure:13843: checking for time.h
configure:13843: result: yes
configure:13843: checking for unistd.h
configure:13843: result: yes
configure:13843: checking utime.h usability
configure:13843: mipsel-buildroot-linux-uclibc-gcc -mips32r2 -msoft-float -c -g -O2 -Wall -mips1 -DTCSUPPORT_CT -DTCSUPPORT_CT_JOYME2  conftest.c >&5
configure:13843: $? = 0
configure:13843: result: yes
configure:13843: checking utime.h presence
configure:13843: mipsel-buildroot-linux-uclibc-gcc -mips32r2 -msoft-float -E  conftest.c
configure:13843: $? = 0
configure:13843: result: yes
configure:13843: checking for utime.h
configure:13843: result: yes
configure:13843: checking wchar.h usability
configure:13843: mipsel-buildroot-linux-uclibc-gcc -mips32r2 -msoft-float -c -g -O2 -Wall -mips1 -DTCSUPPORT_CT -DTCSUPPORT_CT_JOYME2  conftest.c >&5
configure:13843: $? = 0
configure:13843: result: yes
configure:13843: checking wchar.h presence
configure:13843: mipsel-buildroot-linux-uclibc-gcc -mips32r2 -msoft-float -E  conftest.c
configure:13843: $? = 0
configure:13843: result: yes
configure:13843: checking for wchar.h
configure:13843: result: yes
configure:13843: checking getopt.h usability
configure:13843: mipsel-buildroot-linux-uclibc-gcc -mips32r2 -msoft-float -c -g -O2 -Wall -mips1 -DTCSUPPORT_CT -DTCSUPPORT_CT_JOYME2  conftest.c >&5
configure:13843: $? = 0
configure:13843: result: yes
configure:13843: checking getopt.h presence
configure:13843: mipsel-buildroot-linux-uclibc-gcc -mips32r2 -msoft-float -E  conftest.c
configure:13843: $? = 0
configure:13843: result: yes
configure:13843: checking for getopt.h
configure:13843: result: yes
configure:13843: checking features.h usability
configure:13843: mipsel-buildroot-linux-uclibc-gcc -mips32r2 -msoft-float -c -g -O2 -Wall -mips1 -DTCSUPPORT_CT -DTCSUPPORT_CT_JOYME2  conftest.c >&5
configure:13843: $? = 0
configure:13843: result: yes
configure:13843: checking features.h presence
configure:13843: mipsel-buildroot-linux-uclibc-gcc -mips32r2 -msoft-float -E  conftest.c
configure:13843: $? = 0
configure:13843: result: yes
configure:13843: checking for features.h
configure:13843: result: yes
configure:13843: checking regex.h usability
configure:13843: mipsel-buildroot-linux-uclibc-gcc -mips32r2 -msoft-float -c -g -O2 -Wall -mips1 -DTCSUPPORT_CT -DTCSUPPORT_CT_JOYME2  conftest.c >&5
configure:13843: $? = 0
configure:13843: result: yes
configure:13843: checking regex.h presence
configure:13843: mipsel-buildroot-linux-uclibc-gcc -mips32r2 -msoft-float -E  conftest.c
configure:13843: $? = 0
configure:13843: result: yes
configure:13843: checking for regex.h
configure:13843: result: yes
configure:13843: checking endian.h usability
configure:13843: mipsel-buildroot-linux-uclibc-gcc -mips32r2 -msoft-float -c -g -O2 -Wall -mips1 -DTCSUPPORT_CT -DTCSUPPORT_CT_JOYME2  conftest.c >&5
configure:13843: $? = 0
configure:13843: result: yes
configure:13843: checking endian.h presence
configure:13843: mipsel-buildroot-linux-uclibc-gcc -mips32r2 -msoft-float -E  conftest.c
configure:13843: $? = 0
configure:13843: result: yes
configure:13843: checking for endian.h
configure:13843: result: yes
configure:13843: checking byteswap.h usability
configure:13843: mipsel-buildroot-linux-uclibc-gcc -mips32r2 -msoft-float -c -g -O2 -Wall -mips1 -DTCSUPPORT_CT -DTCSUPPORT_CT_JOYME2  conftest.c >&5
configure:13843: $? = 0
configure:13843: result: yes
configure:13843: checking byteswap.h presence
configure:13843: mipsel-buildroot-linux-uclibc-gcc -mips32r2 -msoft-float -E  conftest.c
configure:13843: $? = 0
configure:13843: result: yes
configure:13843: checking for byteswap.h
configure:13843: result: yes
configure:13843: checking sys/byteorder.h usability
configure:13843: mipsel-buildroot-linux-uclibc-gcc -mips32r2 -msoft-float -c -g -O2 -Wall -mips1 -DTCSUPPORT_CT -DTCSUPPORT_CT_JOYME2  conftest.c >&5
conftest.c:87:27: fatal error: sys/byteorder.h: No such file or directory
compilation terminated.
configure:13843: $? = 1
configure: failed program was:
| /* confdefs.h */
| #define PACKAGE_NAME "ntfs-3g"
| #define PACKAGE_TARNAME "ntfs-3g"
| #define PACKAGE_VERSION "2017.3.23"
| #define PACKAGE_STRING "ntfs-3g 2017.3.23"
| #define PACKAGE_BUGREPORT "ntfs-3g-devel@lists.sf.net"
| #define PACKAGE_URL ""
| #define PACKAGE "ntfs-3g"
| #define VERSION "2017.3.23"
| #define STDC_HEADERS 1
| #define HAVE_SYS_TYPES_H 1
| #define HAVE_SYS_STAT_H 1
| #define HAVE_STDLIB_H 1
| #define HAVE_STRING_H 1
| #define HAVE_MEMORY_H 1
| #define HAVE_STRINGS_H 1
| #define HAVE_INTTYPES_H 1
| #define HAVE_STDINT_H 1
| #define HAVE_UNISTD_H 1
| #define __EXTENSIONS__ 1
| #define _ALL_SOURCE 1
| #define _GNU_SOURCE 1
| #define _POSIX_PTHREAD_SEMANTICS 1
| #define _TANDEM_SOURCE 1
| #define HAVE_DLFCN_H 1
| #define LT_OBJDIR ".libs/"
| #define _REENTRANT 1
| #define FUSE_INTERNAL 1
| #define STDC_HEADERS 1
| #define HAVE_CTYPE_H 1
| #define HAVE_FCNTL_H 1
| #define HAVE_LIBGEN_H 1
| #define HAVE_LIMITS_H 1
| #define HAVE_LOCALE_H 1
| #define HAVE_MNTENT_H 1
| #define HAVE_STDDEF_H 1
| #define HAVE_STDINT_H 1
| #define HAVE_STDLIB_H 1
| #define HAVE_STDIO_H 1
| #define HAVE_STDARG_H 1
| #define HAVE_STRING_H 1
| #define HAVE_STRINGS_H 1
| #define HAVE_ERRNO_H 1
| #define HAVE_TIME_H 1
| #define HAVE_UNISTD_H 1
| #define HAVE_UTIME_H 1
| #define HAVE_WCHAR_H 1
| #define HAVE_GETOPT_H 1
| #define HAVE_FEATURES_H 1
| #define HAVE_REGEX_H 1
| #define HAVE_ENDIAN_H 1
| #define HAVE_BYTESWAP_H 1
| /* end confdefs.h.  */
| #include <stdio.h>
| #ifdef HAVE_SYS_TYPES_H
| # include <sys/types.h>
| #endif
| #ifdef HAVE_SYS_STAT_H
| # include <sys/stat.h>
| #endif
| #ifdef STDC_HEADERS
| # include <stdlib.h>
| # include <stddef.h>
| #else
| # ifdef HAVE_STDLIB_H
| #  include <stdlib.h>
| # endif
| #endif
| #ifdef HAVE_STRING_H
| # if !defined STDC_HEADERS && defined HAVE_MEMORY_H
| #  include <memory.h>
| # endif
| # include <string.h>
| #endif
| #ifdef HAVE_STRINGS_H
| # include <strings.h>
| #endif
| #ifdef HAVE_INTTYPES_H
| # include <inttypes.h>
| #endif
| #ifdef HAVE_STDINT_H
| # include <stdint.h>
| #endif
| #ifdef HAVE_UNISTD_H
| # include <unistd.h>
| #endif
| #include <sys/byteorder.h>
configure:13843: result: no
configure:13843: checking sys/byteorder.h presence
configure:13843: mipsel-buildroot-linux-uclibc-gcc -mips32r2 -msoft-float -E  conftest.c
conftest.c:54:27: fatal error: sys/byteorder.h: No such file or directory
compilation terminated.
configure:13843: $? = 1
configure: failed program was:
| /* confdefs.h */
| #define PACKAGE_NAME "ntfs-3g"
| #define PACKAGE_TARNAME "ntfs-3g"
| #define PACKAGE_VERSION "2017.3.23"
| #define PACKAGE_STRING "ntfs-3g 2017.3.23"
| #define PACKAGE_BUGREPORT "ntfs-3g-devel@lists.sf.net"
| #define PACKAGE_URL ""
| #define PACKAGE "ntfs-3g"
| #define VERSION "2017.3.23"
| #define STDC_HEADERS 1
| #define HAVE_SYS_TYPES_H 1
| #define HAVE_SYS_STAT_H 1
| #define HAVE_STDLIB_H 1
| #define HAVE_STRING_H 1
| #define HAVE_MEMORY_H 1
| #define HAVE_STRINGS_H 1
| #define HAVE_INTTYPES_H 1
| #define HAVE_STDINT_H 1
| #define HAVE_UNISTD_H 1
| #define __EXTENSIONS__ 1
| #define _ALL_SOURCE 1
| #define _GNU_SOURCE 1
| #define _POSIX_PTHREAD_SEMANTICS 1
| #define _TANDEM_SOURCE 1
| #define HAVE_DLFCN_H 1
| #define LT_OBJDIR ".libs/"
| #define _REENTRANT 1
| #define FUSE_INTERNAL 1
| #define STDC_HEADERS 1
| #define HAVE_CTYPE_H 1
| #define HAVE_FCNTL_H 1
| #define HAVE_LIBGEN_H 1
| #define HAVE_LIMITS_H 1
| #define HAVE_LOCALE_H 1
| #define HAVE_MNTENT_H 1
| #define HAVE_STDDEF_H 1
| #define HAVE_STDINT_H 1
| #define HAVE_STDLIB_H 1
| #define HAVE_STDIO_H 1
| #define HAVE_STDARG_H 1
| #define HAVE_STRING_H 1
| #define HAVE_STRINGS_H 1
| #define HAVE_ERRNO_H 1
| #define HAVE_TIME_H 1
| #define HAVE_UNISTD_H 1
| #define HAVE_UTIME_H 1
| #define HAVE_WCHAR_H 1
| #define HAVE_GETOPT_H 1
| #define HAVE_FEATURES_H 1
| #define HAVE_REGEX_H 1
| #define HAVE_ENDIAN_H 1
| #define HAVE_BYTESWAP_H 1
| /* end confdefs.h.  */
| #include <sys/byteorder.h>
configure:13843: result: no
configure:13843: checking for sys/byteorder.h
configure:13843: result: no
configure:13843: checking sys/disk.h usability
configure:13843: mipsel-buildroot-linux-uclibc-gcc -mips32r2 -msoft-float -c -g -O2 -Wall -mips1 -DTCSUPPORT_CT -DTCSUPPORT_CT_JOYME2  conftest.c >&5
conftest.c:87:22: fatal error: sys/disk.h: No such file or directory
compilation terminated.
configure:13843: $? = 1
configure: failed program was:
| /* confdefs.h */
| #define PACKAGE_NAME "ntfs-3g"
| #define PACKAGE_TARNAME "ntfs-3g"
| #define PACKAGE_VERSION "2017.3.23"
| #define PACKAGE_STRING "ntfs-3g 2017.3.23"
| #define PACKAGE_BUGREPORT "ntfs-3g-devel@lists.sf.net"
| #define PACKAGE_URL ""
| #define PACKAGE "ntfs-3g"
| #define VERSION "2017.3.23"
| #define STDC_HEADERS 1
| #define HAVE_SYS_TYPES_H 1
| #define HAVE_SYS_STAT_H 1
| #define HAVE_STDLIB_H 1
| #define HAVE_STRING_H 1
| #define HAVE_MEMORY_H 1
| #define HAVE_STRINGS_H 1
| #define HAVE_INTTYPES_H 1
| #define HAVE_STDINT_H 1
| #define HAVE_UNISTD_H 1
| #define __EXTENSIONS__ 1
| #define _ALL_SOURCE 1
| #define _GNU_SOURCE 1
| #define _POSIX_PTHREAD_SEMANTICS 1
| #define _TANDEM_SOURCE 1
| #define HAVE_DLFCN_H 1
| #define LT_OBJDIR ".libs/"
| #define _REENTRANT 1
| #define FUSE_INTERNAL 1
| #define STDC_HEADERS 1
| #define HAVE_CTYPE_H 1
| #define HAVE_FCNTL_H 1
| #define HAVE_LIBGEN_H 1
| #define HAVE_LIMITS_H 1
| #define HAVE_LOCALE_H 1
| #define HAVE_MNTENT_H 1
| #define HAVE_STDDEF_H 1
| #define HAVE_STDINT_H 1
| #define HAVE_STDLIB_H 1
| #define HAVE_STDIO_H 1
| #define HAVE_STDARG_H 1
| #define HAVE_STRING_H 1
| #define HAVE_STRINGS_H 1
| #define HAVE_ERRNO_H 1
| #define HAVE_TIME_H 1
| #define HAVE_UNISTD_H 1
| #define HAVE_UTIME_H 1
| #define HAVE_WCHAR_H 1
| #define HAVE_GETOPT_H 1
| #define HAVE_FEATURES_H 1
| #define HAVE_REGEX_H 1
| #define HAVE_ENDIAN_H 1
| #define HAVE_BYTESWAP_H 1
| /* end confdefs.h.  */
| #include <stdio.h>
| #ifdef HAVE_SYS_TYPES_H
| # include <sys/types.h>
| #endif
| #ifdef HAVE_SYS_STAT_H
| # include <sys/stat.h>
| #endif
| #ifdef STDC_HEADERS
| # include <stdlib.h>
| # include <stddef.h>
| #else
| # ifdef HAVE_STDLIB_H
| #  include <stdlib.h>
| # endif
| #endif
| #ifdef HAVE_STRING_H
| # if !defined STDC_HEADERS && defined HAVE_MEMORY_H
| #  include <memory.h>
| # endif
| # include <string.h>
| #endif
| #ifdef HAVE_STRINGS_H
| # include <strings.h>
| #endif
| #ifdef HAVE_INTTYPES_H
| # include <inttypes.h>
| #endif
| #ifdef HAVE_STDINT_H
| # include <stdint.h>
| #endif
| #ifdef HAVE_UNISTD_H
| # include <unistd.h>
| #endif
| #include <sys/disk.h>
configure:13843: result: no
configure:13843: checking sys/disk.h presence
configure:13843: mipsel-buildroot-linux-uclibc-gcc -mips32r2 -msoft-float -E  conftest.c
conftest.c:54:22: fatal error: sys/disk.h: No such file or directory
compilation terminated.
configure:13843: $? = 1
configure: failed program was:
| /* confdefs.h */
| #define PACKAGE_NAME "ntfs-3g"
| #define PACKAGE_TARNAME "ntfs-3g"
| #define PACKAGE_VERSION "2017.3.23"
| #define PACKAGE_STRING "ntfs-3g 2017.3.23"
| #define PACKAGE_BUGREPORT "ntfs-3g-devel@lists.sf.net"
| #define PACKAGE_URL ""
| #define PACKAGE "ntfs-3g"
| #define VERSION "2017.3.23"
| #define STDC_HEADERS 1
| #define HAVE_SYS_TYPES_H 1
| #define HAVE_SYS_STAT_H 1
| #define HAVE_STDLIB_H 1
| #define HAVE_STRING_H 1
| #define HAVE_MEMORY_H 1
| #define HAVE_STRINGS_H 1
| #define HAVE_INTTYPES_H 1
| #define HAVE_STDINT_H 1
| #define HAVE_UNISTD_H 1
| #define __EXTENSIONS__ 1
| #define _ALL_SOURCE 1
| #define _GNU_SOURCE 1
| #define _POSIX_PTHREAD_SEMANTICS 1
| #define _TANDEM_SOURCE 1
| #define HAVE_DLFCN_H 1
| #define LT_OBJDIR ".libs/"
| #define _REENTRANT 1
| #define FUSE_INTERNAL 1
| #define STDC_HEADERS 1
| #define HAVE_CTYPE_H 1
| #define HAVE_FCNTL_H 1
| #define HAVE_LIBGEN_H 1
| #define HAVE_LIMITS_H 1
| #define HAVE_LOCALE_H 1
| #define HAVE_MNTENT_H 1
| #define HAVE_STDDEF_H 1
| #define HAVE_STDINT_H 1
| #define HAVE_STDLIB_H 1
| #define HAVE_STDIO_H 1
| #define HAVE_STDARG_H 1
| #define HAVE_STRING_H 1
| #define HAVE_STRINGS_H 1
| #define HAVE_ERRNO_H 1
| #define HAVE_TIME_H 1
| #define HAVE_UNISTD_H 1
| #define HAVE_UTIME_H 1
| #define HAVE_WCHAR_H 1
| #define HAVE_GETOPT_H 1
| #define HAVE_FEATURES_H 1
| #define HAVE_REGEX_H 1
| #define HAVE_ENDIAN_H 1
| #define HAVE_BYTESWAP_H 1
| /* end confdefs.h.  */
| #include <sys/disk.h>
configure:13843: result: no
configure:13843: checking for sys/disk.h
configure:13843: result: no
configure:13843: checking sys/endian.h usability
configure:13843: mipsel-buildroot-linux-uclibc-gcc -mips32r2 -msoft-float -c -g -O2 -Wall -mips1 -DTCSUPPORT_CT -DTCSUPPORT_CT_JOYME2  conftest.c >&5
conftest.c:87:24: fatal error: sys/endian.h: No such file or directory
compilation terminated.
configure:13843: $? = 1
configure: failed program was:
| /* confdefs.h */
| #define PACKAGE_NAME "ntfs-3g"
| #define PACKAGE_TARNAME "ntfs-3g"
| #define PACKAGE_VERSION "2017.3.23"
| #define PACKAGE_STRING "ntfs-3g 2017.3.23"
| #define PACKAGE_BUGREPORT "ntfs-3g-devel@lists.sf.net"
| #define PACKAGE_URL ""
| #define PACKAGE "ntfs-3g"
| #define VERSION "2017.3.23"
| #define STDC_HEADERS 1
| #define HAVE_SYS_TYPES_H 1
| #define HAVE_SYS_STAT_H 1
| #define HAVE_STDLIB_H 1
| #define HAVE_STRING_H 1
| #define HAVE_MEMORY_H 1
| #define HAVE_STRINGS_H 1
| #define HAVE_INTTYPES_H 1
| #define HAVE_STDINT_H 1
| #define HAVE_UNISTD_H 1
| #define __EXTENSIONS__ 1
| #define _ALL_SOURCE 1
| #define _GNU_SOURCE 1
| #define _POSIX_PTHREAD_SEMANTICS 1
| #define _TANDEM_SOURCE 1
| #define HAVE_DLFCN_H 1
| #define LT_OBJDIR ".libs/"
| #define _REENTRANT 1
| #define FUSE_INTERNAL 1
| #define STDC_HEADERS 1
| #define HAVE_CTYPE_H 1
| #define HAVE_FCNTL_H 1
| #define HAVE_LIBGEN_H 1
| #define HAVE_LIMITS_H 1
| #define HAVE_LOCALE_H 1
| #define HAVE_MNTENT_H 1
| #define HAVE_STDDEF_H 1
| #define HAVE_STDINT_H 1
| #define HAVE_STDLIB_H 1
| #define HAVE_STDIO_H 1
| #define HAVE_STDARG_H 1
| #define HAVE_STRING_H 1
| #define HAVE_STRINGS_H 1
| #define HAVE_ERRNO_H 1
| #define HAVE_TIME_H 1
| #define HAVE_UNISTD_H 1
| #define HAVE_UTIME_H 1
| #define HAVE_WCHAR_H 1
| #define HAVE_GETOPT_H 1
| #define HAVE_FEATURES_H 1
| #define HAVE_REGEX_H 1
| #define HAVE_ENDIAN_H 1
| #define HAVE_BYTESWAP_H 1
| /* end confdefs.h.  */
| #include <stdio.h>
| #ifdef HAVE_SYS_TYPES_H
| # include <sys/types.h>
| #endif
| #ifdef HAVE_SYS_STAT_H
| # include <sys/stat.h>
| #endif
| #ifdef STDC_HEADERS
| # include <stdlib.h>
| # include <stddef.h>
| #else
| # ifdef HAVE_STDLIB_H
| #  include <stdlib.h>
| # endif
| #endif
| #ifdef HAVE_STRING_H
| # if !defined STDC_HEADERS && defined HAVE_MEMORY_H
| #  include <memory.h>
| # endif
| # include <string.h>
| #endif
| #ifdef HAVE_STRINGS_H
| # include <strings.h>
| #endif
| #ifdef HAVE_INTTYPES_H
| # include <inttypes.h>
| #endif
| #ifdef HAVE_STDINT_H
| # include <stdint.h>
| #endif
| #ifdef HAVE_UNISTD_H
| # include <unistd.h>
| #endif
| #include <sys/endian.h>
configure:13843: result: no
configure:13843: checking sys/endian.h presence
configure:13843: mipsel-buildroot-linux-uclibc-gcc -mips32r2 -msoft-float -E  conftest.c
conftest.c:54:24: fatal error: sys/endian.h: No such file or directory
compilation terminated.
configure:13843: $? = 1
configure: failed program was:
| /* confdefs.h */
| #define PACKAGE_NAME "ntfs-3g"
| #define PACKAGE_TARNAME "ntfs-3g"
| #define PACKAGE_VERSION "2017.3.23"
| #define PACKAGE_STRING "ntfs-3g 2017.3.23"
| #define PACKAGE_BUGREPORT "ntfs-3g-devel@lists.sf.net"
| #define PACKAGE_URL ""
| #define PACKAGE "ntfs-3g"
| #define VERSION "2017.3.23"
| #define STDC_HEADERS 1
| #define HAVE_SYS_TYPES_H 1
| #define HAVE_SYS_STAT_H 1
| #define HAVE_STDLIB_H 1
| #define HAVE_STRING_H 1
| #define HAVE_MEMORY_H 1
| #define HAVE_STRINGS_H 1
| #define HAVE_INTTYPES_H 1
| #define HAVE_STDINT_H 1
| #define HAVE_UNISTD_H 1
| #define __EXTENSIONS__ 1
| #define _ALL_SOURCE 1
| #define _GNU_SOURCE 1
| #define _POSIX_PTHREAD_SEMANTICS 1
| #define _TANDEM_SOURCE 1
| #define HAVE_DLFCN_H 1
| #define LT_OBJDIR ".libs/"
| #define _REENTRANT 1
| #define FUSE_INTERNAL 1
| #define STDC_HEADERS 1
| #define HAVE_CTYPE_H 1
| #define HAVE_FCNTL_H 1
| #define HAVE_LIBGEN_H 1
| #define HAVE_LIMITS_H 1
| #define HAVE_LOCALE_H 1
| #define HAVE_MNTENT_H 1
| #define HAVE_STDDEF_H 1
| #define HAVE_STDINT_H 1
| #define HAVE_STDLIB_H 1
| #define HAVE_STDIO_H 1
| #define HAVE_STDARG_H 1
| #define HAVE_STRING_H 1
| #define HAVE_STRINGS_H 1
| #define HAVE_ERRNO_H 1
| #define HAVE_TIME_H 1
| #define HAVE_UNISTD_H 1
| #define HAVE_UTIME_H 1
| #define HAVE_WCHAR_H 1
| #define HAVE_GETOPT_H 1
| #define HAVE_FEATURES_H 1
| #define HAVE_REGEX_H 1
| #define HAVE_ENDIAN_H 1
| #define HAVE_BYTESWAP_H 1
| /* end confdefs.h.  */
| #include <sys/endian.h>
configure:13843: result: no
configure:13843: checking for sys/endian.h
configure:13843: result: no
configure:13843: checking sys/param.h usability
configure:13843: mipsel-buildroot-linux-uclibc-gcc -mips32r2 -msoft-float -c -g -O2 -Wall -mips1 -DTCSUPPORT_CT -DTCSUPPORT_CT_JOYME2  conftest.c >&5
configure:13843: $? = 0
configure:13843: result: yes
configure:13843: checking sys/param.h presence
configure:13843: mipsel-buildroot-linux-uclibc-gcc -mips32r2 -msoft-float -E  conftest.c
configure:13843: $? = 0
configure:13843: result: yes
configure:13843: checking for sys/param.h
configure:13843: result: yes
configure:13843: checking sys/ioctl.h usability
configure:13843: mipsel-buildroot-linux-uclibc-gcc -mips32r2 -msoft-float -c -g -O2 -Wall -mips1 -DTCSUPPORT_CT -DTCSUPPORT_CT_JOYME2  conftest.c >&5
configure:13843: $? = 0
configure:13843: result: yes
configure:13843: checking sys/ioctl.h presence
configure:13843: mipsel-buildroot-linux-uclibc-gcc -mips32r2 -msoft-float -E  conftest.c
configure:13843: $? = 0
configure:13843: result: yes
configure:13843: checking for sys/ioctl.h
configure:13843: result: yes
configure:13843: checking sys/mount.h usability
configure:13843: mipsel-buildroot-linux-uclibc-gcc -mips32r2 -msoft-float -c -g -O2 -Wall -mips1 -DTCSUPPORT_CT -DTCSUPPORT_CT_JOYME2  conftest.c >&5
configure:13843: $? = 0
configure:13843: result: yes
configure:13843: checking sys/mount.h presence
configure:13843: mipsel-buildroot-linux-uclibc-gcc -mips32r2 -msoft-float -E  conftest.c
configure:13843: $? = 0
configure:13843: result: yes
configure:13843: checking for sys/mount.h
configure:13843: result: yes
configure:13843: checking for sys/stat.h
configure:13843: result: yes
configure:13843: checking for sys/types.h
configure:13843: result: yes
configure:13843: checking sys/vfs.h usability
configure:13843: mipsel-buildroot-linux-uclibc-gcc -mips32r2 -msoft-float -c -g -O2 -Wall -mips1 -DTCSUPPORT_CT -DTCSUPPORT_CT_JOYME2  conftest.c >&5
configure:13843: $? = 0
configure:13843: result: yes
configure:13843: checking sys/vfs.h presence
configure:13843: mipsel-buildroot-linux-uclibc-gcc -mips32r2 -msoft-float -E  conftest.c
configure:13843: $? = 0
configure:13843: result: yes
configure:13843: checking for sys/vfs.h
configure:13843: result: yes
configure:13843: checking sys/statvfs.h usability
configure:13843: mipsel-buildroot-linux-uclibc-gcc -mips32r2 -msoft-float -c -g -O2 -Wall -mips1 -DTCSUPPORT_CT -DTCSUPPORT_CT_JOYME2  conftest.c >&5
configure:13843: $? = 0
configure:13843: result: yes
configure:13843: checking sys/statvfs.h presence
configure:13843: mipsel-buildroot-linux-uclibc-gcc -mips32r2 -msoft-float -E  conftest.c
configure:13843: $? = 0
configure:13843: result: yes
configure:13843: checking for sys/statvfs.h
configure:13843: result: yes
configure:13843: checking linux/major.h usability
configure:13843: mipsel-buildroot-linux-uclibc-gcc -mips32r2 -msoft-float -c -g -O2 -Wall -mips1 -DTCSUPPORT_CT -DTCSUPPORT_CT_JOYME2  conftest.c >&5
configure:13843: $? = 0
configure:13843: result: yes
configure:13843: checking linux/major.h presence
configure:13843: mipsel-buildroot-linux-uclibc-gcc -mips32r2 -msoft-float -E  conftest.c
configure:13843: $? = 0
configure:13843: result: yes
configure:13843: checking for linux/major.h
configure:13843: result: yes
configure:13843: checking linux/fd.h usability
configure:13843: mipsel-buildroot-linux-uclibc-gcc -mips32r2 -msoft-float -c -g -O2 -Wall -mips1 -DTCSUPPORT_CT -DTCSUPPORT_CT_JOYME2  conftest.c >&5
configure:13843: $? = 0
configure:13843: result: yes
configure:13843: checking linux/fd.h presence
configure:13843: mipsel-buildroot-linux-uclibc-gcc -mips32r2 -msoft-float -E  conftest.c
configure:13843: $? = 0
configure:13843: result: yes
configure:13843: checking for linux/fd.h
configure:13843: result: yes
configure:13843: checking linux/fs.h usability
configure:13843: mipsel-buildroot-linux-uclibc-gcc -mips32r2 -msoft-float -c -g -O2 -Wall -mips1 -DTCSUPPORT_CT -DTCSUPPORT_CT_JOYME2  conftest.c >&5
configure:13843: $? = 0
configure:13843: result: yes
configure:13843: checking linux/fs.h presence
configure:13843: mipsel-buildroot-linux-uclibc-gcc -mips32r2 -msoft-float -E  conftest.c
configure:13843: $? = 0
configure:13843: result: yes
configure:13843: checking for linux/fs.h
configure:13843: result: yes
configure:13843: checking for inttypes.h
configure:13843: result: yes
configure:13843: checking linux/hdreg.h usability
configure:13843: mipsel-buildroot-linux-uclibc-gcc -mips32r2 -msoft-float -c -g -O2 -Wall -mips1 -DTCSUPPORT_CT -DTCSUPPORT_CT_JOYME2  conftest.c >&5
configure:13843: $? = 0
configure:13843: result: yes
configure:13843: checking linux/hdreg.h presence
configure:13843: mipsel-buildroot-linux-uclibc-gcc -mips32r2 -msoft-float -E  conftest.c
configure:13843: $? = 0
configure:13843: result: yes
configure:13843: checking for linux/hdreg.h
configure:13843: result: yes
configure:13843: checking machine/endian.h usability
configure:13843: mipsel-buildroot-linux-uclibc-gcc -mips32r2 -msoft-float -c -g -O2 -Wall -mips1 -DTCSUPPORT_CT -DTCSUPPORT_CT_JOYME2  conftest.c >&5
conftest.c:99:28: fatal error: machine/endian.h: No such file or directory
compilation terminated.
configure:13843: $? = 1
configure: failed program was:
| /* confdefs.h */
| #define PACKAGE_NAME "ntfs-3g"
| #define PACKAGE_TARNAME "ntfs-3g"
| #define PACKAGE_VERSION "2017.3.23"
| #define PACKAGE_STRING "ntfs-3g 2017.3.23"
| #define PACKAGE_BUGREPORT "ntfs-3g-devel@lists.sf.net"
| #define PACKAGE_URL ""
| #define PACKAGE "ntfs-3g"
| #define VERSION "2017.3.23"
| #define STDC_HEADERS 1
| #define HAVE_SYS_TYPES_H 1
| #define HAVE_SYS_STAT_H 1
| #define HAVE_STDLIB_H 1
| #define HAVE_STRING_H 1
| #define HAVE_MEMORY_H 1
| #define HAVE_STRINGS_H 1
| #define HAVE_INTTYPES_H 1
| #define HAVE_STDINT_H 1
| #define HAVE_UNISTD_H 1
| #define __EXTENSIONS__ 1
| #define _ALL_SOURCE 1
| #define _GNU_SOURCE 1
| #define _POSIX_PTHREAD_SEMANTICS 1
| #define _TANDEM_SOURCE 1
| #define HAVE_DLFCN_H 1
| #define LT_OBJDIR ".libs/"
| #define _REENTRANT 1
| #define FUSE_INTERNAL 1
| #define STDC_HEADERS 1
| #define HAVE_CTYPE_H 1
| #define HAVE_FCNTL_H 1
| #define HAVE_LIBGEN_H 1
| #define HAVE_LIMITS_H 1
| #define HAVE_LOCALE_H 1
| #define HAVE_MNTENT_H 1
| #define HAVE_STDDEF_H 1
| #define HAVE_STDINT_H 1
| #define HAVE_STDLIB_H 1
| #define HAVE_STDIO_H 1
| #define HAVE_STDARG_H 1
| #define HAVE_STRING_H 1
| #define HAVE_STRINGS_H 1
| #define HAVE_ERRNO_H 1
| #define HAVE_TIME_H 1
| #define HAVE_UNISTD_H 1
| #define HAVE_UTIME_H 1
| #define HAVE_WCHAR_H 1
| #define HAVE_GETOPT_H 1
| #define HAVE_FEATURES_H 1
| #define HAVE_REGEX_H 1
| #define HAVE_ENDIAN_H 1
| #define HAVE_BYTESWAP_H 1
| #define HAVE_SYS_PARAM_H 1
| #define HAVE_SYS_IOCTL_H 1
| #define HAVE_SYS_MOUNT_H 1
| #define HAVE_SYS_STAT_H 1
| #define HAVE_SYS_TYPES_H 1
| #define HAVE_SYS_VFS_H 1
| #define HAVE_SYS_STATVFS_H 1
| #define HAVE_LINUX_MAJOR_H 1
| #define HAVE_LINUX_FD_H 1
| #define HAVE_LINUX_FS_H 1
| #define HAVE_INTTYPES_H 1
| #define HAVE_LINUX_HDREG_H 1
| /* end confdefs.h.  */
| #include <stdio.h>
| #ifdef HAVE_SYS_TYPES_H
| # include <sys/types.h>
| #endif
| #ifdef HAVE_SYS_STAT_H
| # include <sys/stat.h>
| #endif
| #ifdef STDC_HEADERS
| # include <stdlib.h>
| # include <stddef.h>
| #else
| # ifdef HAVE_STDLIB_H
| #  include <stdlib.h>
| # endif
| #endif
| #ifdef HAVE_STRING_H
| # if !defined STDC_HEADERS && defined HAVE_MEMORY_H
| #  include <memory.h>
| # endif
| # include <string.h>
| #endif
| #ifdef HAVE_STRINGS_H
| # include <strings.h>
| #endif
| #ifdef HAVE_INTTYPES_H
| # include <inttypes.h>
| #endif
| #ifdef HAVE_STDINT_H
| # include <stdint.h>
| #endif
| #ifdef HAVE_UNISTD_H
| # include <unistd.h>
| #endif
| #include <machine/endian.h>
configure:13843: result: no
configure:13843: checking machine/endian.h presence
configure:13843: mipsel-buildroot-linux-uclibc-gcc -mips32r2 -msoft-float -E  conftest.c
conftest.c:66:28: fatal error: machine/endian.h: No such file or directory
compilation terminated.
configure:13843: $? = 1
configure: failed program was:
| /* confdefs.h */
| #define PACKAGE_NAME "ntfs-3g"
| #define PACKAGE_TARNAME "ntfs-3g"
| #define PACKAGE_VERSION "2017.3.23"
| #define PACKAGE_STRING "ntfs-3g 2017.3.23"
| #define PACKAGE_BUGREPORT "ntfs-3g-devel@lists.sf.net"
| #define PACKAGE_URL ""
| #define PACKAGE "ntfs-3g"
| #define VERSION "2017.3.23"
| #define STDC_HEADERS 1
| #define HAVE_SYS_TYPES_H 1
| #define HAVE_SYS_STAT_H 1
| #define HAVE_STDLIB_H 1
| #define HAVE_STRING_H 1
| #define HAVE_MEMORY_H 1
| #define HAVE_STRINGS_H 1
| #define HAVE_INTTYPES_H 1
| #define HAVE_STDINT_H 1
| #define HAVE_UNISTD_H 1
| #define __EXTENSIONS__ 1
| #define _ALL_SOURCE 1
| #define _GNU_SOURCE 1
| #define _POSIX_PTHREAD_SEMANTICS 1
| #define _TANDEM_SOURCE 1
| #define HAVE_DLFCN_H 1
| #define LT_OBJDIR ".libs/"
| #define _REENTRANT 1
| #define FUSE_INTERNAL 1
| #define STDC_HEADERS 1
| #define HAVE_CTYPE_H 1
| #define HAVE_FCNTL_H 1
| #define HAVE_LIBGEN_H 1
| #define HAVE_LIMITS_H 1
| #define HAVE_LOCALE_H 1
| #define HAVE_MNTENT_H 1
| #define HAVE_STDDEF_H 1
| #define HAVE_STDINT_H 1
| #define HAVE_STDLIB_H 1
| #define HAVE_STDIO_H 1
| #define HAVE_STDARG_H 1
| #define HAVE_STRING_H 1
| #define HAVE_STRINGS_H 1
| #define HAVE_ERRNO_H 1
| #define HAVE_TIME_H 1
| #define HAVE_UNISTD_H 1
| #define HAVE_UTIME_H 1
| #define HAVE_WCHAR_H 1
| #define HAVE_GETOPT_H 1
| #define HAVE_FEATURES_H 1
| #define HAVE_REGEX_H 1
| #define HAVE_ENDIAN_H 1
| #define HAVE_BYTESWAP_H 1
| #define HAVE_SYS_PARAM_H 1
| #define HAVE_SYS_IOCTL_H 1
| #define HAVE_SYS_MOUNT_H 1
| #define HAVE_SYS_STAT_H 1
| #define HAVE_SYS_TYPES_H 1
| #define HAVE_SYS_VFS_H 1
| #define HAVE_SYS_STATVFS_H 1
| #define HAVE_LINUX_MAJOR_H 1
| #define HAVE_LINUX_FD_H 1
| #define HAVE_LINUX_FS_H 1
| #define HAVE_INTTYPES_H 1
| #define HAVE_LINUX_HDREG_H 1
| /* end confdefs.h.  */
| #include <machine/endian.h>
configure:13843: result: no
configure:13843: checking for machine/endian.h
configure:13843: result: no
configure:13843: checking windows.h usability
configure:13843: mipsel-buildroot-linux-uclibc-gcc -mips32r2 -msoft-float -c -g -O2 -Wall -mips1 -DTCSUPPORT_CT -DTCSUPPORT_CT_JOYME2  conftest.c >&5
conftest.c:99:21: fatal error: windows.h: No such file or directory
compilation terminated.
configure:13843: $? = 1
configure: failed program was:
| /* confdefs.h */
| #define PACKAGE_NAME "ntfs-3g"
| #define PACKAGE_TARNAME "ntfs-3g"
| #define PACKAGE_VERSION "2017.3.23"
| #define PACKAGE_STRING "ntfs-3g 2017.3.23"
| #define PACKAGE_BUGREPORT "ntfs-3g-devel@lists.sf.net"
| #define PACKAGE_URL ""
| #define PACKAGE "ntfs-3g"
| #define VERSION "2017.3.23"
| #define STDC_HEADERS 1
| #define HAVE_SYS_TYPES_H 1
| #define HAVE_SYS_STAT_H 1
| #define HAVE_STDLIB_H 1
| #define HAVE_STRING_H 1
| #define HAVE_MEMORY_H 1
| #define HAVE_STRINGS_H 1
| #define HAVE_INTTYPES_H 1
| #define HAVE_STDINT_H 1
| #define HAVE_UNISTD_H 1
| #define __EXTENSIONS__ 1
| #define _ALL_SOURCE 1
| #define _GNU_SOURCE 1
| #define _POSIX_PTHREAD_SEMANTICS 1
| #define _TANDEM_SOURCE 1
| #define HAVE_DLFCN_H 1
| #define LT_OBJDIR ".libs/"
| #define _REENTRANT 1
| #define FUSE_INTERNAL 1
| #define STDC_HEADERS 1
| #define HAVE_CTYPE_H 1
| #define HAVE_FCNTL_H 1
| #define HAVE_LIBGEN_H 1
| #define HAVE_LIMITS_H 1
| #define HAVE_LOCALE_H 1
| #define HAVE_MNTENT_H 1
| #define HAVE_STDDEF_H 1
| #define HAVE_STDINT_H 1
| #define HAVE_STDLIB_H 1
| #define HAVE_STDIO_H 1
| #define HAVE_STDARG_H 1
| #define HAVE_STRING_H 1
| #define HAVE_STRINGS_H 1
| #define HAVE_ERRNO_H 1
| #define HAVE_TIME_H 1
| #define HAVE_UNISTD_H 1
| #define HAVE_UTIME_H 1
| #define HAVE_WCHAR_H 1
| #define HAVE_GETOPT_H 1
| #define HAVE_FEATURES_H 1
| #define HAVE_REGEX_H 1
| #define HAVE_ENDIAN_H 1
| #define HAVE_BYTESWAP_H 1
| #define HAVE_SYS_PARAM_H 1
| #define HAVE_SYS_IOCTL_H 1
| #define HAVE_SYS_MOUNT_H 1
| #define HAVE_SYS_STAT_H 1
| #define HAVE_SYS_TYPES_H 1
| #define HAVE_SYS_VFS_H 1
| #define HAVE_SYS_STATVFS_H 1
| #define HAVE_LINUX_MAJOR_H 1
| #define HAVE_LINUX_FD_H 1
| #define HAVE_LINUX_FS_H 1
| #define HAVE_INTTYPES_H 1
| #define HAVE_LINUX_HDREG_H 1
| /* end confdefs.h.  */
| #include <stdio.h>
| #ifdef HAVE_SYS_TYPES_H
| # include <sys/types.h>
| #endif
| #ifdef HAVE_SYS_STAT_H
| # include <sys/stat.h>
| #endif
| #ifdef STDC_HEADERS
| # include <stdlib.h>
| # include <stddef.h>
| #else
| # ifdef HAVE_STDLIB_H
| #  include <stdlib.h>
| # endif
| #endif
| #ifdef HAVE_STRING_H
| # if !defined STDC_HEADERS && defined HAVE_MEMORY_H
| #  include <memory.h>
| # endif
| # include <string.h>
| #endif
| #ifdef HAVE_STRINGS_H
| # include <strings.h>
| #endif
| #ifdef HAVE_INTTYPES_H
| # include <inttypes.h>
| #endif
| #ifdef HAVE_STDINT_H
| # include <stdint.h>
| #endif
| #ifdef HAVE_UNISTD_H
| # include <unistd.h>
| #endif
| #include <windows.h>
configure:13843: result: no
configure:13843: checking windows.h presence
configure:13843: mipsel-buildroot-linux-uclibc-gcc -mips32r2 -msoft-float -E  conftest.c
conftest.c:66:21: fatal error: windows.h: No such file or directory
compilation terminated.
configure:13843: $? = 1
configure: failed program was:
| /* confdefs.h */
| #define PACKAGE_NAME "ntfs-3g"
| #define PACKAGE_TARNAME "ntfs-3g"
| #define PACKAGE_VERSION "2017.3.23"
| #define PACKAGE_STRING "ntfs-3g 2017.3.23"
| #define PACKAGE_BUGREPORT "ntfs-3g-devel@lists.sf.net"
| #define PACKAGE_URL ""
| #define PACKAGE "ntfs-3g"
| #define VERSION "2017.3.23"
| #define STDC_HEADERS 1
| #define HAVE_SYS_TYPES_H 1
| #define HAVE_SYS_STAT_H 1
| #define HAVE_STDLIB_H 1
| #define HAVE_STRING_H 1
| #define HAVE_MEMORY_H 1
| #define HAVE_STRINGS_H 1
| #define HAVE_INTTYPES_H 1
| #define HAVE_STDINT_H 1
| #define HAVE_UNISTD_H 1
| #define __EXTENSIONS__ 1
| #define _ALL_SOURCE 1
| #define _GNU_SOURCE 1
| #define _POSIX_PTHREAD_SEMANTICS 1
| #define _TANDEM_SOURCE 1
| #define HAVE_DLFCN_H 1
| #define LT_OBJDIR ".libs/"
| #define _REENTRANT 1
| #define FUSE_INTERNAL 1
| #define STDC_HEADERS 1
| #define HAVE_CTYPE_H 1
| #define HAVE_FCNTL_H 1
| #define HAVE_LIBGEN_H 1
| #define HAVE_LIMITS_H 1
| #define HAVE_LOCALE_H 1
| #define HAVE_MNTENT_H 1
| #define HAVE_STDDEF_H 1
| #define HAVE_STDINT_H 1
| #define HAVE_STDLIB_H 1
| #define HAVE_STDIO_H 1
| #define HAVE_STDARG_H 1
| #define HAVE_STRING_H 1
| #define HAVE_STRINGS_H 1
| #define HAVE_ERRNO_H 1
| #define HAVE_TIME_H 1
| #define HAVE_UNISTD_H 1
| #define HAVE_UTIME_H 1
| #define HAVE_WCHAR_H 1
| #define HAVE_GETOPT_H 1
| #define HAVE_FEATURES_H 1
| #define HAVE_REGEX_H 1
| #define HAVE_ENDIAN_H 1
| #define HAVE_BYTESWAP_H 1
| #define HAVE_SYS_PARAM_H 1
| #define HAVE_SYS_IOCTL_H 1
| #define HAVE_SYS_MOUNT_H 1
| #define HAVE_SYS_STAT_H 1
| #define HAVE_SYS_TYPES_H 1
| #define HAVE_SYS_VFS_H 1
| #define HAVE_SYS_STATVFS_H 1
| #define HAVE_LINUX_MAJOR_H 1
| #define HAVE_LINUX_FD_H 1
| #define HAVE_LINUX_FS_H 1
| #define HAVE_INTTYPES_H 1
| #define HAVE_LINUX_HDREG_H 1
| /* end confdefs.h.  */
| #include <windows.h>
configure:13843: result: no
configure:13843: checking for windows.h
configure:13843: result: no
configure:13843: checking syslog.h usability
configure:13843: mipsel-buildroot-linux-uclibc-gcc -mips32r2 -msoft-float -c -g -O2 -Wall -mips1 -DTCSUPPORT_CT -DTCSUPPORT_CT_JOYME2  conftest.c >&5
configure:13843: $? = 0
configure:13843: result: yes
configure:13843: checking syslog.h presence
configure:13843: mipsel-buildroot-linux-uclibc-gcc -mips32r2 -msoft-float -E  conftest.c
configure:13843: $? = 0
configure:13843: result: yes
configure:13843: checking for syslog.h
configure:13843: result: yes
configure:13843: checking pwd.h usability
configure:13843: mipsel-buildroot-linux-uclibc-gcc -mips32r2 -msoft-float -c -g -O2 -Wall -mips1 -DTCSUPPORT_CT -DTCSUPPORT_CT_JOYME2  conftest.c >&5
configure:13843: $? = 0
configure:13843: result: yes
configure:13843: checking pwd.h presence
configure:13843: mipsel-buildroot-linux-uclibc-gcc -mips32r2 -msoft-float -E  conftest.c
configure:13843: $? = 0
configure:13843: result: yes
configure:13843: checking for pwd.h
configure:13843: result: yes
configure:13843: checking malloc.h usability
configure:13843: mipsel-buildroot-linux-uclibc-gcc -mips32r2 -msoft-float -c -g -O2 -Wall -mips1 -DTCSUPPORT_CT -DTCSUPPORT_CT_JOYME2  conftest.c >&5
configure:13843: $? = 0
configure:13843: result: yes
configure:13843: checking malloc.h presence
configure:13843: mipsel-buildroot-linux-uclibc-gcc -mips32r2 -msoft-float -E  conftest.c
configure:13843: $? = 0
configure:13843: result: yes
configure:13843: checking for malloc.h
configure:13843: result: yes
configure:13855: checking for stdbool.h that conforms to C99
configure:13922: mipsel-buildroot-linux-uclibc-gcc -mips32r2 -msoft-float -c -g -O2 -Wall -mips1 -DTCSUPPORT_CT -DTCSUPPORT_CT_JOYME2  conftest.c >&5
conftest.c: In function 'main':
conftest.c:118:14: warning: the address of 's' will always evaluate as 'true' [-Waddress]
conftest.c:122:22: warning: the address of 'a' will always evaluate as 'true' [-Waddress]
conftest.c:122:27: warning: the address of 'b' will always evaluate as 'true' [-Waddress]
conftest.c:122:32: warning: the address of 'c' will always evaluate as 'true' [-Waddress]
conftest.c:122:37: warning: the address of 'd' will always evaluate as 'true' [-Waddress]
conftest.c:122:47: warning: the address of 'f' will always evaluate as 'true' [-Waddress]
conftest.c:122:52: warning: the address of 'g' will always evaluate as 'true' [-Waddress]
conftest.c:122:57: warning: the address of 'h' will always evaluate as 'true' [-Waddress]
conftest.c:122:62: warning: the address of 'i' will always evaluate as 'true' [-Waddress]
conftest.c:123:29: warning: the address of 'n' will always evaluate as 'true' [-Waddress]
conftest.c:123:34: warning: the address of 'o' will always evaluate as 'true' [-Waddress]
conftest.c:123:39: warning: the address of 'p' will always evaluate as 'true' [-Waddress]
configure:13922: $? = 0
configure:13929: result: yes
configure:13931: checking for _Bool
configure:13931: mipsel-buildroot-linux-uclibc-gcc -mips32r2 -msoft-float -c -g -O2 -Wall -mips1 -DTCSUPPORT_CT -DTCSUPPORT_CT_JOYME2  conftest.c >&5
configure:13931: $? = 0
configure:13931: mipsel-buildroot-linux-uclibc-gcc -mips32r2 -msoft-float -c -g -O2 -Wall -mips1 -DTCSUPPORT_CT -DTCSUPPORT_CT_JOYME2  conftest.c >&5
conftest.c: In function 'main':
conftest.c:105:20: error: expected expression before ')' token
configure:13931: $? = 1
configure: failed program was:
| /* confdefs.h */
| #define PACKAGE_NAME "ntfs-3g"
| #define PACKAGE_TARNAME "ntfs-3g"
| #define PACKAGE_VERSION "2017.3.23"
| #define PACKAGE_STRING "ntfs-3g 2017.3.23"
| #define PACKAGE_BUGREPORT "ntfs-3g-devel@lists.sf.net"
| #define PACKAGE_URL ""
| #define PACKAGE "ntfs-3g"
| #define VERSION "2017.3.23"
| #define STDC_HEADERS 1
| #define HAVE_SYS_TYPES_H 1
| #define HAVE_SYS_STAT_H 1
| #define HAVE_STDLIB_H 1
| #define HAVE_STRING_H 1
| #define HAVE_MEMORY_H 1
| #define HAVE_STRINGS_H 1
| #define HAVE_INTTYPES_H 1
| #define HAVE_STDINT_H 1
| #define HAVE_UNISTD_H 1
| #define __EXTENSIONS__ 1
| #define _ALL_SOURCE 1
| #define _GNU_SOURCE 1
| #define _POSIX_PTHREAD_SEMANTICS 1
| #define _TANDEM_SOURCE 1
| #define HAVE_DLFCN_H 1
| #define LT_OBJDIR ".libs/"
| #define _REENTRANT 1
| #define FUSE_INTERNAL 1
| #define STDC_HEADERS 1
| #define HAVE_CTYPE_H 1
| #define HAVE_FCNTL_H 1
| #define HAVE_LIBGEN_H 1
| #define HAVE_LIMITS_H 1
| #define HAVE_LOCALE_H 1
| #define HAVE_MNTENT_H 1
| #define HAVE_STDDEF_H 1
| #define HAVE_STDINT_H 1
| #define HAVE_STDLIB_H 1
| #define HAVE_STDIO_H 1
| #define HAVE_STDARG_H 1
| #define HAVE_STRING_H 1
| #define HAVE_STRINGS_H 1
| #define HAVE_ERRNO_H 1
| #define HAVE_TIME_H 1
| #define HAVE_UNISTD_H 1
| #define HAVE_UTIME_H 1
| #define HAVE_WCHAR_H 1
| #define HAVE_GETOPT_H 1
| #define HAVE_FEATURES_H 1
| #define HAVE_REGEX_H 1
| #define HAVE_ENDIAN_H 1
| #define HAVE_BYTESWAP_H 1
| #define HAVE_SYS_PARAM_H 1
| #define HAVE_SYS_IOCTL_H 1
| #define HAVE_SYS_MOUNT_H 1
| #define HAVE_SYS_STAT_H 1
| #define HAVE_SYS_TYPES_H 1
| #define HAVE_SYS_VFS_H 1
| #define HAVE_SYS_STATVFS_H 1
| #define HAVE_LINUX_MAJOR_H 1
| #define HAVE_LINUX_FD_H 1
| #define HAVE_LINUX_FS_H 1
| #define HAVE_INTTYPES_H 1
| #define HAVE_LINUX_HDREG_H 1
| #define HAVE_SYSLOG_H 1
| #define HAVE_PWD_H 1
| #define HAVE_MALLOC_H 1
| /* end confdefs.h.  */
| #include <stdio.h>
| #ifdef HAVE_SYS_TYPES_H
| # include <sys/types.h>
| #endif
| #ifdef HAVE_SYS_STAT_H
| # include <sys/stat.h>
| #endif
| #ifdef STDC_HEADERS
| # include <stdlib.h>
| # include <stddef.h>
| #else
| # ifdef HAVE_STDLIB_H
| #  include <stdlib.h>
| # endif
| #endif
| #ifdef HAVE_STRING_H
| # if !defined STDC_HEADERS && defined HAVE_MEMORY_H
| #  include <memory.h>
| # endif
| # include <string.h>
| #endif
| #ifdef HAVE_STRINGS_H
| # include <strings.h>
| #endif
| #ifdef HAVE_INTTYPES_H
| # include <inttypes.h>
| #endif
| #ifdef HAVE_STDINT_H
| # include <stdint.h>
| #endif
| #ifdef HAVE_UNISTD_H
| # include <unistd.h>
| #endif
| int
| main ()
| {
| if (sizeof ((_Bool)))
| 	    return 0;
|   ;
|   return 0;
| }
configure:13931: result: yes
configure:13948: checking whether byte ordering is bigendian
configure:13963: mipsel-buildroot-linux-uclibc-gcc -mips32r2 -msoft-float -c -g -O2 -Wall -mips1 -DTCSUPPORT_CT -DTCSUPPORT_CT_JOYME2  conftest.c >&5
conftest.c:72:9: error: unknown type name 'not'
conftest.c:72:15: error: expected '=', ',', ';', 'asm' or '__attribute__' before 'universal'
conftest.c:72:15: error: unknown type name 'universal'
configure:13963: $? = 1
configure: failed program was:
| /* confdefs.h */
| #define PACKAGE_NAME "ntfs-3g"
| #define PACKAGE_TARNAME "ntfs-3g"
| #define PACKAGE_VERSION "2017.3.23"
| #define PACKAGE_STRING "ntfs-3g 2017.3.23"
| #define PACKAGE_BUGREPORT "ntfs-3g-devel@lists.sf.net"
| #define PACKAGE_URL ""
| #define PACKAGE "ntfs-3g"
| #define VERSION "2017.3.23"
| #define STDC_HEADERS 1
| #define HAVE_SYS_TYPES_H 1
| #define HAVE_SYS_STAT_H 1
| #define HAVE_STDLIB_H 1
| #define HAVE_STRING_H 1
| #define HAVE_MEMORY_H 1
| #define HAVE_STRINGS_H 1
| #define HAVE_INTTYPES_H 1
| #define HAVE_STDINT_H 1
| #define HAVE_UNISTD_H 1
| #define __EXTENSIONS__ 1
| #define _ALL_SOURCE 1
| #define _GNU_SOURCE 1
| #define _POSIX_PTHREAD_SEMANTICS 1
| #define _TANDEM_SOURCE 1
| #define HAVE_DLFCN_H 1
| #define LT_OBJDIR ".libs/"
| #define _REENTRANT 1
| #define FUSE_INTERNAL 1
| #define STDC_HEADERS 1
| #define HAVE_CTYPE_H 1
| #define HAVE_FCNTL_H 1
| #define HAVE_LIBGEN_H 1
| #define HAVE_LIMITS_H 1
| #define HAVE_LOCALE_H 1
| #define HAVE_MNTENT_H 1
| #define HAVE_STDDEF_H 1
| #define HAVE_STDINT_H 1
| #define HAVE_STDLIB_H 1
| #define HAVE_STDIO_H 1
| #define HAVE_STDARG_H 1
| #define HAVE_STRING_H 1
| #define HAVE_STRINGS_H 1
| #define HAVE_ERRNO_H 1
| #define HAVE_TIME_H 1
| #define HAVE_UNISTD_H 1
| #define HAVE_UTIME_H 1
| #define HAVE_WCHAR_H 1
| #define HAVE_GETOPT_H 1
| #define HAVE_FEATURES_H 1
| #define HAVE_REGEX_H 1
| #define HAVE_ENDIAN_H 1
| #define HAVE_BYTESWAP_H 1
| #define HAVE_SYS_PARAM_H 1
| #define HAVE_SYS_IOCTL_H 1
| #define HAVE_SYS_MOUNT_H 1
| #define HAVE_SYS_STAT_H 1
| #define HAVE_SYS_TYPES_H 1
| #define HAVE_SYS_VFS_H 1
| #define HAVE_SYS_STATVFS_H 1
| #define HAVE_LINUX_MAJOR_H 1
| #define HAVE_LINUX_FD_H 1
| #define HAVE_LINUX_FS_H 1
| #define HAVE_INTTYPES_H 1
| #define HAVE_LINUX_HDREG_H 1
| #define HAVE_SYSLOG_H 1
| #define HAVE_PWD_H 1
| #define HAVE_MALLOC_H 1
| #define HAVE__BOOL 1
| #define HAVE_STDBOOL_H 1
| /* end confdefs.h.  */
| #ifndef __APPLE_CC__
| 	       not a universal capable compiler
| 	     #endif
| 	     typedef int dummy;
| 
configure:14008: mipsel-buildroot-linux-uclibc-gcc -mips32r2 -msoft-float -c -g -O2 -Wall -mips1 -DTCSUPPORT_CT -DTCSUPPORT_CT_JOYME2  conftest.c >&5
configure:14008: $? = 0
configure:14026: mipsel-buildroot-linux-uclibc-gcc -mips32r2 -msoft-float -c -g -O2 -Wall -mips1 -DTCSUPPORT_CT -DTCSUPPORT_CT_JOYME2  conftest.c >&5
conftest.c: In function 'main':
conftest.c:78:4: error: unknown type name 'not'
conftest.c:78:12: error: expected '=', ',', ';', 'asm' or '__attribute__' before 'endian'
configure:14026: $? = 1
configure: failed program was:
| /* confdefs.h */
| #define PACKAGE_NAME "ntfs-3g"
| #define PACKAGE_TARNAME "ntfs-3g"
| #define PACKAGE_VERSION "2017.3.23"
| #define PACKAGE_STRING "ntfs-3g 2017.3.23"
| #define PACKAGE_BUGREPORT "ntfs-3g-devel@lists.sf.net"
| #define PACKAGE_URL ""
| #define PACKAGE "ntfs-3g"
| #define VERSION "2017.3.23"
| #define STDC_HEADERS 1
| #define HAVE_SYS_TYPES_H 1
| #define HAVE_SYS_STAT_H 1
| #define HAVE_STDLIB_H 1
| #define HAVE_STRING_H 1
| #define HAVE_MEMORY_H 1
| #define HAVE_STRINGS_H 1
| #define HAVE_INTTYPES_H 1
| #define HAVE_STDINT_H 1
| #define HAVE_UNISTD_H 1
| #define __EXTENSIONS__ 1
| #define _ALL_SOURCE 1
| #define _GNU_SOURCE 1
| #define _POSIX_PTHREAD_SEMANTICS 1
| #define _TANDEM_SOURCE 1
| #define HAVE_DLFCN_H 1
| #define LT_OBJDIR ".libs/"
| #define _REENTRANT 1
| #define FUSE_INTERNAL 1
| #define STDC_HEADERS 1
| #define HAVE_CTYPE_H 1
| #define HAVE_FCNTL_H 1
| #define HAVE_LIBGEN_H 1
| #define HAVE_LIMITS_H 1
| #define HAVE_LOCALE_H 1
| #define HAVE_MNTENT_H 1
| #define HAVE_STDDEF_H 1
| #define HAVE_STDINT_H 1
| #define HAVE_STDLIB_H 1
| #define HAVE_STDIO_H 1
| #define HAVE_STDARG_H 1
| #define HAVE_STRING_H 1
| #define HAVE_STRINGS_H 1
| #define HAVE_ERRNO_H 1
| #define HAVE_TIME_H 1
| #define HAVE_UNISTD_H 1
| #define HAVE_UTIME_H 1
| #define HAVE_WCHAR_H 1
| #define HAVE_GETOPT_H 1
| #define HAVE_FEATURES_H 1
| #define HAVE_REGEX_H 1
| #define HAVE_ENDIAN_H 1
| #define HAVE_BYTESWAP_H 1
| #define HAVE_SYS_PARAM_H 1
| #define HAVE_SYS_IOCTL_H 1
| #define HAVE_SYS_MOUNT_H 1
| #define HAVE_SYS_STAT_H 1
| #define HAVE_SYS_TYPES_H 1
| #define HAVE_SYS_VFS_H 1
| #define HAVE_SYS_STATVFS_H 1
| #define HAVE_LINUX_MAJOR_H 1
| #define HAVE_LINUX_FD_H 1
| #define HAVE_LINUX_FS_H 1
| #define HAVE_INTTYPES_H 1
| #define HAVE_LINUX_HDREG_H 1
| #define HAVE_SYSLOG_H 1
| #define HAVE_PWD_H 1
| #define HAVE_MALLOC_H 1
| #define HAVE__BOOL 1
| #define HAVE_STDBOOL_H 1
| /* end confdefs.h.  */
| #include <sys/types.h>
| 		#include <sys/param.h>
| 
| int
| main ()
| {
| #if BYTE_ORDER != BIG_ENDIAN
| 		 not big endian
| 		#endif
| 
|   ;
|   return 0;
| }
configure:14154: result: no
configure:14177: checking for an ANSI C-conforming const
configure:14243: mipsel-buildroot-linux-uclibc-gcc -mips32r2 -msoft-float -c -g -O2 -Wall -mips1 -DTCSUPPORT_CT -DTCSUPPORT_CT_JOYME2  conftest.c >&5
configure:14243: $? = 0
configure:14250: result: yes
configure:14258: checking for inline
configure:14274: mipsel-buildroot-linux-uclibc-gcc -mips32r2 -msoft-float -c -g -O2 -Wall -mips1 -DTCSUPPORT_CT -DTCSUPPORT_CT_JOYME2  conftest.c >&5
configure:14274: $? = 0
configure:14282: result: inline
configure:14300: checking for off_t
configure:14300: mipsel-buildroot-linux-uclibc-gcc -mips32r2 -msoft-float -c -g -O2 -Wall -mips1 -DTCSUPPORT_CT -DTCSUPPORT_CT_JOYME2  conftest.c >&5
configure:14300: $? = 0
configure:14300: mipsel-buildroot-linux-uclibc-gcc -mips32r2 -msoft-float -c -g -O2 -Wall -mips1 -DTCSUPPORT_CT -DTCSUPPORT_CT_JOYME2  conftest.c >&5
conftest.c: In function 'main':
conftest.c:108:20: error: expected expression before ')' token
configure:14300: $? = 1
configure: failed program was:
| /* confdefs.h */
| #define PACKAGE_NAME "ntfs-3g"
| #define PACKAGE_TARNAME "ntfs-3g"
| #define PACKAGE_VERSION "2017.3.23"
| #define PACKAGE_STRING "ntfs-3g 2017.3.23"
| #define PACKAGE_BUGREPORT "ntfs-3g-devel@lists.sf.net"
| #define PACKAGE_URL ""
| #define PACKAGE "ntfs-3g"
| #define VERSION "2017.3.23"
| #define STDC_HEADERS 1
| #define HAVE_SYS_TYPES_H 1
| #define HAVE_SYS_STAT_H 1
| #define HAVE_STDLIB_H 1
| #define HAVE_STRING_H 1
| #define HAVE_MEMORY_H 1
| #define HAVE_STRINGS_H 1
| #define HAVE_INTTYPES_H 1
| #define HAVE_STDINT_H 1
| #define HAVE_UNISTD_H 1
| #define __EXTENSIONS__ 1
| #define _ALL_SOURCE 1
| #define _GNU_SOURCE 1
| #define _POSIX_PTHREAD_SEMANTICS 1
| #define _TANDEM_SOURCE 1
| #define HAVE_DLFCN_H 1
| #define LT_OBJDIR ".libs/"
| #define _REENTRANT 1
| #define FUSE_INTERNAL 1
| #define STDC_HEADERS 1
| #define HAVE_CTYPE_H 1
| #define HAVE_FCNTL_H 1
| #define HAVE_LIBGEN_H 1
| #define HAVE_LIMITS_H 1
| #define HAVE_LOCALE_H 1
| #define HAVE_MNTENT_H 1
| #define HAVE_STDDEF_H 1
| #define HAVE_STDINT_H 1
| #define HAVE_STDLIB_H 1
| #define HAVE_STDIO_H 1
| #define HAVE_STDARG_H 1
| #define HAVE_STRING_H 1
| #define HAVE_STRINGS_H 1
| #define HAVE_ERRNO_H 1
| #define HAVE_TIME_H 1
| #define HAVE_UNISTD_H 1
| #define HAVE_UTIME_H 1
| #define HAVE_WCHAR_H 1
| #define HAVE_GETOPT_H 1
| #define HAVE_FEATURES_H 1
| #define HAVE_REGEX_H 1
| #define HAVE_ENDIAN_H 1
| #define HAVE_BYTESWAP_H 1
| #define HAVE_SYS_PARAM_H 1
| #define HAVE_SYS_IOCTL_H 1
| #define HAVE_SYS_MOUNT_H 1
| #define HAVE_SYS_STAT_H 1
| #define HAVE_SYS_TYPES_H 1
| #define HAVE_SYS_VFS_H 1
| #define HAVE_SYS_STATVFS_H 1
| #define HAVE_LINUX_MAJOR_H 1
| #define HAVE_LINUX_FD_H 1
| #define HAVE_LINUX_FS_H 1
| #define HAVE_INTTYPES_H 1
| #define HAVE_LINUX_HDREG_H 1
| #define HAVE_SYSLOG_H 1
| #define HAVE_PWD_H 1
| #define HAVE_MALLOC_H 1
| #define HAVE__BOOL 1
| #define HAVE_STDBOOL_H 1
| #define WORDS_LITTLEENDIAN 1
| /* end confdefs.h.  */
| #include <stdio.h>
| #ifdef HAVE_SYS_TYPES_H
| # include <sys/types.h>
| #endif
| #ifdef HAVE_SYS_STAT_H
| # include <sys/stat.h>
| #endif
| #ifdef STDC_HEADERS
| # include <stdlib.h>
| # include <stddef.h>
| #else
| # ifdef HAVE_STDLIB_H
| #  include <stdlib.h>
| # endif
| #endif
| #ifdef HAVE_STRING_H
| # if !defined STDC_HEADERS && defined HAVE_MEMORY_H
| #  include <memory.h>
| # endif
| # include <string.h>
| #endif
| #ifdef HAVE_STRINGS_H
| # include <strings.h>
| #endif
| #ifdef HAVE_INTTYPES_H
| # include <inttypes.h>
| #endif
| #ifdef HAVE_STDINT_H
| # include <stdint.h>
| #endif
| #ifdef HAVE_UNISTD_H
| # include <unistd.h>
| #endif
| int
| main ()
| {
| if (sizeof ((off_t)))
| 	    return 0;
|   ;
|   return 0;
| }
configure:14300: result: yes
configure:14311: checking for size_t
configure:14311: mipsel-buildroot-linux-uclibc-gcc -mips32r2 -msoft-float -c -g -O2 -Wall -mips1 -DTCSUPPORT_CT -DTCSUPPORT_CT_JOYME2  conftest.c >&5
configure:14311: $? = 0
configure:14311: mipsel-buildroot-linux-uclibc-gcc -mips32r2 -msoft-float -c -g -O2 -Wall -mips1 -DTCSUPPORT_CT -DTCSUPPORT_CT_JOYME2  conftest.c >&5
conftest.c: In function 'main':
conftest.c:108:21: error: expected expression before ')' token
configure:14311: $? = 1
configure: failed program was:
| /* confdefs.h */
| #define PACKAGE_NAME "ntfs-3g"
| #define PACKAGE_TARNAME "ntfs-3g"
| #define PACKAGE_VERSION "2017.3.23"
| #define PACKAGE_STRING "ntfs-3g 2017.3.23"
| #define PACKAGE_BUGREPORT "ntfs-3g-devel@lists.sf.net"
| #define PACKAGE_URL ""
| #define PACKAGE "ntfs-3g"
| #define VERSION "2017.3.23"
| #define STDC_HEADERS 1
| #define HAVE_SYS_TYPES_H 1
| #define HAVE_SYS_STAT_H 1
| #define HAVE_STDLIB_H 1
| #define HAVE_STRING_H 1
| #define HAVE_MEMORY_H 1
| #define HAVE_STRINGS_H 1
| #define HAVE_INTTYPES_H 1
| #define HAVE_STDINT_H 1
| #define HAVE_UNISTD_H 1
| #define __EXTENSIONS__ 1
| #define _ALL_SOURCE 1
| #define _GNU_SOURCE 1
| #define _POSIX_PTHREAD_SEMANTICS 1
| #define _TANDEM_SOURCE 1
| #define HAVE_DLFCN_H 1
| #define LT_OBJDIR ".libs/"
| #define _REENTRANT 1
| #define FUSE_INTERNAL 1
| #define STDC_HEADERS 1
| #define HAVE_CTYPE_H 1
| #define HAVE_FCNTL_H 1
| #define HAVE_LIBGEN_H 1
| #define HAVE_LIMITS_H 1
| #define HAVE_LOCALE_H 1
| #define HAVE_MNTENT_H 1
| #define HAVE_STDDEF_H 1
| #define HAVE_STDINT_H 1
| #define HAVE_STDLIB_H 1
| #define HAVE_STDIO_H 1
| #define HAVE_STDARG_H 1
| #define HAVE_STRING_H 1
| #define HAVE_STRINGS_H 1
| #define HAVE_ERRNO_H 1
| #define HAVE_TIME_H 1
| #define HAVE_UNISTD_H 1
| #define HAVE_UTIME_H 1
| #define HAVE_WCHAR_H 1
| #define HAVE_GETOPT_H 1
| #define HAVE_FEATURES_H 1
| #define HAVE_REGEX_H 1
| #define HAVE_ENDIAN_H 1
| #define HAVE_BYTESWAP_H 1
| #define HAVE_SYS_PARAM_H 1
| #define HAVE_SYS_IOCTL_H 1
| #define HAVE_SYS_MOUNT_H 1
| #define HAVE_SYS_STAT_H 1
| #define HAVE_SYS_TYPES_H 1
| #define HAVE_SYS_VFS_H 1
| #define HAVE_SYS_STATVFS_H 1
| #define HAVE_LINUX_MAJOR_H 1
| #define HAVE_LINUX_FD_H 1
| #define HAVE_LINUX_FS_H 1
| #define HAVE_INTTYPES_H 1
| #define HAVE_LINUX_HDREG_H 1
| #define HAVE_SYSLOG_H 1
| #define HAVE_PWD_H 1
| #define HAVE_MALLOC_H 1
| #define HAVE__BOOL 1
| #define HAVE_STDBOOL_H 1
| #define WORDS_LITTLEENDIAN 1
| /* end confdefs.h.  */
| #include <stdio.h>
| #ifdef HAVE_SYS_TYPES_H
| # include <sys/types.h>
| #endif
| #ifdef HAVE_SYS_STAT_H
| # include <sys/stat.h>
| #endif
| #ifdef STDC_HEADERS
| # include <stdlib.h>
| # include <stddef.h>
| #else
| # ifdef HAVE_STDLIB_H
| #  include <stdlib.h>
| # endif
| #endif
| #ifdef HAVE_STRING_H
| # if !defined STDC_HEADERS && defined HAVE_MEMORY_H
| #  include <memory.h>
| # endif
| # include <string.h>
| #endif
| #ifdef HAVE_STRINGS_H
| # include <strings.h>
| #endif
| #ifdef HAVE_INTTYPES_H
| # include <inttypes.h>
| #endif
| #ifdef HAVE_STDINT_H
| # include <stdint.h>
| #endif
| #ifdef HAVE_UNISTD_H
| # include <unistd.h>
| #endif
| int
| main ()
| {
| if (sizeof ((size_t)))
| 	    return 0;
|   ;
|   return 0;
| }
configure:14311: result: yes
configure:14322: checking for struct stat.st_blocks
configure:14322: mipsel-buildroot-linux-uclibc-gcc -mips32r2 -msoft-float -c -g -O2 -Wall -mips1 -DTCSUPPORT_CT -DTCSUPPORT_CT_JOYME2  conftest.c >&5
configure:14322: $? = 0
configure:14322: result: yes
configure:14342: checking for struct stat.st_rdev
configure:14342: mipsel-buildroot-linux-uclibc-gcc -mips32r2 -msoft-float -c -g -O2 -Wall -mips1 -DTCSUPPORT_CT -DTCSUPPORT_CT_JOYME2  conftest.c >&5
configure:14342: $? = 0
configure:14342: result: yes
configure:14352: checking for struct stat.st_atim
configure:14352: mipsel-buildroot-linux-uclibc-gcc -mips32r2 -msoft-float -c -g -O2 -Wall -mips1 -DTCSUPPORT_CT -DTCSUPPORT_CT_JOYME2  conftest.c >&5
conftest.c: In function 'main':
conftest.c:112:5: error: used struct type value where scalar is required
conftest.c:111:20: warning: variable 'ac_aggr' set but not used [-Wunused-but-set-variable]
configure:14352: $? = 1
configure: failed program was:
| /* confdefs.h */
| #define PACKAGE_NAME "ntfs-3g"
| #define PACKAGE_TARNAME "ntfs-3g"
| #define PACKAGE_VERSION "2017.3.23"
| #define PACKAGE_STRING "ntfs-3g 2017.3.23"
| #define PACKAGE_BUGREPORT "ntfs-3g-devel@lists.sf.net"
| #define PACKAGE_URL ""
| #define PACKAGE "ntfs-3g"
| #define VERSION "2017.3.23"
| #define STDC_HEADERS 1
| #define HAVE_SYS_TYPES_H 1
| #define HAVE_SYS_STAT_H 1
| #define HAVE_STDLIB_H 1
| #define HAVE_STRING_H 1
| #define HAVE_MEMORY_H 1
| #define HAVE_STRINGS_H 1
| #define HAVE_INTTYPES_H 1
| #define HAVE_STDINT_H 1
| #define HAVE_UNISTD_H 1
| #define __EXTENSIONS__ 1
| #define _ALL_SOURCE 1
| #define _GNU_SOURCE 1
| #define _POSIX_PTHREAD_SEMANTICS 1
| #define _TANDEM_SOURCE 1
| #define HAVE_DLFCN_H 1
| #define LT_OBJDIR ".libs/"
| #define _REENTRANT 1
| #define FUSE_INTERNAL 1
| #define STDC_HEADERS 1
| #define HAVE_CTYPE_H 1
| #define HAVE_FCNTL_H 1
| #define HAVE_LIBGEN_H 1
| #define HAVE_LIMITS_H 1
| #define HAVE_LOCALE_H 1
| #define HAVE_MNTENT_H 1
| #define HAVE_STDDEF_H 1
| #define HAVE_STDINT_H 1
| #define HAVE_STDLIB_H 1
| #define HAVE_STDIO_H 1
| #define HAVE_STDARG_H 1
| #define HAVE_STRING_H 1
| #define HAVE_STRINGS_H 1
| #define HAVE_ERRNO_H 1
| #define HAVE_TIME_H 1
| #define HAVE_UNISTD_H 1
| #define HAVE_UTIME_H 1
| #define HAVE_WCHAR_H 1
| #define HAVE_GETOPT_H 1
| #define HAVE_FEATURES_H 1
| #define HAVE_REGEX_H 1
| #define HAVE_ENDIAN_H 1
| #define HAVE_BYTESWAP_H 1
| #define HAVE_SYS_PARAM_H 1
| #define HAVE_SYS_IOCTL_H 1
| #define HAVE_SYS_MOUNT_H 1
| #define HAVE_SYS_STAT_H 1
| #define HAVE_SYS_TYPES_H 1
| #define HAVE_SYS_VFS_H 1
| #define HAVE_SYS_STATVFS_H 1
| #define HAVE_LINUX_MAJOR_H 1
| #define HAVE_LINUX_FD_H 1
| #define HAVE_LINUX_FS_H 1
| #define HAVE_INTTYPES_H 1
| #define HAVE_LINUX_HDREG_H 1
| #define HAVE_SYSLOG_H 1
| #define HAVE_PWD_H 1
| #define HAVE_MALLOC_H 1
| #define HAVE__BOOL 1
| #define HAVE_STDBOOL_H 1
| #define WORDS_LITTLEENDIAN 1
| #define HAVE_STRUCT_STAT_ST_BLOCKS 1
| #define HAVE_ST_BLOCKS 1
| #define HAVE_STRUCT_STAT_ST_RDEV 1
| /* end confdefs.h.  */
| #include <stdio.h>
| #ifdef HAVE_SYS_TYPES_H
| # include <sys/types.h>
| #endif
| #ifdef HAVE_SYS_STAT_H
| # include <sys/stat.h>
| #endif
| #ifdef STDC_HEADERS
| # include <stdlib.h>
| # include <stddef.h>
| #else
| # ifdef HAVE_STDLIB_H
| #  include <stdlib.h>
| # endif
| #endif
| #ifdef HAVE_STRING_H
| # if !defined STDC_HEADERS && defined HAVE_MEMORY_H
| #  include <memory.h>
| # endif
| # include <string.h>
| #endif
| #ifdef HAVE_STRINGS_H
| # include <strings.h>
| #endif
| #ifdef HAVE_INTTYPES_H
| # include <inttypes.h>
| #endif
| #ifdef HAVE_STDINT_H
| # include <stdint.h>
| #endif
| #ifdef HAVE_UNISTD_H
| # include <unistd.h>
| #endif
| int
| main ()
| {
| static struct stat ac_aggr;
| if (ac_aggr.st_atim)
| return 0;
|   ;
|   return 0;
| }
configure:14352: mipsel-buildroot-linux-uclibc-gcc -mips32r2 -msoft-float -c -g -O2 -Wall -mips1 -DTCSUPPORT_CT -DTCSUPPORT_CT_JOYME2  conftest.c >&5
configure:14352: $? = 0
configure:14352: result: yes
configure:14362: checking for struct stat.st_atimespec
configure:14362: mipsel-buildroot-linux-uclibc-gcc -mips32r2 -msoft-float -c -g -O2 -Wall -mips1 -DTCSUPPORT_CT -DTCSUPPORT_CT_JOYME2  conftest.c >&5
conftest.c: In function 'main':
conftest.c:113:12: error: 'struct stat' has no member named 'st_atimespec'
conftest.c:112:20: warning: variable 'ac_aggr' set but not used [-Wunused-but-set-variable]
configure:14362: $? = 1
configure: failed program was:
| /* confdefs.h */
| #define PACKAGE_NAME "ntfs-3g"
| #define PACKAGE_TARNAME "ntfs-3g"
| #define PACKAGE_VERSION "2017.3.23"
| #define PACKAGE_STRING "ntfs-3g 2017.3.23"
| #define PACKAGE_BUGREPORT "ntfs-3g-devel@lists.sf.net"
| #define PACKAGE_URL ""
| #define PACKAGE "ntfs-3g"
| #define VERSION "2017.3.23"
| #define STDC_HEADERS 1
| #define HAVE_SYS_TYPES_H 1
| #define HAVE_SYS_STAT_H 1
| #define HAVE_STDLIB_H 1
| #define HAVE_STRING_H 1
| #define HAVE_MEMORY_H 1
| #define HAVE_STRINGS_H 1
| #define HAVE_INTTYPES_H 1
| #define HAVE_STDINT_H 1
| #define HAVE_UNISTD_H 1
| #define __EXTENSIONS__ 1
| #define _ALL_SOURCE 1
| #define _GNU_SOURCE 1
| #define _POSIX_PTHREAD_SEMANTICS 1
| #define _TANDEM_SOURCE 1
| #define HAVE_DLFCN_H 1
| #define LT_OBJDIR ".libs/"
| #define _REENTRANT 1
| #define FUSE_INTERNAL 1
| #define STDC_HEADERS 1
| #define HAVE_CTYPE_H 1
| #define HAVE_FCNTL_H 1
| #define HAVE_LIBGEN_H 1
| #define HAVE_LIMITS_H 1
| #define HAVE_LOCALE_H 1
| #define HAVE_MNTENT_H 1
| #define HAVE_STDDEF_H 1
| #define HAVE_STDINT_H 1
| #define HAVE_STDLIB_H 1
| #define HAVE_STDIO_H 1
| #define HAVE_STDARG_H 1
| #define HAVE_STRING_H 1
| #define HAVE_STRINGS_H 1
| #define HAVE_ERRNO_H 1
| #define HAVE_TIME_H 1
| #define HAVE_UNISTD_H 1
| #define HAVE_UTIME_H 1
| #define HAVE_WCHAR_H 1
| #define HAVE_GETOPT_H 1
| #define HAVE_FEATURES_H 1
| #define HAVE_REGEX_H 1
| #define HAVE_ENDIAN_H 1
| #define HAVE_BYTESWAP_H 1
| #define HAVE_SYS_PARAM_H 1
| #define HAVE_SYS_IOCTL_H 1
| #define HAVE_SYS_MOUNT_H 1
| #define HAVE_SYS_STAT_H 1
| #define HAVE_SYS_TYPES_H 1
| #define HAVE_SYS_VFS_H 1
| #define HAVE_SYS_STATVFS_H 1
| #define HAVE_LINUX_MAJOR_H 1
| #define HAVE_LINUX_FD_H 1
| #define HAVE_LINUX_FS_H 1
| #define HAVE_INTTYPES_H 1
| #define HAVE_LINUX_HDREG_H 1
| #define HAVE_SYSLOG_H 1
| #define HAVE_PWD_H 1
| #define HAVE_MALLOC_H 1
| #define HAVE__BOOL 1
| #define HAVE_STDBOOL_H 1
| #define WORDS_LITTLEENDIAN 1
| #define HAVE_STRUCT_STAT_ST_BLOCKS 1
| #define HAVE_ST_BLOCKS 1
| #define HAVE_STRUCT_STAT_ST_RDEV 1
| #define HAVE_STRUCT_STAT_ST_ATIM 1
| /* end confdefs.h.  */
| #include <stdio.h>
| #ifdef HAVE_SYS_TYPES_H
| # include <sys/types.h>
| #endif
| #ifdef HAVE_SYS_STAT_H
| # include <sys/stat.h>
| #endif
| #ifdef STDC_HEADERS
| # include <stdlib.h>
| # include <stddef.h>
| #else
| # ifdef HAVE_STDLIB_H
| #  include <stdlib.h>
| # endif
| #endif
| #ifdef HAVE_STRING_H
| # if !defined STDC_HEADERS && defined HAVE_MEMORY_H
| #  include <memory.h>
| # endif
| # include <string.h>
| #endif
| #ifdef HAVE_STRINGS_H
| # include <strings.h>
| #endif
| #ifdef HAVE_INTTYPES_H
| # include <inttypes.h>
| #endif
| #ifdef HAVE_STDINT_H
| # include <stdint.h>
| #endif
| #ifdef HAVE_UNISTD_H
| # include <unistd.h>
| #endif
| int
| main ()
| {
| static struct stat ac_aggr;
| if (ac_aggr.st_atimespec)
| return 0;
|   ;
|   return 0;
| }
configure:14362: mipsel-buildroot-linux-uclibc-gcc -mips32r2 -msoft-float -c -g -O2 -Wall -mips1 -DTCSUPPORT_CT -DTCSUPPORT_CT_JOYME2  conftest.c >&5
conftest.c: In function 'main':
conftest.c:113:19: error: 'struct stat' has no member named 'st_atimespec'
conftest.c:112:20: warning: variable 'ac_aggr' set but not used [-Wunused-but-set-variable]
configure:14362: $? = 1
configure: failed program was:
| /* confdefs.h */
| #define PACKAGE_NAME "ntfs-3g"
| #define PACKAGE_TARNAME "ntfs-3g"
| #define PACKAGE_VERSION "2017.3.23"
| #define PACKAGE_STRING "ntfs-3g 2017.3.23"
| #define PACKAGE_BUGREPORT "ntfs-3g-devel@lists.sf.net"
| #define PACKAGE_URL ""
| #define PACKAGE "ntfs-3g"
| #define VERSION "2017.3.23"
| #define STDC_HEADERS 1
| #define HAVE_SYS_TYPES_H 1
| #define HAVE_SYS_STAT_H 1
| #define HAVE_STDLIB_H 1
| #define HAVE_STRING_H 1
| #define HAVE_MEMORY_H 1
| #define HAVE_STRINGS_H 1
| #define HAVE_INTTYPES_H 1
| #define HAVE_STDINT_H 1
| #define HAVE_UNISTD_H 1
| #define __EXTENSIONS__ 1
| #define _ALL_SOURCE 1
| #define _GNU_SOURCE 1
| #define _POSIX_PTHREAD_SEMANTICS 1
| #define _TANDEM_SOURCE 1
| #define HAVE_DLFCN_H 1
| #define LT_OBJDIR ".libs/"
| #define _REENTRANT 1
| #define FUSE_INTERNAL 1
| #define STDC_HEADERS 1
| #define HAVE_CTYPE_H 1
| #define HAVE_FCNTL_H 1
| #define HAVE_LIBGEN_H 1
| #define HAVE_LIMITS_H 1
| #define HAVE_LOCALE_H 1
| #define HAVE_MNTENT_H 1
| #define HAVE_STDDEF_H 1
| #define HAVE_STDINT_H 1
| #define HAVE_STDLIB_H 1
| #define HAVE_STDIO_H 1
| #define HAVE_STDARG_H 1
| #define HAVE_STRING_H 1
| #define HAVE_STRINGS_H 1
| #define HAVE_ERRNO_H 1
| #define HAVE_TIME_H 1
| #define HAVE_UNISTD_H 1
| #define HAVE_UTIME_H 1
| #define HAVE_WCHAR_H 1
| #define HAVE_GETOPT_H 1
| #define HAVE_FEATURES_H 1
| #define HAVE_REGEX_H 1
| #define HAVE_ENDIAN_H 1
| #define HAVE_BYTESWAP_H 1
| #define HAVE_SYS_PARAM_H 1
| #define HAVE_SYS_IOCTL_H 1
| #define HAVE_SYS_MOUNT_H 1
| #define HAVE_SYS_STAT_H 1
| #define HAVE_SYS_TYPES_H 1
| #define HAVE_SYS_VFS_H 1
| #define HAVE_SYS_STATVFS_H 1
| #define HAVE_LINUX_MAJOR_H 1
| #define HAVE_LINUX_FD_H 1
| #define HAVE_LINUX_FS_H 1
| #define HAVE_INTTYPES_H 1
| #define HAVE_LINUX_HDREG_H 1
| #define HAVE_SYSLOG_H 1
| #define HAVE_PWD_H 1
| #define HAVE_MALLOC_H 1
| #define HAVE__BOOL 1
| #define HAVE_STDBOOL_H 1
| #define WORDS_LITTLEENDIAN 1
| #define HAVE_STRUCT_STAT_ST_BLOCKS 1
| #define HAVE_ST_BLOCKS 1
| #define HAVE_STRUCT_STAT_ST_RDEV 1
| #define HAVE_STRUCT_STAT_ST_ATIM 1
| /* end confdefs.h.  */
| #include <stdio.h>
| #ifdef HAVE_SYS_TYPES_H
| # include <sys/types.h>
| #endif
| #ifdef HAVE_SYS_STAT_H
| # include <sys/stat.h>
| #endif
| #ifdef STDC_HEADERS
| # include <stdlib.h>
| # include <stddef.h>
| #else
| # ifdef HAVE_STDLIB_H
| #  include <stdlib.h>
| # endif
| #endif
| #ifdef HAVE_STRING_H
| # if !defined STDC_HEADERS && defined HAVE_MEMORY_H
| #  include <memory.h>
| # endif
| # include <string.h>
| #endif
| #ifdef HAVE_STRINGS_H
| # include <strings.h>
| #endif
| #ifdef HAVE_INTTYPES_H
| # include <inttypes.h>
| #endif
| #ifdef HAVE_STDINT_H
| # include <stdint.h>
| #endif
| #ifdef HAVE_UNISTD_H
| # include <unistd.h>
| #endif
| int
| main ()
| {
| static struct stat ac_aggr;
| if (sizeof ac_aggr.st_atimespec)
| return 0;
|   ;
|   return 0;
| }
configure:14362: result: no
configure:14372: checking for struct stat.st_atimensec
configure:14372: mipsel-buildroot-linux-uclibc-gcc -mips32r2 -msoft-float -c -g -O2 -Wall -mips1 -DTCSUPPORT_CT -DTCSUPPORT_CT_JOYME2  conftest.c >&5
conftest.c: In function 'main':
conftest.c:113:12: error: 'struct stat' has no member named 'st_atimensec'
conftest.c:112:20: warning: variable 'ac_aggr' set but not used [-Wunused-but-set-variable]
configure:14372: $? = 1
configure: failed program was:
| /* confdefs.h */
| #define PACKAGE_NAME "ntfs-3g"
| #define PACKAGE_TARNAME "ntfs-3g"
| #define PACKAGE_VERSION "2017.3.23"
| #define PACKAGE_STRING "ntfs-3g 2017.3.23"
| #define PACKAGE_BUGREPORT "ntfs-3g-devel@lists.sf.net"
| #define PACKAGE_URL ""
| #define PACKAGE "ntfs-3g"
| #define VERSION "2017.3.23"
| #define STDC_HEADERS 1
| #define HAVE_SYS_TYPES_H 1
| #define HAVE_SYS_STAT_H 1
| #define HAVE_STDLIB_H 1
| #define HAVE_STRING_H 1
| #define HAVE_MEMORY_H 1
| #define HAVE_STRINGS_H 1
| #define HAVE_INTTYPES_H 1
| #define HAVE_STDINT_H 1
| #define HAVE_UNISTD_H 1
| #define __EXTENSIONS__ 1
| #define _ALL_SOURCE 1
| #define _GNU_SOURCE 1
| #define _POSIX_PTHREAD_SEMANTICS 1
| #define _TANDEM_SOURCE 1
| #define HAVE_DLFCN_H 1
| #define LT_OBJDIR ".libs/"
| #define _REENTRANT 1
| #define FUSE_INTERNAL 1
| #define STDC_HEADERS 1
| #define HAVE_CTYPE_H 1
| #define HAVE_FCNTL_H 1
| #define HAVE_LIBGEN_H 1
| #define HAVE_LIMITS_H 1
| #define HAVE_LOCALE_H 1
| #define HAVE_MNTENT_H 1
| #define HAVE_STDDEF_H 1
| #define HAVE_STDINT_H 1
| #define HAVE_STDLIB_H 1
| #define HAVE_STDIO_H 1
| #define HAVE_STDARG_H 1
| #define HAVE_STRING_H 1
| #define HAVE_STRINGS_H 1
| #define HAVE_ERRNO_H 1
| #define HAVE_TIME_H 1
| #define HAVE_UNISTD_H 1
| #define HAVE_UTIME_H 1
| #define HAVE_WCHAR_H 1
| #define HAVE_GETOPT_H 1
| #define HAVE_FEATURES_H 1
| #define HAVE_REGEX_H 1
| #define HAVE_ENDIAN_H 1
| #define HAVE_BYTESWAP_H 1
| #define HAVE_SYS_PARAM_H 1
| #define HAVE_SYS_IOCTL_H 1
| #define HAVE_SYS_MOUNT_H 1
| #define HAVE_SYS_STAT_H 1
| #define HAVE_SYS_TYPES_H 1
| #define HAVE_SYS_VFS_H 1
| #define HAVE_SYS_STATVFS_H 1
| #define HAVE_LINUX_MAJOR_H 1
| #define HAVE_LINUX_FD_H 1
| #define HAVE_LINUX_FS_H 1
| #define HAVE_INTTYPES_H 1
| #define HAVE_LINUX_HDREG_H 1
| #define HAVE_SYSLOG_H 1
| #define HAVE_PWD_H 1
| #define HAVE_MALLOC_H 1
| #define HAVE__BOOL 1
| #define HAVE_STDBOOL_H 1
| #define WORDS_LITTLEENDIAN 1
| #define HAVE_STRUCT_STAT_ST_BLOCKS 1
| #define HAVE_ST_BLOCKS 1
| #define HAVE_STRUCT_STAT_ST_RDEV 1
| #define HAVE_STRUCT_STAT_ST_ATIM 1
| /* end confdefs.h.  */
| #include <stdio.h>
| #ifdef HAVE_SYS_TYPES_H
| # include <sys/types.h>
| #endif
| #ifdef HAVE_SYS_STAT_H
| # include <sys/stat.h>
| #endif
| #ifdef STDC_HEADERS
| # include <stdlib.h>
| # include <stddef.h>
| #else
| # ifdef HAVE_STDLIB_H
| #  include <stdlib.h>
| # endif
| #endif
| #ifdef HAVE_STRING_H
| # if !defined STDC_HEADERS && defined HAVE_MEMORY_H
| #  include <memory.h>
| # endif
| # include <string.h>
| #endif
| #ifdef HAVE_STRINGS_H
| # include <strings.h>
| #endif
| #ifdef HAVE_INTTYPES_H
| # include <inttypes.h>
| #endif
| #ifdef HAVE_STDINT_H
| # include <stdint.h>
| #endif
| #ifdef HAVE_UNISTD_H
| # include <unistd.h>
| #endif
| int
| main ()
| {
| static struct stat ac_aggr;
| if (ac_aggr.st_atimensec)
| return 0;
|   ;
|   return 0;
| }
configure:14372: mipsel-buildroot-linux-uclibc-gcc -mips32r2 -msoft-float -c -g -O2 -Wall -mips1 -DTCSUPPORT_CT -DTCSUPPORT_CT_JOYME2  conftest.c >&5
conftest.c: In function 'main':
conftest.c:113:19: error: 'struct stat' has no member named 'st_atimensec'
conftest.c:112:20: warning: variable 'ac_aggr' set but not used [-Wunused-but-set-variable]
configure:14372: $? = 1
configure: failed program was:
| /* confdefs.h */
| #define PACKAGE_NAME "ntfs-3g"
| #define PACKAGE_TARNAME "ntfs-3g"
| #define PACKAGE_VERSION "2017.3.23"
| #define PACKAGE_STRING "ntfs-3g 2017.3.23"
| #define PACKAGE_BUGREPORT "ntfs-3g-devel@lists.sf.net"
| #define PACKAGE_URL ""
| #define PACKAGE "ntfs-3g"
| #define VERSION "2017.3.23"
| #define STDC_HEADERS 1
| #define HAVE_SYS_TYPES_H 1
| #define HAVE_SYS_STAT_H 1
| #define HAVE_STDLIB_H 1
| #define HAVE_STRING_H 1
| #define HAVE_MEMORY_H 1
| #define HAVE_STRINGS_H 1
| #define HAVE_INTTYPES_H 1
| #define HAVE_STDINT_H 1
| #define HAVE_UNISTD_H 1
| #define __EXTENSIONS__ 1
| #define _ALL_SOURCE 1
| #define _GNU_SOURCE 1
| #define _POSIX_PTHREAD_SEMANTICS 1
| #define _TANDEM_SOURCE 1
| #define HAVE_DLFCN_H 1
| #define LT_OBJDIR ".libs/"
| #define _REENTRANT 1
| #define FUSE_INTERNAL 1
| #define STDC_HEADERS 1
| #define HAVE_CTYPE_H 1
| #define HAVE_FCNTL_H 1
| #define HAVE_LIBGEN_H 1
| #define HAVE_LIMITS_H 1
| #define HAVE_LOCALE_H 1
| #define HAVE_MNTENT_H 1
| #define HAVE_STDDEF_H 1
| #define HAVE_STDINT_H 1
| #define HAVE_STDLIB_H 1
| #define HAVE_STDIO_H 1
| #define HAVE_STDARG_H 1
| #define HAVE_STRING_H 1
| #define HAVE_STRINGS_H 1
| #define HAVE_ERRNO_H 1
| #define HAVE_TIME_H 1
| #define HAVE_UNISTD_H 1
| #define HAVE_UTIME_H 1
| #define HAVE_WCHAR_H 1
| #define HAVE_GETOPT_H 1
| #define HAVE_FEATURES_H 1
| #define HAVE_REGEX_H 1
| #define HAVE_ENDIAN_H 1
| #define HAVE_BYTESWAP_H 1
| #define HAVE_SYS_PARAM_H 1
| #define HAVE_SYS_IOCTL_H 1
| #define HAVE_SYS_MOUNT_H 1
| #define HAVE_SYS_STAT_H 1
| #define HAVE_SYS_TYPES_H 1
| #define HAVE_SYS_VFS_H 1
| #define HAVE_SYS_STATVFS_H 1
| #define HAVE_LINUX_MAJOR_H 1
| #define HAVE_LINUX_FD_H 1
| #define HAVE_LINUX_FS_H 1
| #define HAVE_INTTYPES_H 1
| #define HAVE_LINUX_HDREG_H 1
| #define HAVE_SYSLOG_H 1
| #define HAVE_PWD_H 1
| #define HAVE_MALLOC_H 1
| #define HAVE__BOOL 1
| #define HAVE_STDBOOL_H 1
| #define WORDS_LITTLEENDIAN 1
| #define HAVE_STRUCT_STAT_ST_BLOCKS 1
| #define HAVE_ST_BLOCKS 1
| #define HAVE_STRUCT_STAT_ST_RDEV 1
| #define HAVE_STRUCT_STAT_ST_ATIM 1
| /* end confdefs.h.  */
| #include <stdio.h>
| #ifdef HAVE_SYS_TYPES_H
| # include <sys/types.h>
| #endif
| #ifdef HAVE_SYS_STAT_H
| # include <sys/stat.h>
| #endif
| #ifdef STDC_HEADERS
| # include <stdlib.h>
| # include <stddef.h>
| #else
| # ifdef HAVE_STDLIB_H
| #  include <stdlib.h>
| # endif
| #endif
| #ifdef HAVE_STRING_H
| # if !defined STDC_HEADERS && defined HAVE_MEMORY_H
| #  include <memory.h>
| # endif
| # include <string.h>
| #endif
| #ifdef HAVE_STRINGS_H
| # include <strings.h>
| #endif
| #ifdef HAVE_INTTYPES_H
| # include <inttypes.h>
| #endif
| #ifdef HAVE_STDINT_H
| # include <stdint.h>
| #endif
| #ifdef HAVE_UNISTD_H
| # include <unistd.h>
| #endif
| int
| main ()
| {
| static struct stat ac_aggr;
| if (sizeof ac_aggr.st_atimensec)
| return 0;
|   ;
|   return 0;
| }
configure:14372: result: no
configure:14408: checking for library containing getmntent
configure:14439: mipsel-buildroot-linux-uclibc-gcc -mips32r2 -msoft-float -o conftest -g -O2 -Wall -mips1 -DTCSUPPORT_CT -DTCSUPPORT_CT_JOYME2   conftest.c  >&5
configure:14439: $? = 0
configure:14456: result: none required
configure:14471: checking whether mbrtowc and mbstate_t are properly declared
configure:14491: mipsel-buildroot-linux-uclibc-gcc -mips32r2 -msoft-float -o conftest -g -O2 -Wall -mips1 -DTCSUPPORT_CT -DTCSUPPORT_CT_JOYME2   conftest.c  >&5
configure:14491: $? = 0
configure:14499: result: yes
configure:14507: checking for working memcmp
configure:14560: result: no
configure:14569: checking whether lstat correctly handles trailing slash
configure:14612: result: no
configure:14631: checking whether stat accepts an empty string
configure:14661: result: yes
configure:14679: checking for strftime
configure:14679: mipsel-buildroot-linux-uclibc-gcc -mips32r2 -msoft-float -o conftest -g -O2 -Wall -mips1 -DTCSUPPORT_CT -DTCSUPPORT_CT_JOYME2   conftest.c  >&5
conftest.c:102:6: warning: conflicting types for built-in function 'strftime' [enabled by default]
configure:14679: $? = 0
configure:14679: result: yes
configure:14738: checking for utime.h
configure:14738: result: yes
configure:14752: checking whether utime accepts a null argument
configure:14791: result: guessing yes
configure:14803: checking for vprintf
configure:14803: mipsel-buildroot-linux-uclibc-gcc -mips32r2 -msoft-float -o conftest -g -O2 -Wall -mips1 -DTCSUPPORT_CT -DTCSUPPORT_CT_JOYME2   conftest.c  >&5
conftest.c:105:6: warning: conflicting types for built-in function 'vprintf' [enabled by default]
configure:14803: $? = 0
configure:14803: result: yes
configure:14809: checking for _doprnt
configure:14809: mipsel-buildroot-linux-uclibc-gcc -mips32r2 -msoft-float -o conftest -g -O2 -Wall -mips1 -DTCSUPPORT_CT -DTCSUPPORT_CT_JOYME2   conftest.c  >&5
/tmp/ccsIQhmu.o: In function `main':
/proj/vend_sr00003/git_master_compile_7528_JOYME3/tclinux_phoenix/apps/opensource/ntfs-3g_ntfsprogs-2017.3.23/conftest.c:117: undefined reference to `_doprnt'
collect2: ld returned 1 exit status
configure:14809: $? = 1
configure: failed program was:
| /* confdefs.h */
| #define PACKAGE_NAME "ntfs-3g"
| #define PACKAGE_TARNAME "ntfs-3g"
| #define PACKAGE_VERSION "2017.3.23"
| #define PACKAGE_STRING "ntfs-3g 2017.3.23"
| #define PACKAGE_BUGREPORT "ntfs-3g-devel@lists.sf.net"
| #define PACKAGE_URL ""
| #define PACKAGE "ntfs-3g"
| #define VERSION "2017.3.23"
| #define STDC_HEADERS 1
| #define HAVE_SYS_TYPES_H 1
| #define HAVE_SYS_STAT_H 1
| #define HAVE_STDLIB_H 1
| #define HAVE_STRING_H 1
| #define HAVE_MEMORY_H 1
| #define HAVE_STRINGS_H 1
| #define HAVE_INTTYPES_H 1
| #define HAVE_STDINT_H 1
| #define HAVE_UNISTD_H 1
| #define __EXTENSIONS__ 1
| #define _ALL_SOURCE 1
| #define _GNU_SOURCE 1
| #define _POSIX_PTHREAD_SEMANTICS 1
| #define _TANDEM_SOURCE 1
| #define HAVE_DLFCN_H 1
| #define LT_OBJDIR ".libs/"
| #define _REENTRANT 1
| #define FUSE_INTERNAL 1
| #define STDC_HEADERS 1
| #define HAVE_CTYPE_H 1
| #define HAVE_FCNTL_H 1
| #define HAVE_LIBGEN_H 1
| #define HAVE_LIMITS_H 1
| #define HAVE_LOCALE_H 1
| #define HAVE_MNTENT_H 1
| #define HAVE_STDDEF_H 1
| #define HAVE_STDINT_H 1
| #define HAVE_STDLIB_H 1
| #define HAVE_STDIO_H 1
| #define HAVE_STDARG_H 1
| #define HAVE_STRING_H 1
| #define HAVE_STRINGS_H 1
| #define HAVE_ERRNO_H 1
| #define HAVE_TIME_H 1
| #define HAVE_UNISTD_H 1
| #define HAVE_UTIME_H 1
| #define HAVE_WCHAR_H 1
| #define HAVE_GETOPT_H 1
| #define HAVE_FEATURES_H 1
| #define HAVE_REGEX_H 1
| #define HAVE_ENDIAN_H 1
| #define HAVE_BYTESWAP_H 1
| #define HAVE_SYS_PARAM_H 1
| #define HAVE_SYS_IOCTL_H 1
| #define HAVE_SYS_MOUNT_H 1
| #define HAVE_SYS_STAT_H 1
| #define HAVE_SYS_TYPES_H 1
| #define HAVE_SYS_VFS_H 1
| #define HAVE_SYS_STATVFS_H 1
| #define HAVE_LINUX_MAJOR_H 1
| #define HAVE_LINUX_FD_H 1
| #define HAVE_LINUX_FS_H 1
| #define HAVE_INTTYPES_H 1
| #define HAVE_LINUX_HDREG_H 1
| #define HAVE_SYSLOG_H 1
| #define HAVE_PWD_H 1
| #define HAVE_MALLOC_H 1
| #define HAVE__BOOL 1
| #define HAVE_STDBOOL_H 1
| #define WORDS_LITTLEENDIAN 1
| #define HAVE_STRUCT_STAT_ST_BLOCKS 1
| #define HAVE_ST_BLOCKS 1
| #define HAVE_STRUCT_STAT_ST_RDEV 1
| #define HAVE_STRUCT_STAT_ST_ATIM 1
| #define HAVE_GETMNTENT 1
| #define HAVE_MBRTOWC 1
| #define HAVE_STAT_EMPTY_STRING_BUG 1
| #define HAVE_STRFTIME 1
| #define HAVE_UTIME_H 1
| #define HAVE_UTIME_NULL 1
| #define HAVE_VPRINTF 1
| /* end confdefs.h.  */
| /* Define _doprnt to an innocuous variant, in case <limits.h> declares _doprnt.
|    For example, HP-UX 11i <limits.h> declares gettimeofday.  */
| #define _doprnt innocuous__doprnt
| 
| /* System header to define __stub macros and hopefully few prototypes,
|     which can conflict with char _doprnt (); below.
|     Prefer <limits.h> to <assert.h> if __STDC__ is defined, since
|     <limits.h> exists even on freestanding compilers.  */
| 
| #ifdef __STDC__
| # include <limits.h>
| #else
| # include <assert.h>
| #endif
| 
| #undef _doprnt
| 
| /* Override any GCC internal prototype to avoid an error.
|    Use char because int might match the return type of a GCC
|    builtin and then its argument prototype would still apply.  */
| #ifdef __cplusplus
| extern "C"
| #endif
| char _doprnt ();
| /* The GNU C library defines this for functions which it implements
|     to always fail with ENOSYS.  Some functions are actually named
|     something starting with __ and the normal name is an alias.  */
| #if defined __stub__doprnt || defined __stub____doprnt
| choke me
| #endif
| 
| int
| main ()
| {
| return _doprnt ();
|   ;
|   return 0;
| }
configure:14809: result: no
configure:14828: checking for atexit
configure:14828: mipsel-buildroot-linux-uclibc-gcc -mips32r2 -msoft-float -o conftest -g -O2 -Wall -mips1 -DTCSUPPORT_CT -DTCSUPPORT_CT_JOYME2   conftest.c  >&5
configure:14828: $? = 0
configure:14828: result: yes
configure:14828: checking for basename
configure:14828: mipsel-buildroot-linux-uclibc-gcc -mips32r2 -msoft-float -o conftest -g -O2 -Wall -mips1 -DTCSUPPORT_CT -DTCSUPPORT_CT_JOYME2   conftest.c  >&5
configure:14828: $? = 0
configure:14828: result: yes
configure:14828: checking for daemon
configure:14828: mipsel-buildroot-linux-uclibc-gcc -mips32r2 -msoft-float -o conftest -g -O2 -Wall -mips1 -DTCSUPPORT_CT -DTCSUPPORT_CT_JOYME2   conftest.c  >&5
configure:14828: $? = 0
configure:14828: result: yes
configure:14828: checking for dup2
configure:14828: mipsel-buildroot-linux-uclibc-gcc -mips32r2 -msoft-float -o conftest -g -O2 -Wall -mips1 -DTCSUPPORT_CT -DTCSUPPORT_CT_JOYME2   conftest.c  >&5
configure:14828: $? = 0
configure:14828: result: yes
configure:14828: checking for fdatasync
configure:14828: mipsel-buildroot-linux-uclibc-gcc -mips32r2 -msoft-float -o conftest -g -O2 -Wall -mips1 -DTCSUPPORT_CT -DTCSUPPORT_CT_JOYME2   conftest.c  >&5
configure:14828: $? = 0
configure:14828: result: yes
configure:14828: checking for ffs
configure:14828: mipsel-buildroot-linux-uclibc-gcc -mips32r2 -msoft-float -o conftest -g -O2 -Wall -mips1 -DTCSUPPORT_CT -DTCSUPPORT_CT_JOYME2   conftest.c  >&5
conftest.c:111:6: warning: conflicting types for built-in function 'ffs' [enabled by default]
configure:14828: $? = 0
configure:14828: result: yes
configure:14828: checking for getopt_long
configure:14828: mipsel-buildroot-linux-uclibc-gcc -mips32r2 -msoft-float -o conftest -g -O2 -Wall -mips1 -DTCSUPPORT_CT -DTCSUPPORT_CT_JOYME2   conftest.c  >&5
configure:14828: $? = 0
configure:14828: result: yes
configure:14828: checking for hasmntopt
configure:14828: mipsel-buildroot-linux-uclibc-gcc -mips32r2 -msoft-float -o conftest -g -O2 -Wall -mips1 -DTCSUPPORT_CT -DTCSUPPORT_CT_JOYME2   conftest.c  >&5
configure:14828: $? = 0
configure:14828: result: yes
configure:14828: checking for mbsinit
configure:14828: mipsel-buildroot-linux-uclibc-gcc -mips32r2 -msoft-float -o conftest -g -O2 -Wall -mips1 -DTCSUPPORT_CT -DTCSUPPORT_CT_JOYME2   conftest.c  >&5
configure:14828: $? = 0
configure:14828: result: yes
configure:14828: checking for memmove
configure:14828: mipsel-buildroot-linux-uclibc-gcc -mips32r2 -msoft-float -o conftest -g -O2 -Wall -mips1 -DTCSUPPORT_CT -DTCSUPPORT_CT_JOYME2   conftest.c  >&5
conftest.c:115:6: warning: conflicting types for built-in function 'memmove' [enabled by default]
configure:14828: $? = 0
configure:14828: result: yes
configure:14828: checking for memset
configure:14828: mipsel-buildroot-linux-uclibc-gcc -mips32r2 -msoft-float -o conftest -g -O2 -Wall -mips1 -DTCSUPPORT_CT -DTCSUPPORT_CT_JOYME2   conftest.c  >&5
conftest.c:116:6: warning: conflicting types for built-in function 'memset' [enabled by default]
configure:14828: $? = 0
configure:14828: result: yes
configure:14828: checking for realpath
configure:14828: mipsel-buildroot-linux-uclibc-gcc -mips32r2 -msoft-float -o conftest -g -O2 -Wall -mips1 -DTCSUPPORT_CT -DTCSUPPORT_CT_JOYME2   conftest.c  >&5
configure:14828: $? = 0
configure:14828: result: yes
configure:14828: checking for regcomp
configure:14828: mipsel-buildroot-linux-uclibc-gcc -mips32r2 -msoft-float -o conftest -g -O2 -Wall -mips1 -DTCSUPPORT_CT -DTCSUPPORT_CT_JOYME2   conftest.c  >&5
configure:14828: $? = 0
configure:14828: result: yes
configure:14828: checking for setlocale
configure:14828: mipsel-buildroot-linux-uclibc-gcc -mips32r2 -msoft-float -o conftest -g -O2 -Wall -mips1 -DTCSUPPORT_CT -DTCSUPPORT_CT_JOYME2   conftest.c  >&5
configure:14828: $? = 0
configure:14828: result: yes
configure:14828: checking for setxattr
configure:14828: mipsel-buildroot-linux-uclibc-gcc -mips32r2 -msoft-float -o conftest -g -O2 -Wall -mips1 -DTCSUPPORT_CT -DTCSUPPORT_CT_JOYME2   conftest.c  >&5
configure:14828: $? = 0
configure:14828: result: yes
configure:14828: checking for strcasecmp
configure:14828: mipsel-buildroot-linux-uclibc-gcc -mips32r2 -msoft-float -o conftest -g -O2 -Wall -mips1 -DTCSUPPORT_CT -DTCSUPPORT_CT_JOYME2   conftest.c  >&5
conftest.c:121:6: warning: conflicting types for built-in function 'strcasecmp' [enabled by default]
configure:14828: $? = 0
configure:14828: result: yes
configure:14828: checking for strchr
configure:14828: mipsel-buildroot-linux-uclibc-gcc -mips32r2 -msoft-float -o conftest -g -O2 -Wall -mips1 -DTCSUPPORT_CT -DTCSUPPORT_CT_JOYME2   conftest.c  >&5
conftest.c:122:6: warning: conflicting types for built-in function 'strchr' [enabled by default]
configure:14828: $? = 0
configure:14828: result: yes
configure:14828: checking for strdup
configure:14828: mipsel-buildroot-linux-uclibc-gcc -mips32r2 -msoft-float -o conftest -g -O2 -Wall -mips1 -DTCSUPPORT_CT -DTCSUPPORT_CT_JOYME2   conftest.c  >&5
conftest.c:123:6: warning: conflicting types for built-in function 'strdup' [enabled by default]
configure:14828: $? = 0
configure:14828: result: yes
configure:14828: checking for strerror
configure:14828: mipsel-buildroot-linux-uclibc-gcc -mips32r2 -msoft-float -o conftest -g -O2 -Wall -mips1 -DTCSUPPORT_CT -DTCSUPPORT_CT_JOYME2   conftest.c  >&5
configure:14828: $? = 0
configure:14828: result: yes
configure:14828: checking for strnlen
configure:14828: mipsel-buildroot-linux-uclibc-gcc -mips32r2 -msoft-float -o conftest -g -O2 -Wall -mips1 -DTCSUPPORT_CT -DTCSUPPORT_CT_JOYME2   conftest.c  >&5
configure:14828: $? = 0
configure:14828: result: yes
configure:14828: checking for strsep
configure:14828: mipsel-buildroot-linux-uclibc-gcc -mips32r2 -msoft-float -o conftest -g -O2 -Wall -mips1 -DTCSUPPORT_CT -DTCSUPPORT_CT_JOYME2   conftest.c  >&5
configure:14828: $? = 0
configure:14828: result: yes
configure:14828: checking for strtol
configure:14828: mipsel-buildroot-linux-uclibc-gcc -mips32r2 -msoft-float -o conftest -g -O2 -Wall -mips1 -DTCSUPPORT_CT -DTCSUPPORT_CT_JOYME2   conftest.c  >&5
configure:14828: $? = 0
configure:14828: result: yes
configure:14828: checking for strtoul
configure:14828: mipsel-buildroot-linux-uclibc-gcc -mips32r2 -msoft-float -o conftest -g -O2 -Wall -mips1 -DTCSUPPORT_CT -DTCSUPPORT_CT_JOYME2   conftest.c  >&5
configure:14828: $? = 0
configure:14828: result: yes
configure:14828: checking for sysconf
configure:14828: mipsel-buildroot-linux-uclibc-gcc -mips32r2 -msoft-float -o conftest -g -O2 -Wall -mips1 -DTCSUPPORT_CT -DTCSUPPORT_CT_JOYME2   conftest.c  >&5
configure:14828: $? = 0
configure:14828: result: yes
configure:14828: checking for utime
configure:14828: mipsel-buildroot-linux-uclibc-gcc -mips32r2 -msoft-float -o conftest -g -O2 -Wall -mips1 -DTCSUPPORT_CT -DTCSUPPORT_CT_JOYME2   conftest.c  >&5
/tmp/cc6yJumT.o: In function `main':
/proj/vend_sr00003/git_master_compile_7528_JOYME3/tclinux_phoenix/apps/opensource/ntfs-3g_ntfsprogs-2017.3.23/conftest.c:141: warning: the use of OBSOLESCENT `utime' is discouraged, use `utimes'
configure:14828: $? = 0
configure:14828: result: yes
configure:14828: checking for utimensat
configure:14828: mipsel-buildroot-linux-uclibc-gcc -mips32r2 -msoft-float -o conftest -g -O2 -Wall -mips1 -DTCSUPPORT_CT -DTCSUPPORT_CT_JOYME2   conftest.c  >&5
configure:14828: $? = 0
configure:14828: result: yes
configure:14828: checking for gettimeofday
configure:14828: mipsel-buildroot-linux-uclibc-gcc -mips32r2 -msoft-float -o conftest -g -O2 -Wall -mips1 -DTCSUPPORT_CT -DTCSUPPORT_CT_JOYME2   conftest.c  >&5
configure:14828: $? = 0
configure:14828: result: yes
configure:14828: checking for clock_gettime
configure:14828: mipsel-buildroot-linux-uclibc-gcc -mips32r2 -msoft-float -o conftest -g -O2 -Wall -mips1 -DTCSUPPORT_CT -DTCSUPPORT_CT_JOYME2   conftest.c  >&5
configure:14828: $? = 0
configure:14828: result: yes
configure:14828: checking for fork
configure:14828: mipsel-buildroot-linux-uclibc-gcc -mips32r2 -msoft-float -o conftest -g -O2 -Wall -mips1 -DTCSUPPORT_CT -DTCSUPPORT_CT_JOYME2   conftest.c  >&5
conftest.c:134:6: warning: conflicting types for built-in function 'fork' [enabled by default]
configure:14828: $? = 0
configure:14828: result: yes
configure:14828: checking for memcpy
configure:14828: mipsel-buildroot-linux-uclibc-gcc -mips32r2 -msoft-float -o conftest -g -O2 -Wall -mips1 -DTCSUPPORT_CT -DTCSUPPORT_CT_JOYME2   conftest.c  >&5
conftest.c:135:6: warning: conflicting types for built-in function 'memcpy' [enabled by default]
configure:14828: $? = 0
configure:14828: result: yes
configure:14828: checking for random
configure:14828: mipsel-buildroot-linux-uclibc-gcc -mips32r2 -msoft-float -o conftest -g -O2 -Wall -mips1 -DTCSUPPORT_CT -DTCSUPPORT_CT_JOYME2   conftest.c  >&5
configure:14828: $? = 0
configure:14828: result: yes
configure:14828: checking for snprintf
configure:14828: mipsel-buildroot-linux-uclibc-gcc -mips32r2 -msoft-float -o conftest -g -O2 -Wall -mips1 -DTCSUPPORT_CT -DTCSUPPORT_CT_JOYME2   conftest.c  >&5
conftest.c:137:6: warning: conflicting types for built-in function 'snprintf' [enabled by default]
configure:14828: $? = 0
configure:14828: result: yes
configure:14844: checking for special C compiler options needed for large files
configure:14889: result: no
configure:14895: checking for _FILE_OFFSET_BITS value needed for large files
configure:14920: mipsel-buildroot-linux-uclibc-gcc -mips32r2 -msoft-float -c -g -O2 -Wall -mips1 -DTCSUPPORT_CT -DTCSUPPORT_CT_JOYME2  conftest.c >&5
conftest.c:121:3: warning: left shift count >= width of type [enabled by default]
conftest.c:121:3: warning: left shift count >= width of type [enabled by default]
conftest.c:122:10: warning: left shift count >= width of type [enabled by default]
conftest.c:122:10: warning: left shift count >= width of type [enabled by default]
conftest.c:121:7: error: size of array 'off_t_is_large' is negative
conftest.c:123:9: warning: variably modified 'off_t_is_large' at file scope [enabled by default]
configure:14920: $? = 1
configure: failed program was:
| /* confdefs.h */
| #define PACKAGE_NAME "ntfs-3g"
| #define PACKAGE_TARNAME "ntfs-3g"
| #define PACKAGE_VERSION "2017.3.23"
| #define PACKAGE_STRING "ntfs-3g 2017.3.23"
| #define PACKAGE_BUGREPORT "ntfs-3g-devel@lists.sf.net"
| #define PACKAGE_URL ""
| #define PACKAGE "ntfs-3g"
| #define VERSION "2017.3.23"
| #define STDC_HEADERS 1
| #define HAVE_SYS_TYPES_H 1
| #define HAVE_SYS_STAT_H 1
| #define HAVE_STDLIB_H 1
| #define HAVE_STRING_H 1
| #define HAVE_MEMORY_H 1
| #define HAVE_STRINGS_H 1
| #define HAVE_INTTYPES_H 1
| #define HAVE_STDINT_H 1
| #define HAVE_UNISTD_H 1
| #define __EXTENSIONS__ 1
| #define _ALL_SOURCE 1
| #define _GNU_SOURCE 1
| #define _POSIX_PTHREAD_SEMANTICS 1
| #define _TANDEM_SOURCE 1
| #define HAVE_DLFCN_H 1
| #define LT_OBJDIR ".libs/"
| #define _REENTRANT 1
| #define FUSE_INTERNAL 1
| #define STDC_HEADERS 1
| #define HAVE_CTYPE_H 1
| #define HAVE_FCNTL_H 1
| #define HAVE_LIBGEN_H 1
| #define HAVE_LIMITS_H 1
| #define HAVE_LOCALE_H 1
| #define HAVE_MNTENT_H 1
| #define HAVE_STDDEF_H 1
| #define HAVE_STDINT_H 1
| #define HAVE_STDLIB_H 1
| #define HAVE_STDIO_H 1
| #define HAVE_STDARG_H 1
| #define HAVE_STRING_H 1
| #define HAVE_STRINGS_H 1
| #define HAVE_ERRNO_H 1
| #define HAVE_TIME_H 1
| #define HAVE_UNISTD_H 1
| #define HAVE_UTIME_H 1
| #define HAVE_WCHAR_H 1
| #define HAVE_GETOPT_H 1
| #define HAVE_FEATURES_H 1
| #define HAVE_REGEX_H 1
| #define HAVE_ENDIAN_H 1
| #define HAVE_BYTESWAP_H 1
| #define HAVE_SYS_PARAM_H 1
| #define HAVE_SYS_IOCTL_H 1
| #define HAVE_SYS_MOUNT_H 1
| #define HAVE_SYS_STAT_H 1
| #define HAVE_SYS_TYPES_H 1
| #define HAVE_SYS_VFS_H 1
| #define HAVE_SYS_STATVFS_H 1
| #define HAVE_LINUX_MAJOR_H 1
| #define HAVE_LINUX_FD_H 1
| #define HAVE_LINUX_FS_H 1
| #define HAVE_INTTYPES_H 1
| #define HAVE_LINUX_HDREG_H 1
| #define HAVE_SYSLOG_H 1
| #define HAVE_PWD_H 1
| #define HAVE_MALLOC_H 1
| #define HAVE__BOOL 1
| #define HAVE_STDBOOL_H 1
| #define WORDS_LITTLEENDIAN 1
| #define HAVE_STRUCT_STAT_ST_BLOCKS 1
| #define HAVE_ST_BLOCKS 1
| #define HAVE_STRUCT_STAT_ST_RDEV 1
| #define HAVE_STRUCT_STAT_ST_ATIM 1
| #define HAVE_GETMNTENT 1
| #define HAVE_MBRTOWC 1
| #define HAVE_STAT_EMPTY_STRING_BUG 1
| #define HAVE_STRFTIME 1
| #define HAVE_UTIME_H 1
| #define HAVE_UTIME_NULL 1
| #define HAVE_VPRINTF 1
| #define HAVE_ATEXIT 1
| #define HAVE_BASENAME 1
| #define HAVE_DAEMON 1
| #define HAVE_DUP2 1
| #define HAVE_FDATASYNC 1
| #define HAVE_FFS 1
| #define HAVE_GETOPT_LONG 1
| #define HAVE_HASMNTOPT 1
| #define HAVE_MBSINIT 1
| #define HAVE_MEMMOVE 1
| #define HAVE_MEMSET 1
| #define HAVE_REALPATH 1
| #define HAVE_REGCOMP 1
| #define HAVE_SETLOCALE 1
| #define HAVE_SETXATTR 1
| #define HAVE_STRCASECMP 1
| #define HAVE_STRCHR 1
| #define HAVE_STRDUP 1
| #define HAVE_STRERROR 1
| #define HAVE_STRNLEN 1
| #define HAVE_STRSEP 1
| #define HAVE_STRTOL 1
| #define HAVE_STRTOUL 1
| #define HAVE_SYSCONF 1
| #define HAVE_UTIME 1
| #define HAVE_UTIMENSAT 1
| #define HAVE_GETTIMEOFDAY 1
| #define HAVE_CLOCK_GETTIME 1
| #define HAVE_FORK 1
| #define HAVE_MEMCPY 1
| #define HAVE_RANDOM 1
| #define HAVE_SNPRINTF 1
| /* end confdefs.h.  */
| #include <sys/types.h>
|  /* Check that off_t can represent 2**63 - 1 correctly.
|     We can't simply define LARGE_OFF_T to be 9223372036854775807,
|     since some C++ compilers masquerading as C compilers
|     incorrectly reject 9223372036854775807.  */
| #define LARGE_OFF_T (((off_t) 1 << 62) - 1 + ((off_t) 1 << 62))
|   int off_t_is_large[(LARGE_OFF_T % 2147483629 == 721
| 		       && LARGE_OFF_T % 2147483647 == 1)
| 		      ? 1 : -1];
| int
| main ()
| {
| 
|   ;
|   return 0;
| }
configure:14944: mipsel-buildroot-linux-uclibc-gcc -mips32r2 -msoft-float -c -g -O2 -Wall -mips1 -DTCSUPPORT_CT -DTCSUPPORT_CT_JOYME2  conftest.c >&5
configure:14944: $? = 0
configure:14952: result: 64
configure:15042: checking for dlopen in -lc
configure:15067: mipsel-buildroot-linux-uclibc-gcc -mips32r2 -msoft-float -o conftest -g -O2 -Wall -mips1 -DTCSUPPORT_CT -DTCSUPPORT_CT_JOYME2   conftest.c -lc   >&5
/tmp/ccYfxTd6.o: In function `main':
/proj/vend_sr00003/git_master_compile_7528_JOYME3/tclinux_phoenix/apps/opensource/ntfs-3g_ntfsprogs-2017.3.23/conftest.c:127: undefined reference to `dlopen'
collect2: ld returned 1 exit status
configure:15067: $? = 1
configure: failed program was:
| /* confdefs.h */
| #define PACKAGE_NAME "ntfs-3g"
| #define PACKAGE_TARNAME "ntfs-3g"
| #define PACKAGE_VERSION "2017.3.23"
| #define PACKAGE_STRING "ntfs-3g 2017.3.23"
| #define PACKAGE_BUGREPORT "ntfs-3g-devel@lists.sf.net"
| #define PACKAGE_URL ""
| #define PACKAGE "ntfs-3g"
| #define VERSION "2017.3.23"
| #define STDC_HEADERS 1
| #define HAVE_SYS_TYPES_H 1
| #define HAVE_SYS_STAT_H 1
| #define HAVE_STDLIB_H 1
| #define HAVE_STRING_H 1
| #define HAVE_MEMORY_H 1
| #define HAVE_STRINGS_H 1
| #define HAVE_INTTYPES_H 1
| #define HAVE_STDINT_H 1
| #define HAVE_UNISTD_H 1
| #define __EXTENSIONS__ 1
| #define _ALL_SOURCE 1
| #define _GNU_SOURCE 1
| #define _POSIX_PTHREAD_SEMANTICS 1
| #define _TANDEM_SOURCE 1
| #define HAVE_DLFCN_H 1
| #define LT_OBJDIR ".libs/"
| #define _REENTRANT 1
| #define FUSE_INTERNAL 1
| #define STDC_HEADERS 1
| #define HAVE_CTYPE_H 1
| #define HAVE_FCNTL_H 1
| #define HAVE_LIBGEN_H 1
| #define HAVE_LIMITS_H 1
| #define HAVE_LOCALE_H 1
| #define HAVE_MNTENT_H 1
| #define HAVE_STDDEF_H 1
| #define HAVE_STDINT_H 1
| #define HAVE_STDLIB_H 1
| #define HAVE_STDIO_H 1
| #define HAVE_STDARG_H 1
| #define HAVE_STRING_H 1
| #define HAVE_STRINGS_H 1
| #define HAVE_ERRNO_H 1
| #define HAVE_TIME_H 1
| #define HAVE_UNISTD_H 1
| #define HAVE_UTIME_H 1
| #define HAVE_WCHAR_H 1
| #define HAVE_GETOPT_H 1
| #define HAVE_FEATURES_H 1
| #define HAVE_REGEX_H 1
| #define HAVE_ENDIAN_H 1
| #define HAVE_BYTESWAP_H 1
| #define HAVE_SYS_PARAM_H 1
| #define HAVE_SYS_IOCTL_H 1
| #define HAVE_SYS_MOUNT_H 1
| #define HAVE_SYS_STAT_H 1
| #define HAVE_SYS_TYPES_H 1
| #define HAVE_SYS_VFS_H 1
| #define HAVE_SYS_STATVFS_H 1
| #define HAVE_LINUX_MAJOR_H 1
| #define HAVE_LINUX_FD_H 1
| #define HAVE_LINUX_FS_H 1
| #define HAVE_INTTYPES_H 1
| #define HAVE_LINUX_HDREG_H 1
| #define HAVE_SYSLOG_H 1
| #define HAVE_PWD_H 1
| #define HAVE_MALLOC_H 1
| #define HAVE__BOOL 1
| #define HAVE_STDBOOL_H 1
| #define WORDS_LITTLEENDIAN 1
| #define HAVE_STRUCT_STAT_ST_BLOCKS 1
| #define HAVE_ST_BLOCKS 1
| #define HAVE_STRUCT_STAT_ST_RDEV 1
| #define HAVE_STRUCT_STAT_ST_ATIM 1
| #define HAVE_GETMNTENT 1
| #define HAVE_MBRTOWC 1
| #define HAVE_STAT_EMPTY_STRING_BUG 1
| #define HAVE_STRFTIME 1
| #define HAVE_UTIME_H 1
| #define HAVE_UTIME_NULL 1
| #define HAVE_VPRINTF 1
| #define HAVE_ATEXIT 1
| #define HAVE_BASENAME 1
| #define HAVE_DAEMON 1
| #define HAVE_DUP2 1
| #define HAVE_FDATASYNC 1
| #define HAVE_FFS 1
| #define HAVE_GETOPT_LONG 1
| #define HAVE_HASMNTOPT 1
| #define HAVE_MBSINIT 1
| #define HAVE_MEMMOVE 1
| #define HAVE_MEMSET 1
| #define HAVE_REALPATH 1
| #define HAVE_REGCOMP 1
| #define HAVE_SETLOCALE 1
| #define HAVE_SETXATTR 1
| #define HAVE_STRCASECMP 1
| #define HAVE_STRCHR 1
| #define HAVE_STRDUP 1
| #define HAVE_STRERROR 1
| #define HAVE_STRNLEN 1
| #define HAVE_STRSEP 1
| #define HAVE_STRTOL 1
| #define HAVE_STRTOUL 1
| #define HAVE_SYSCONF 1
| #define HAVE_UTIME 1
| #define HAVE_UTIMENSAT 1
| #define HAVE_GETTIMEOFDAY 1
| #define HAVE_CLOCK_GETTIME 1
| #define HAVE_FORK 1
| #define HAVE_MEMCPY 1
| #define HAVE_RANDOM 1
| #define HAVE_SNPRINTF 1
| #define _FILE_OFFSET_BITS 64
| /* end confdefs.h.  */
| 
| /* Override any GCC internal prototype to avoid an error.
|    Use char because int might match the return type of a GCC
|    builtin and then its argument prototype would still apply.  */
| #ifdef __cplusplus
| extern "C"
| #endif
| char dlopen ();
| int
| main ()
| {
| return dlopen ();
|   ;
|   return 0;
| }
configure:15076: result: no
configure:15086: checking for dlopen in -ldl
configure:15111: mipsel-buildroot-linux-uclibc-gcc -mips32r2 -msoft-float -o conftest -g -O2 -Wall -mips1 -DTCSUPPORT_CT -DTCSUPPORT_CT_JOYME2   conftest.c -ldl   >&5
configure:15111: $? = 0
configure:15120: result: yes
configure:15437: checking that generated files are newer than configure
configure:15443: result: done
configure:15531: creating ./config.status

## ---------------------- ##
## Running config.status. ##
## ---------------------- ##

This file was extended by ntfs-3g config.status 2017.3.23, which was
generated by GNU Autoconf 2.69.  Invocation command line was

  CONFIG_FILES    = 
  CONFIG_HEADERS  = 
  CONFIG_LINKS    = 
  CONFIG_COMMANDS = 
  $ ./config.status 

on mbjsbbcf01

config.status:1269: creating Makefile
config.status:1269: creating include/Makefile
config.status:1269: creating include/fuse-lite/Makefile
config.status:1269: creating include/ntfs-3g/Makefile
config.status:1269: creating libfuse-lite/Makefile
config.status:1269: creating libntfs-3g/Makefile
config.status:1269: creating libntfs-3g/libntfs-3g.pc
config.status:1269: creating libntfs-3g/libntfs-3g.script.so
config.status:1269: creating ntfsprogs/Makefile
config.status:1269: creating ntfsprogs/mkntfs.8
config.status:1269: creating ntfsprogs/ntfscat.8
config.status:1269: creating ntfsprogs/ntfsclone.8
config.status:1269: creating ntfsprogs/ntfscluster.8
config.status:1269: creating ntfsprogs/ntfscmp.8
config.status:1269: creating ntfsprogs/ntfscp.8
config.status:1269: creating ntfsprogs/ntfsfix.8
config.status:1269: creating ntfsprogs/ntfsinfo.8
config.status:1269: creating ntfsprogs/ntfslabel.8
config.status:1269: creating ntfsprogs/ntfsls.8
config.status:1269: creating ntfsprogs/ntfsprogs.8
config.status:1269: creating ntfsprogs/ntfsresize.8
config.status:1269: creating ntfsprogs/ntfsundelete.8
config.status:1269: creating ntfsprogs/ntfsdecrypt.8
config.status:1269: creating ntfsprogs/ntfswipe.8
config.status:1269: creating ntfsprogs/ntfstruncate.8
config.status:1269: creating ntfsprogs/ntfsfallocate.8
config.status:1269: creating ntfsprogs/ntfsrecover.8
config.status:1269: creating ntfsprogs/ntfsusermap.8
config.status:1269: creating ntfsprogs/ntfssecaudit.8
config.status:1269: creating src/Makefile
config.status:1269: creating src/ntfs-3g.8
config.status:1269: creating src/ntfs-3g.probe.8
config.status:1269: creating config.h
config.status:1450: config.h is unchanged
config.status:1498: executing depfiles commands
config.status:1498: executing libtool commands

## ---------------- ##
## Cache variables. ##
## ---------------- ##

ac_cv_build=i686-pc-linux-uclibc
ac_cv_c_bigendian=no
ac_cv_c_compiler_gnu=yes
ac_cv_c_const=yes
ac_cv_c_inline=inline
ac_cv_env_CC_set=set
ac_cv_env_CC_value='mipsel-buildroot-linux-uclibc-gcc -mips32r2 -msoft-float'
ac_cv_env_CFLAGS_set=set
ac_cv_env_CFLAGS_value='-g -O2 -Wall -mips1 -DTCSUPPORT_CT -DTCSUPPORT_CT_JOYME2'
ac_cv_env_CPPFLAGS_set=
ac_cv_env_CPPFLAGS_value=
ac_cv_env_CPP_set=
ac_cv_env_CPP_value=
ac_cv_env_FUSE_MODULE_CFLAGS_set=
ac_cv_env_FUSE_MODULE_CFLAGS_value=
ac_cv_env_FUSE_MODULE_LIBS_set=
ac_cv_env_FUSE_MODULE_LIBS_value=
ac_cv_env_GNUTLS_CFLAGS_set=
ac_cv_env_GNUTLS_CFLAGS_value=
ac_cv_env_GNUTLS_LIBS_set=
ac_cv_env_GNUTLS_LIBS_value=
ac_cv_env_LDCONFIG_set=
ac_cv_env_LDCONFIG_value=
ac_cv_env_LDFLAGS_set=
ac_cv_env_LDFLAGS_value=
ac_cv_env_LIBS_set=
ac_cv_env_LIBS_value=
ac_cv_env_PKG_CONFIG_LIBDIR_set=
ac_cv_env_PKG_CONFIG_LIBDIR_value=
ac_cv_env_PKG_CONFIG_PATH_set=
ac_cv_env_PKG_CONFIG_PATH_value=
ac_cv_env_PKG_CONFIG_set=
ac_cv_env_PKG_CONFIG_value=
ac_cv_env_build_alias_set=
ac_cv_env_build_alias_value=
ac_cv_env_host_alias_set=set
ac_cv_env_host_alias_value=mipsel-linux
ac_cv_env_target_alias_set=
ac_cv_env_target_alias_value=
ac_cv_func__doprnt=no
ac_cv_func_atexit=yes
ac_cv_func_basename=yes
ac_cv_func_clock_gettime=yes
ac_cv_func_daemon=yes
ac_cv_func_dup2=yes
ac_cv_func_fdatasync=yes
ac_cv_func_ffs=yes
ac_cv_func_fork=yes
ac_cv_func_getmntent=yes
ac_cv_func_getopt_long=yes
ac_cv_func_gettimeofday=yes
ac_cv_func_hasmntopt=yes
ac_cv_func_lstat_dereferences_slashed_symlink=no
ac_cv_func_mbrtowc=yes
ac_cv_func_mbsinit=yes
ac_cv_func_memcmp_working=no
ac_cv_func_memcpy=yes
ac_cv_func_memmove=yes
ac_cv_func_memset=yes
ac_cv_func_random=yes
ac_cv_func_realpath=yes
ac_cv_func_regcomp=yes
ac_cv_func_setlocale=yes
ac_cv_func_setxattr=yes
ac_cv_func_snprintf=yes
ac_cv_func_stat_empty_string_bug=yes
ac_cv_func_strcasecmp=yes
ac_cv_func_strchr=yes
ac_cv_func_strdup=yes
ac_cv_func_strerror=yes
ac_cv_func_strftime=yes
ac_cv_func_strnlen=yes
ac_cv_func_strsep=yes
ac_cv_func_strtol=yes
ac_cv_func_strtoul=yes
ac_cv_func_sysconf=yes
ac_cv_func_utime=yes
ac_cv_func_utime_null=yes
ac_cv_func_utimensat=yes
ac_cv_func_vprintf=yes
ac_cv_header_byteswap_h=yes
ac_cv_header_ctype_h=yes
ac_cv_header_dlfcn_h=yes
ac_cv_header_endian_h=yes
ac_cv_header_errno_h=yes
ac_cv_header_fcntl_h=yes
ac_cv_header_features_h=yes
ac_cv_header_getopt_h=yes
ac_cv_header_hd_h=no
ac_cv_header_inttypes_h=yes
ac_cv_header_libgen_h=yes
ac_cv_header_libintl_h=no
ac_cv_header_limits_h=yes
ac_cv_header_linux_fd_h=yes
ac_cv_header_linux_fs_h=yes
ac_cv_header_linux_hdreg_h=yes
ac_cv_header_linux_major_h=yes
ac_cv_header_locale_h=yes
ac_cv_header_machine_endian_h=no
ac_cv_header_malloc_h=yes
ac_cv_header_memory_h=yes
ac_cv_header_minix_config_h=no
ac_cv_header_mntent_h=yes
ac_cv_header_pwd_h=yes
ac_cv_header_regex_h=yes
ac_cv_header_stdarg_h=yes
ac_cv_header_stdbool_h=yes
ac_cv_header_stdc=yes
ac_cv_header_stddef_h=yes
ac_cv_header_stdint_h=yes
ac_cv_header_stdio_h=yes
ac_cv_header_stdlib_h=yes
ac_cv_header_string_h=yes
ac_cv_header_strings_h=yes
ac_cv_header_sys_byteorder_h=no
ac_cv_header_sys_disk_h=no
ac_cv_header_sys_endian_h=no
ac_cv_header_sys_ioctl_h=yes
ac_cv_header_sys_mount_h=yes
ac_cv_header_sys_param_h=yes
ac_cv_header_sys_stat_h=yes
ac_cv_header_sys_statvfs_h=yes
ac_cv_header_sys_types_h=yes
ac_cv_header_sys_types_h_makedev=yes
ac_cv_header_sys_vfs_h=yes
ac_cv_header_syslog_h=yes
ac_cv_header_time_h=yes
ac_cv_header_unistd_h=yes
ac_cv_header_utime_h=yes
ac_cv_header_uuid_uuid_h=no
ac_cv_header_wchar_h=yes
ac_cv_header_windows_h=no
ac_cv_host=mipsel-unknown-linux-gnu
ac_cv_lib_c_dlopen=no
ac_cv_lib_dl_dlopen=yes
ac_cv_lib_pthread_pthread_create=yes
ac_cv_member_struct_stat_st_atim=yes
ac_cv_member_struct_stat_st_atimensec=no
ac_cv_member_struct_stat_st_atimespec=no
ac_cv_member_struct_stat_st_blocks=yes
ac_cv_member_struct_stat_st_rdev=yes
ac_cv_objext=o
ac_cv_path_EGREP='/bin/grep -E'
ac_cv_path_FGREP='/bin/grep -F'
ac_cv_path_GREP=/bin/grep
ac_cv_path_LDCONFIG=/sbin/ldconfig
ac_cv_path_MV=/bin/mv
ac_cv_path_RM=/bin/rm
ac_cv_path_SED=/bin/sed
ac_cv_path_ac_pt_PKG_CONFIG=/opt/trendchip/mipsel-linux-uclibc-4.6.3-kernel3.18/usr/bin//pkg-config
ac_cv_path_install='/usr/bin/install -c'
ac_cv_path_mkdir=/bin/mkdir
ac_cv_prog_AR=mipsel-buildroot-linux-uclibc-ar
ac_cv_prog_AWK=gawk
ac_cv_prog_CC='mipsel-buildroot-linux-uclibc-gcc -mips32r2 -msoft-float'
ac_cv_prog_CPP='mipsel-buildroot-linux-uclibc-gcc -mips32r2 -msoft-float -E'
ac_cv_prog_OBJDUMP=mipsel-linux-objdump
ac_cv_prog_RANLIB=mipsel-buildroot-linux-uclibc-ranlib
ac_cv_prog_STRIP=mipsel-buildroot-linux-uclibc-strip
ac_cv_prog_ac_ct_MANIFEST_TOOL=mt
ac_cv_prog_cc_c89=
ac_cv_prog_cc_g=yes
ac_cv_prog_make_make_set=yes
ac_cv_safe_to_define___extensions__=yes
ac_cv_search_getmntent='none required'
ac_cv_sys_file_offset_bits=64
ac_cv_sys_largefile_CC=no
ac_cv_target=mipsel-unknown-linux-gnu
ac_cv_type__Bool=yes
ac_cv_type_off_t=yes
ac_cv_type_size_t=yes
am_cv_CC_dependencies_compiler_type=gcc3
am_cv_make_support_nested_variables=yes
am_cv_prog_cc_c_o=yes
lt_cv_ar_at_file=@
lt_cv_archive_cmds_need_lc=no
lt_cv_deplibs_check_method=pass_all
lt_cv_file_magic_cmd='$MAGIC_CMD'
lt_cv_file_magic_test_file=
lt_cv_ld_reload_flag=-r
lt_cv_nm_interface='BSD nm'
lt_cv_objdir=.libs
lt_cv_path_LD=mipsel-buildroot-linux-uclibc-ld
lt_cv_path_NM='/opt/trendchip/mipsel-linux-uclibc-4.6.3-kernel3.18/usr/bin//mipsel-linux-nm -B'
lt_cv_path_mainfest_tool=no
lt_cv_prog_compiler_c_o=yes
lt_cv_prog_compiler_pic='-fPIC -DPIC'
lt_cv_prog_compiler_pic_works=yes
lt_cv_prog_compiler_rtti_exceptions=no
lt_cv_prog_compiler_static_works=yes
lt_cv_prog_gnu_ld=yes
lt_cv_sharedlib_from_linklib_cmd='printf %s\n'
lt_cv_shlibpath_overrides_runpath=no
lt_cv_sys_global_symbol_pipe='sed -n -e '\''s/^.*[	 ]\([ABCDGIRSTW][ABCDGIRSTW]*\)[	 ][	 ]*\([_A-Za-z][_A-Za-z0-9]*\)$/\1 \2 \2/p'\'' | sed '\''/ __gnu_lto/d'\'''
lt_cv_sys_global_symbol_to_c_name_address='sed -n -e '\''s/^: \([^ ]*\)[ ]*$/  {\"\1\", (void *) 0},/p'\'' -e '\''s/^[ABCDGIRSTW]* \([^ ]*\) \([^ ]*\)$/  {"\2", (void *) \&\2},/p'\'''
lt_cv_sys_global_symbol_to_c_name_address_lib_prefix='sed -n -e '\''s/^: \([^ ]*\)[ ]*$/  {\"\1\", (void *) 0},/p'\'' -e '\''s/^[ABCDGIRSTW]* \([^ ]*\) \(lib[^ ]*\)$/  {"\2", (void *) \&\2},/p'\'' -e '\''s/^[ABCDGIRSTW]* \([^ ]*\) \([^ ]*\)$/  {"lib\2", (void *) \&\2},/p'\'''
lt_cv_sys_global_symbol_to_cdecl='sed -n -e '\''s/^T .* \(.*\)$/extern int \1();/p'\'' -e '\''s/^[ABCDGIRSTW]* .* \(.*\)$/extern char \1;/p'\'''
lt_cv_sys_max_cmd_len=98304
lt_cv_to_host_file_cmd=func_convert_file_noop
lt_cv_to_tool_file_cmd=func_convert_file_noop

## ----------------- ##
## Output variables. ##
## ----------------- ##

ACLOCAL='${SHELL} /proj/vend_sr00003/git_master_compile_7528_JOYME3/tclinux_phoenix/apps/opensource/ntfs-3g_ntfsprogs-2017.3.23/missing aclocal-1.14'
AMDEPBACKSLASH='\'
AMDEP_FALSE='#'
AMDEP_TRUE=''
AMTAR='$${TAR-tar}'
AM_BACKSLASH='\'
AM_DEFAULT_V='$(AM_DEFAULT_VERBOSITY)'
AM_DEFAULT_VERBOSITY='1'
AM_V='$(V)'
AR='mipsel-buildroot-linux-uclibc-ar'
AUTOCONF='${SHELL} /proj/vend_sr00003/git_master_compile_7528_JOYME3/tclinux_phoenix/apps/opensource/ntfs-3g_ntfsprogs-2017.3.23/missing autoconf'
AUTOHEADER='${SHELL} /proj/vend_sr00003/git_master_compile_7528_JOYME3/tclinux_phoenix/apps/opensource/ntfs-3g_ntfsprogs-2017.3.23/missing autoheader'
AUTOMAKE='${SHELL} /proj/vend_sr00003/git_master_compile_7528_JOYME3/tclinux_phoenix/apps/opensource/ntfs-3g_ntfsprogs-2017.3.23/missing automake-1.14'
AWK='gawk'
CC='mipsel-buildroot-linux-uclibc-gcc -mips32r2 -msoft-float'
CCDEPMODE='depmode=gcc3'
CFLAGS='-g -O2 -Wall -mips1 -DTCSUPPORT_CT -DTCSUPPORT_CT_JOYME2 -Wall'
CPP='mipsel-buildroot-linux-uclibc-gcc -mips32r2 -msoft-float -E'
CPPFLAGS=''
CYGPATH_W='echo'
DEFS='-DHAVE_CONFIG_H'
DEPDIR='.deps'
DISABLE_PLUGINS_FALSE=''
DISABLE_PLUGINS_TRUE='#'
DLLTOOL='false'
DSYMUTIL=''
DUMPBIN=''
ECHO_C=''
ECHO_N='-n'
ECHO_T=''
EGREP='/bin/grep -E'
ENABLE_CRYPTO_FALSE=''
ENABLE_CRYPTO_TRUE='#'
ENABLE_EXTRAS_FALSE=''
ENABLE_EXTRAS_TRUE='#'
ENABLE_MOUNT_HELPER_FALSE='#'
ENABLE_MOUNT_HELPER_TRUE=''
ENABLE_NTFSPROGS_FALSE='#'
ENABLE_NTFSPROGS_TRUE=''
ENABLE_NTFS_3G_FALSE='#'
ENABLE_NTFS_3G_TRUE=''
ENABLE_QUARANTINED_FALSE=''
ENABLE_QUARANTINED_TRUE='#'
EXEEXT=''
FGREP='/bin/grep -F'
FUSE_INTERNAL_FALSE='#'
FUSE_INTERNAL_TRUE=''
FUSE_MODULE_CFLAGS=''
FUSE_MODULE_LIBS=''
GENERATE_LDSCRIPT_FALSE=''
GENERATE_LDSCRIPT_TRUE='#'
GNUTLS_CFLAGS=''
GNUTLS_LIBS=''
GREP='/bin/grep'
INSTALL_DATA='${INSTALL} -m 644'
INSTALL_LIBRARY_FALSE=''
INSTALL_LIBRARY_TRUE='#'
INSTALL_PROGRAM='${INSTALL}'
INSTALL_SCRIPT='${INSTALL}'
INSTALL_STRIP_PROGRAM='$(install_sh) -c -s'
LD='mipsel-buildroot-linux-uclibc-ld'
LDCONFIG='/sbin/ldconfig'
LDFLAGS=''
LIBDL='-ldl'
LIBFUSE_LITE_CFLAGS=''
LIBFUSE_LITE_LIBS=' -lpthread'
LIBGCRYPT_CFLAGS=''
LIBGCRYPT_CONFIG=''
LIBGCRYPT_LIBS=''
LIBNTFS_3G_VERSION='88'
LIBNTFS_CPPFLAGS=''
LIBNTFS_LIBS=''
LIBOBJS=' ${LIBOBJDIR}memcmp$U.o ${LIBOBJDIR}lstat$U.o ${LIBOBJDIR}stat$U.o'
LIBS=''
LIBTOOL='$(SHELL) $(top_builddir)/libtool'
LIPO=''
LN_S='ln -s'
LTLIBOBJS=' ${LIBOBJDIR}memcmp$U.lo ${LIBOBJDIR}lstat$U.lo ${LIBOBJDIR}stat$U.lo'
MAINT='#'
MAINTAINER_MODE_FALSE=''
MAINTAINER_MODE_TRUE='#'
MAKEINFO='${SHELL} /proj/vend_sr00003/git_master_compile_7528_JOYME3/tclinux_phoenix/apps/opensource/ntfs-3g_ntfsprogs-2017.3.23/missing makeinfo'
MANIFEST_TOOL=':'
MKDIR_P='/bin/mkdir -p'
MKNTFS_CPPFLAGS=''
MKNTFS_LIBS=''
MV='/bin/mv'
NM='/opt/trendchip/mipsel-linux-uclibc-4.6.3-kernel3.18/usr/bin//mipsel-linux-nm -B'
NMEDIT=''
NTFSPROGS_STATIC_LIBS=''
NTFS_DEVICE_DEFAULT_IO_OPS_FALSE='#'
NTFS_DEVICE_DEFAULT_IO_OPS_TRUE=''
OBJDUMP='mipsel-linux-objdump'
OBJEXT='o'
OTOOL64=''
OTOOL=''
OUTPUT_FORMAT=''
PACKAGE='ntfs-3g'
PACKAGE_BUGREPORT='ntfs-3g-devel@lists.sf.net'
PACKAGE_NAME='ntfs-3g'
PACKAGE_STRING='ntfs-3g 2017.3.23'
PACKAGE_TARNAME='ntfs-3g'
PACKAGE_URL=''
PACKAGE_VERSION='2017.3.23'
PATH_SEPARATOR=':'
PKG_CONFIG='/opt/trendchip/mipsel-linux-uclibc-4.6.3-kernel3.18/usr/bin//pkg-config'
PKG_CONFIG_LIBDIR=''
PKG_CONFIG_PATH=''
RANLIB='mipsel-buildroot-linux-uclibc-ranlib'
REALLYSTATIC_FALSE=''
REALLYSTATIC_TRUE='#'
RM='/bin/rm'
RUN_LDCONFIG_FALSE=''
RUN_LDCONFIG_TRUE='#'
SED='/bin/sed'
SET_MAKE=''
SHELL='/bin/sh'
STRIP='mipsel-buildroot-linux-uclibc-strip'
VERSION='2017.3.23'
WINDOWS_FALSE=''
WINDOWS_TRUE='#'
ac_ct_AR=''
ac_ct_CC=''
ac_ct_DUMPBIN=''
all_includes=' '
all_libraries=' '
am__EXEEXT_FALSE=''
am__EXEEXT_TRUE='#'
am__fastdepCC_FALSE='#'
am__fastdepCC_TRUE=''
am__include='include'
am__isrc=''
am__leading_dot='.'
am__nodep='_no'
am__quote=''
am__tar='$${TAR-tar} chof - "$$tardir"'
am__untar='$${TAR-tar} xf -'
bindir='${exec_prefix}/bin'
build='i686-pc-linux-uclibc'
build_alias=''
build_cpu='i686'
build_os='linux-uclibc'
build_vendor='pc'
datadir='${datarootdir}'
datarootdir='${prefix}/share'
docdir='${datarootdir}/doc/${PACKAGE_TARNAME}'
dvidir='${docdir}'
exec_prefix='${prefix}'
host='mipsel-unknown-linux-gnu'
host_alias='mipsel-linux'
host_cpu='mipsel'
host_os='linux-gnu'
host_vendor='unknown'
htmldir='${docdir}'
includedir='${prefix}/include'
infodir='${datarootdir}/info'
install_sh='${SHELL} /proj/vend_sr00003/git_master_compile_7528_JOYME3/tclinux_phoenix/apps/opensource/ntfs-3g_ntfsprogs-2017.3.23/install-sh'
libdir='${exec_prefix}/lib'
libexecdir='${exec_prefix}/libexec'
localedir='${datarootdir}/locale'
localstatedir='${prefix}/var'
mandir='${datarootdir}/man'
mkdir_p='$(MKDIR_P)'
ntfs3gincludedir='$(includedir)/ntfs-3g'
oldincludedir='/usr/include'
pdfdir='${docdir}'
pkgconfigdir='$(libdir)/pkgconfig'
prefix='/usr/local'
program_transform_name='s,x,x,'
psdir='${docdir}'
rootbindir='/bin'
rootlibdir='/lib'
rootsbindir='/sbin'
sbindir='${exec_prefix}/sbin'
sharedstatedir='${prefix}/com'
sysconfdir='${prefix}/etc'
target='mipsel-unknown-linux-gnu'
target_alias=''
target_cpu='mipsel'
target_os='linux-gnu'
target_vendor='unknown'

## ----------- ##
## confdefs.h. ##
## ----------- ##

/* confdefs.h */
#define PACKAGE_NAME "ntfs-3g"
#define PACKAGE_TARNAME "ntfs-3g"
#define PACKAGE_VERSION "2017.3.23"
#define PACKAGE_STRING "ntfs-3g 2017.3.23"
#define PACKAGE_BUGREPORT "ntfs-3g-devel@lists.sf.net"
#define PACKAGE_URL ""
#define PACKAGE "ntfs-3g"
#define VERSION "2017.3.23"
#define STDC_HEADERS 1
#define HAVE_SYS_TYPES_H 1
#define HAVE_SYS_STAT_H 1
#define HAVE_STDLIB_H 1
#define HAVE_STRING_H 1
#define HAVE_MEMORY_H 1
#define HAVE_STRINGS_H 1
#define HAVE_INTTYPES_H 1
#define HAVE_STDINT_H 1
#define HAVE_UNISTD_H 1
#define __EXTENSIONS__ 1
#define _ALL_SOURCE 1
#define _GNU_SOURCE 1
#define _POSIX_PTHREAD_SEMANTICS 1
#define _TANDEM_SOURCE 1
#define HAVE_DLFCN_H 1
#define LT_OBJDIR ".libs/"
#define _REENTRANT 1
#define FUSE_INTERNAL 1
#define STDC_HEADERS 1
#define HAVE_CTYPE_H 1
#define HAVE_FCNTL_H 1
#define HAVE_LIBGEN_H 1
#define HAVE_LIMITS_H 1
#define HAVE_LOCALE_H 1
#define HAVE_MNTENT_H 1
#define HAVE_STDDEF_H 1
#define HAVE_STDINT_H 1
#define HAVE_STDLIB_H 1
#define HAVE_STDIO_H 1
#define HAVE_STDARG_H 1
#define HAVE_STRING_H 1
#define HAVE_STRINGS_H 1
#define HAVE_ERRNO_H 1
#define HAVE_TIME_H 1
#define HAVE_UNISTD_H 1
#define HAVE_UTIME_H 1
#define HAVE_WCHAR_H 1
#define HAVE_GETOPT_H 1
#define HAVE_FEATURES_H 1
#define HAVE_REGEX_H 1
#define HAVE_ENDIAN_H 1
#define HAVE_BYTESWAP_H 1
#define HAVE_SYS_PARAM_H 1
#define HAVE_SYS_IOCTL_H 1
#define HAVE_SYS_MOUNT_H 1
#define HAVE_SYS_STAT_H 1
#define HAVE_SYS_TYPES_H 1
#define HAVE_SYS_VFS_H 1
#define HAVE_SYS_STATVFS_H 1
#define HAVE_LINUX_MAJOR_H 1
#define HAVE_LINUX_FD_H 1
#define HAVE_LINUX_FS_H 1
#define HAVE_INTTYPES_H 1
#define HAVE_LINUX_HDREG_H 1
#define HAVE_SYSLOG_H 1
#define HAVE_PWD_H 1
#define HAVE_MALLOC_H 1
#define HAVE__BOOL 1
#define HAVE_STDBOOL_H 1
#define WORDS_LITTLEENDIAN 1
#define HAVE_STRUCT_STAT_ST_BLOCKS 1
#define HAVE_ST_BLOCKS 1
#define HAVE_STRUCT_STAT_ST_RDEV 1
#define HAVE_STRUCT_STAT_ST_ATIM 1
#define HAVE_GETMNTENT 1
#define HAVE_MBRTOWC 1
#define HAVE_STAT_EMPTY_STRING_BUG 1
#define HAVE_STRFTIME 1
#define HAVE_UTIME_H 1
#define HAVE_UTIME_NULL 1
#define HAVE_VPRINTF 1
#define HAVE_ATEXIT 1
#define HAVE_BASENAME 1
#define HAVE_DAEMON 1
#define HAVE_DUP2 1
#define HAVE_FDATASYNC 1
#define HAVE_FFS 1
#define HAVE_GETOPT_LONG 1
#define HAVE_HASMNTOPT 1
#define HAVE_MBSINIT 1
#define HAVE_MEMMOVE 1
#define HAVE_MEMSET 1
#define HAVE_REALPATH 1
#define HAVE_REGCOMP 1
#define HAVE_SETLOCALE 1
#define HAVE_SETXATTR 1
#define HAVE_STRCASECMP 1
#define HAVE_STRCHR 1
#define HAVE_STRDUP 1
#define HAVE_STRERROR 1
#define HAVE_STRNLEN 1
#define HAVE_STRSEP 1
#define HAVE_STRTOL 1
#define HAVE_STRTOUL 1
#define HAVE_SYSCONF 1
#define HAVE_UTIME 1
#define HAVE_UTIMENSAT 1
#define HAVE_GETTIMEOFDAY 1
#define HAVE_CLOCK_GETTIME 1
#define HAVE_FORK 1
#define HAVE_MEMCPY 1
#define HAVE_RANDOM 1
#define HAVE_SNPRINTF 1
#define _FILE_OFFSET_BITS 64

configure: exit 0
