This file contains any messages produced by compilers while
running configure, to aid debugging if configure makes a mistake.

It was created by configure, which was
generated by GNU Autoconf 2.69.  Invocation command line was

  $ ./configure --host=arm-buildroot-linux-gnueabi --disable-zlib

## --------- ##
## Platform. ##
## --------- ##

hostname = tplink
uname -m = x86_64
uname -r = 4.15.0-39-generic
uname -s = Linux
uname -v = #42~16.04.1-Ubuntu SMP Wed Oct 24 17:09:54 UTC 2018

/usr/bin/uname -p = unknown
/bin/uname -X     = unknown

/bin/arch              = unknown
/usr/bin/arch -k       = unknown
/usr/convex/getsysinfo = unknown
/usr/bin/hostinfo      = unknown
/bin/machine           = unknown
/usr/bin/oslevel       = unknown
/bin/universe          = unknown

PATH: /opt/toolchains/crosstools-arm-gcc-5.5-linux-4.1-glibc-2.26-binutils-2.28.1/usr/bin
PATH: /usr/local/sbin
PATH: /usr/local/bin
PATH: /usr/sbin
PATH: /usr/bin
PATH: /sbin
PATH: /bin
PATH: /usr/games
PATH: /usr/local/games
PATH: /snap/bin


## ----------- ##
## Core tests. ##
## ----------- ##

configure:2378: checking for arm-buildroot-linux-gnueabi-gcc
configure:2405: result: /opt/toolchains//crosstools-arm-gcc-5.5-linux-4.1-glibc-2.26-binutils-2.28.1/usr/bin/arm-buildroot-linux-gnueabi-gcc
configure:2674: checking for C compiler version
configure:2683: /opt/toolchains//crosstools-arm-gcc-5.5-linux-4.1-glibc-2.26-binutils-2.28.1/usr/bin/arm-buildroot-linux-gnueabi-gcc --version >&5
arm-buildroot-linux-gnueabi-gcc.br_real (Buildroot 2017.11.1) 5.5.0
Copyright (C) 2015 Free Software Foundation, Inc.
This is free software; see the source for copying conditions.  There is NO
warranty; not even for MERCHANTABILITY or FITNESS FOR A PARTICULAR PURPOSE.

configure:2694: $? = 0
configure:2683: /opt/toolchains//crosstools-arm-gcc-5.5-linux-4.1-glibc-2.26-binutils-2.28.1/usr/bin/arm-buildroot-linux-gnueabi-gcc -v >&5
Using built-in specs.
COLLECT_GCC=/opt/toolchains/crosstools-arm-gcc-5.5-linux-4.1-glibc-2.26-binutils-2.28.1/bin/arm-buildroot-linux-gnueabi-gcc.br_real
COLLECT_LTO_WRAPPER=/opt/toolchains/crosstools-arm-gcc-5.5-linux-4.1-glibc-2.26-binutils-2.28.1/libexec/gcc/arm-buildroot-linux-gnueabi/5.5.0/lto-wrapper
Target: arm-buildroot-linux-gnueabi
Configured with: ./configure --prefix=/opt/toolchains/crosstools-arm-gcc-5.5-linux-4.1-glibc-2.26-binutils-2.28.1 --sysconfdir=/opt/toolchains/crosstools-arm-gcc-5.5-linux-4.1-glibc-2.26-binutils-2.28.1/etc --enable-static --target=arm-buildroot-linux-gnueabi --with-sysroot=/opt/toolchains/crosstools-arm-gcc-5.5-linux-4.1-glibc-2.26-binutils-2.28.1/arm-buildroot-linux-gnueabi/sysroot --disable-__cxa_atexit --with-gnu-ld --disable-libssp --disable-multilib --with-gmp=/opt/toolchains/crosstools-arm-gcc-5.5-linux-4.1-glibc-2.26-binutils-2.28.1 --with-mpc=/opt/toolchains/crosstools-arm-gcc-5.5-linux-4.1-glibc-2.26-binutils-2.28.1 --with-mpfr=/opt/toolchains/crosstools-arm-gcc-5.5-linux-4.1-glibc-2.26-binutils-2.28.1 --with-pkgversion='Buildroot 2017.11.1' --with-bugurl=http://bugs.buildroot.net/ --disable-libquadmath --enable-tls --disable-libmudflap --enable-threads --without-isl --without-cloog --with-float=soft --disable-decimal-float --with-abi=aapcs-linux --with-cpu=cortex-a9 --with-float=soft --with-mode=arm --enable-languages=c,c++ --with-build-time-tools=/opt/toolchains/crosstools-arm-gcc-5.5-linux-4.1-glibc-2.26-binutils-2.28.1/arm-buildroot-linux-gnueabi/bin --enable-shared --disable-libgomp
Thread model: posix
gcc version 5.5.0 (Buildroot 2017.11.1) 
configure:2694: $? = 0
configure:2683: /opt/toolchains//crosstools-arm-gcc-5.5-linux-4.1-glibc-2.26-binutils-2.28.1/usr/bin/arm-buildroot-linux-gnueabi-gcc -V >&5
arm-buildroot-linux-gnueabi-gcc.br_real: error: unrecognized command line option '-V'
arm-buildroot-linux-gnueabi-gcc.br_real: fatal error: no input files
compilation terminated.
configure:2694: $? = 1
configure:2683: /opt/toolchains//crosstools-arm-gcc-5.5-linux-4.1-glibc-2.26-binutils-2.28.1/usr/bin/arm-buildroot-linux-gnueabi-gcc -qversion >&5
arm-buildroot-linux-gnueabi-gcc.br_real: error: unrecognized command line option '-qversion'
arm-buildroot-linux-gnueabi-gcc.br_real: fatal error: no input files
compilation terminated.
configure:2694: $? = 1
configure:2714: checking whether the C compiler works
configure:2736: /opt/toolchains//crosstools-arm-gcc-5.5-linux-4.1-glibc-2.26-binutils-2.28.1/usr/bin/arm-buildroot-linux-gnueabi-gcc    conftest.c  >&5
configure:2740: $? = 0
configure:2788: result: yes
configure:2791: checking for C compiler default output file name
configure:2793: result: a.out
configure:2799: checking for suffix of executables
configure:2806: /opt/toolchains//crosstools-arm-gcc-5.5-linux-4.1-glibc-2.26-binutils-2.28.1/usr/bin/arm-buildroot-linux-gnueabi-gcc -o conftest    conftest.c  >&5
configure:2810: $? = 0
configure:2832: result: 
configure:2854: checking whether we are cross compiling
configure:2862: /opt/toolchains//crosstools-arm-gcc-5.5-linux-4.1-glibc-2.26-binutils-2.28.1/usr/bin/arm-buildroot-linux-gnueabi-gcc -o conftest    conftest.c  >&5
configure:2866: $? = 0
configure:2873: ./conftest
./configure: line 2875: ./conftest: cannot execute binary file: Exec format error
configure:2877: $? = 126
configure:2892: result: yes
configure:2897: checking for suffix of object files
configure:2919: /opt/toolchains//crosstools-arm-gcc-5.5-linux-4.1-glibc-2.26-binutils-2.28.1/usr/bin/arm-buildroot-linux-gnueabi-gcc -c   conftest.c >&5
configure:2923: $? = 0
configure:2944: result: o
configure:2948: checking whether we are using the GNU C compiler
configure:2967: /opt/toolchains//crosstools-arm-gcc-5.5-linux-4.1-glibc-2.26-binutils-2.28.1/usr/bin/arm-buildroot-linux-gnueabi-gcc -c   conftest.c >&5
configure:2967: $? = 0
configure:2976: result: yes
configure:2985: checking whether /opt/toolchains//crosstools-arm-gcc-5.5-linux-4.1-glibc-2.26-binutils-2.28.1/usr/bin/arm-buildroot-linux-gnueabi-gcc accepts -g
configure:3005: /opt/toolchains//crosstools-arm-gcc-5.5-linux-4.1-glibc-2.26-binutils-2.28.1/usr/bin/arm-buildroot-linux-gnueabi-gcc -c -g  conftest.c >&5
configure:3005: $? = 0
configure:3046: result: yes
configure:3063: checking for /opt/toolchains//crosstools-arm-gcc-5.5-linux-4.1-glibc-2.26-binutils-2.28.1/usr/bin/arm-buildroot-linux-gnueabi-gcc option to accept ISO C89
configure:3126: /opt/toolchains//crosstools-arm-gcc-5.5-linux-4.1-glibc-2.26-binutils-2.28.1/usr/bin/arm-buildroot-linux-gnueabi-gcc  -c -g -O2  conftest.c >&5
configure:3126: $? = 0
configure:3139: result: none needed
configure:3169: No $CFLAGS set... using "-Os -W -Wall" for GCC
configure:3174: Checking if compiler '/opt/toolchains//crosstools-arm-gcc-5.5-linux-4.1-glibc-2.26-binutils-2.28.1/usr/bin/arm-buildroot-linux-gnueabi-gcc' supports -Wno-pointer-sign
configure:3192: /opt/toolchains//crosstools-arm-gcc-5.5-linux-4.1-glibc-2.26-binutils-2.28.1/usr/bin/arm-buildroot-linux-gnueabi-gcc -c -Os -W -Wall -Wno-pointer-sign  conftest.c >&5
configure:3192: $? = 0
configure:3193: Setting -Wno-pointer-sign
configure:3203: Checking if compiler '/opt/toolchains//crosstools-arm-gcc-5.5-linux-4.1-glibc-2.26-binutils-2.28.1/usr/bin/arm-buildroot-linux-gnueabi-gcc' supports -fno-strict-overflow
configure:3220: /opt/toolchains//crosstools-arm-gcc-5.5-linux-4.1-glibc-2.26-binutils-2.28.1/usr/bin/arm-buildroot-linux-gnueabi-gcc -c -Os -W -Wall -Wno-pointer-sign -fno-strict-overflow  conftest.c >&5
configure:3220: $? = 0
configure:3221: Setting -fno-strict-overflow
configure:3259: Checking for available hardened build flags:
configure:3279: /opt/toolchains//crosstools-arm-gcc-5.5-linux-4.1-glibc-2.26-binutils-2.28.1/usr/bin/arm-buildroot-linux-gnueabi-gcc -c -Os -W -Wall -Wno-pointer-sign -fno-strict-overflow -fPIE  conftest.c >&5
configure:3279: $? = 0
configure:3280: Setting -fPIE
configure:3304: /opt/toolchains//crosstools-arm-gcc-5.5-linux-4.1-glibc-2.26-binutils-2.28.1/usr/bin/arm-buildroot-linux-gnueabi-gcc -o conftest -Os -W -Wall -Wno-pointer-sign -fno-strict-overflow -fPIE   -Wl,-pie conftest.c  >&5
configure:3304: $? = 0
configure:3305: Setting -Wl,-pie
configure:3353: /opt/toolchains//crosstools-arm-gcc-5.5-linux-4.1-glibc-2.26-binutils-2.28.1/usr/bin/arm-buildroot-linux-gnueabi-gcc -o conftest -Os -W -Wall -Wno-pointer-sign -fno-strict-overflow -fPIE   -Wl,-pie -Wl,-z,now -Wl,-z,relro conftest.c  >&5
configure:3353: $? = 0
configure:3354: Setting -Wl,-z,now -Wl,-z,relro
configure:3379: /opt/toolchains//crosstools-arm-gcc-5.5-linux-4.1-glibc-2.26-binutils-2.28.1/usr/bin/arm-buildroot-linux-gnueabi-gcc -c -Os -W -Wall -Wno-pointer-sign -fno-strict-overflow -fPIE -fstack-protector-strong  conftest.c >&5
configure:3379: $? = 0
configure:3380: Setting -fstack-protector-strong
configure:3427: /opt/toolchains//crosstools-arm-gcc-5.5-linux-4.1-glibc-2.26-binutils-2.28.1/usr/bin/arm-buildroot-linux-gnueabi-gcc -c -Os -W -Wall -Wno-pointer-sign -fno-strict-overflow -fPIE -fstack-protector-strong -D_FORTIFY_SOURCE=2  conftest.c >&5
configure:3427: $? = 0
configure:3428: Setting -D_FORTIFY_SOURCE=2
configure:3454: /opt/toolchains//crosstools-arm-gcc-5.5-linux-4.1-glibc-2.26-binutils-2.28.1/usr/bin/arm-buildroot-linux-gnueabi-gcc -c -Os -W -Wall -Wno-pointer-sign -fno-strict-overflow -fPIE -fstack-protector-strong -D_FORTIFY_SOURCE=2 -mfunction-return=thunk  conftest.c >&5
arm-buildroot-linux-gnueabi-gcc.br_real: error: unrecognized command line option '-mfunction-return=thunk'
configure:3454: $? = 1
configure: failed program was:
| /* confdefs.h */
| #define PACKAGE_NAME ""
| #define PACKAGE_TARNAME ""
| #define PACKAGE_VERSION ""
| #define PACKAGE_STRING ""
| #define PACKAGE_BUGREPORT ""
| #define PACKAGE_URL ""
| /* end confdefs.h.  */
| 
| int
| main ()
| {
| 
|   ;
|   return 0;
| }
configure:3458: Not setting -mfunction-return=thunk
configure:3479: /opt/toolchains//crosstools-arm-gcc-5.5-linux-4.1-glibc-2.26-binutils-2.28.1/usr/bin/arm-buildroot-linux-gnueabi-gcc -c -Os -W -Wall -Wno-pointer-sign -fno-strict-overflow -fPIE -fstack-protector-strong -D_FORTIFY_SOURCE=2 -mindirect-branch=thunk  conftest.c >&5
arm-buildroot-linux-gnueabi-gcc.br_real: error: unrecognized command line option '-mindirect-branch=thunk'
configure:3479: $? = 1
configure: failed program was:
| /* confdefs.h */
| #define PACKAGE_NAME ""
| #define PACKAGE_TARNAME ""
| #define PACKAGE_VERSION ""
| #define PACKAGE_STRING ""
| #define PACKAGE_BUGREPORT ""
| #define PACKAGE_URL ""
| /* end confdefs.h.  */
| 
| int
| main ()
| {
| 
|   ;
|   return 0;
| }
configure:3483: Not setting -mindirect-branch=thunk
configure:3500: checking for special C compiler options needed for large files
configure:3545: result: no
configure:3551: checking for _FILE_OFFSET_BITS value needed for large files
configure:3576: /opt/toolchains//crosstools-arm-gcc-5.5-linux-4.1-glibc-2.26-binutils-2.28.1/usr/bin/arm-buildroot-linux-gnueabi-gcc -c -Os -W -Wall -Wno-pointer-sign -fno-strict-overflow -fPIE -fstack-protector-strong -D_FORTIFY_SOURCE=2  conftest.c >&5
conftest.c:14:33: warning: left shift count >= width of type [-Wshift-count-overflow]
 #define LARGE_OFF_T (((off_t) 1 << 62) - 1 + ((off_t) 1 << 62))
                                 ^
conftest.c:15:23: note: in expansion of macro 'LARGE_OFF_T'
   int off_t_is_large[(LARGE_OFF_T % 2147483629 == 721
                       ^
conftest.c:14:57: warning: left shift count >= width of type [-Wshift-count-overflow]
 #define LARGE_OFF_T (((off_t) 1 << 62) - 1 + ((off_t) 1 << 62))
                                                         ^
conftest.c:15:23: note: in expansion of macro 'LARGE_OFF_T'
   int off_t_is_large[(LARGE_OFF_T % 2147483629 == 721
                       ^
conftest.c:14:33: warning: left shift count >= width of type [-Wshift-count-overflow]
 #define LARGE_OFF_T (((off_t) 1 << 62) - 1 + ((off_t) 1 << 62))
                                 ^
conftest.c:16:13: note: in expansion of macro 'LARGE_OFF_T'
          && LARGE_OFF_T % 2147483647 == 1)
             ^
conftest.c:14:57: warning: left shift count >= width of type [-Wshift-count-overflow]
 #define LARGE_OFF_T (((off_t) 1 << 62) - 1 + ((off_t) 1 << 62))
                                                         ^
conftest.c:16:13: note: in expansion of macro 'LARGE_OFF_T'
          && LARGE_OFF_T % 2147483647 == 1)
             ^
conftest.c:15:7: error: variably modified 'off_t_is_large' at file scope
   int off_t_is_large[(LARGE_OFF_T % 2147483629 == 721
       ^
configure:3576: $? = 1
configure: failed program was:
| /* confdefs.h */
| #define PACKAGE_NAME ""
| #define PACKAGE_TARNAME ""
| #define PACKAGE_VERSION ""
| #define PACKAGE_STRING ""
| #define PACKAGE_BUGREPORT ""
| #define PACKAGE_URL ""
| /* end confdefs.h.  */
| #include <sys/types.h>
|  /* Check that off_t can represent 2**63 - 1 correctly.
|     We can't simply define LARGE_OFF_T to be 9223372036854775807,
|     since some C++ compilers masquerading as C compilers
|     incorrectly reject 9223372036854775807.  */
| #define LARGE_OFF_T (((off_t) 1 << 62) - 1 + ((off_t) 1 << 62))
|   int off_t_is_large[(LARGE_OFF_T % 2147483629 == 721
| 		       && LARGE_OFF_T % 2147483647 == 1)
| 		      ? 1 : -1];
| int
| main ()
| {
| 
|   ;
|   return 0;
| }
configure:3600: /opt/toolchains//crosstools-arm-gcc-5.5-linux-4.1-glibc-2.26-binutils-2.28.1/usr/bin/arm-buildroot-linux-gnueabi-gcc -c -Os -W -Wall -Wno-pointer-sign -fno-strict-overflow -fPIE -fstack-protector-strong -D_FORTIFY_SOURCE=2  conftest.c >&5
configure:3600: $? = 0
configure:3608: result: 64
configure:3729: checking build system type
configure:3743: result: x86_64-pc-linux-gnu
configure:3763: checking host system type
configure:3776: result: arm-buildroot-linux-gnueabi
configure:3932: checking for arm-buildroot-linux-gnueabi-ar
configure:3959: result: /opt/toolchains//crosstools-arm-gcc-5.5-linux-4.1-glibc-2.26-binutils-2.28.1/usr/bin/arm-buildroot-linux-gnueabi-ar
configure:4024: checking for arm-buildroot-linux-gnueabi-ranlib
configure:4051: result: /opt/toolchains//crosstools-arm-gcc-5.5-linux-4.1-glibc-2.26-binutils-2.28.1/usr/bin/arm-buildroot-linux-gnueabi-ranlib
configure:4116: checking for arm-buildroot-linux-gnueabi-strip
configure:4143: result: /opt/toolchains//crosstools-arm-gcc-5.5-linux-4.1-glibc-2.26-binutils-2.28.1/usr/bin/arm-buildroot-linux-gnueabi-strip
configure:4208: checking for arm-buildroot-linux-gnueabi-install
configure:4238: result: no
configure:4248: checking for install
configure:4264: found /usr/bin/install
configure:4275: result: install
configure:4287: WARNING: using cross tools not prefixed with host triplet
configure:4303: checking how to run the C preprocessor
configure:4373: result: /opt/toolchains//crosstools-arm-gcc-5.5-linux-4.1-glibc-2.26-binutils-2.28.1/usr/bin/arm-buildroot-linux-gnueabi-cpp
configure:4393: /opt/toolchains//crosstools-arm-gcc-5.5-linux-4.1-glibc-2.26-binutils-2.28.1/usr/bin/arm-buildroot-linux-gnueabi-cpp  conftest.c
configure:4393: $? = 0
configure:4407: /opt/toolchains//crosstools-arm-gcc-5.5-linux-4.1-glibc-2.26-binutils-2.28.1/usr/bin/arm-buildroot-linux-gnueabi-cpp  conftest.c
conftest.c:10:28: fatal error: ac_nonexistent.h: No such file or directory
compilation terminated.
configure:4407: $? = 1
configure: failed program was:
| /* confdefs.h */
| #define PACKAGE_NAME ""
| #define PACKAGE_TARNAME ""
| #define PACKAGE_VERSION ""
| #define PACKAGE_STRING ""
| #define PACKAGE_BUGREPORT ""
| #define PACKAGE_URL ""
| #define _FILE_OFFSET_BITS 64
| /* end confdefs.h.  */
| #include <ac_nonexistent.h>
configure:4436: checking for grep that handles long lines and -e
configure:4494: result: /bin/grep
configure:4499: checking for egrep
configure:4561: result: /bin/grep -E
configure:4566: checking for ANSI C header files
configure:4586: /opt/toolchains//crosstools-arm-gcc-5.5-linux-4.1-glibc-2.26-binutils-2.28.1/usr/bin/arm-buildroot-linux-gnueabi-gcc -c -Os -W -Wall -Wno-pointer-sign -fno-strict-overflow -fPIE -fstack-protector-strong -D_FORTIFY_SOURCE=2  conftest.c >&5
configure:4586: $? = 0
configure:4670: result: yes
configure:4683: checking for sys/types.h
configure:4683: /opt/toolchains//crosstools-arm-gcc-5.5-linux-4.1-glibc-2.26-binutils-2.28.1/usr/bin/arm-buildroot-linux-gnueabi-gcc -c -Os -W -Wall -Wno-pointer-sign -fno-strict-overflow -fPIE -fstack-protector-strong -D_FORTIFY_SOURCE=2  conftest.c >&5
configure:4683: $? = 0
configure:4683: result: yes
configure:4683: checking for sys/stat.h
configure:4683: /opt/toolchains//crosstools-arm-gcc-5.5-linux-4.1-glibc-2.26-binutils-2.28.1/usr/bin/arm-buildroot-linux-gnueabi-gcc -c -Os -W -Wall -Wno-pointer-sign -fno-strict-overflow -fPIE -fstack-protector-strong -D_FORTIFY_SOURCE=2  conftest.c >&5
configure:4683: $? = 0
configure:4683: result: yes
configure:4683: checking for stdlib.h
configure:4683: /opt/toolchains//crosstools-arm-gcc-5.5-linux-4.1-glibc-2.26-binutils-2.28.1/usr/bin/arm-buildroot-linux-gnueabi-gcc -c -Os -W -Wall -Wno-pointer-sign -fno-strict-overflow -fPIE -fstack-protector-strong -D_FORTIFY_SOURCE=2  conftest.c >&5
configure:4683: $? = 0
configure:4683: result: yes
configure:4683: checking for string.h
configure:4683: /opt/toolchains//crosstools-arm-gcc-5.5-linux-4.1-glibc-2.26-binutils-2.28.1/usr/bin/arm-buildroot-linux-gnueabi-gcc -c -Os -W -Wall -Wno-pointer-sign -fno-strict-overflow -fPIE -fstack-protector-strong -D_FORTIFY_SOURCE=2  conftest.c >&5
configure:4683: $? = 0
configure:4683: result: yes
configure:4683: checking for memory.h
configure:4683: /opt/toolchains//crosstools-arm-gcc-5.5-linux-4.1-glibc-2.26-binutils-2.28.1/usr/bin/arm-buildroot-linux-gnueabi-gcc -c -Os -W -Wall -Wno-pointer-sign -fno-strict-overflow -fPIE -fstack-protector-strong -D_FORTIFY_SOURCE=2  conftest.c >&5
configure:4683: $? = 0
configure:4683: result: yes
configure:4683: checking for strings.h
configure:4683: /opt/toolchains//crosstools-arm-gcc-5.5-linux-4.1-glibc-2.26-binutils-2.28.1/usr/bin/arm-buildroot-linux-gnueabi-gcc -c -Os -W -Wall -Wno-pointer-sign -fno-strict-overflow -fPIE -fstack-protector-strong -D_FORTIFY_SOURCE=2  conftest.c >&5
configure:4683: $? = 0
configure:4683: result: yes
configure:4683: checking for inttypes.h
configure:4683: /opt/toolchains//crosstools-arm-gcc-5.5-linux-4.1-glibc-2.26-binutils-2.28.1/usr/bin/arm-buildroot-linux-gnueabi-gcc -c -Os -W -Wall -Wno-pointer-sign -fno-strict-overflow -fPIE -fstack-protector-strong -D_FORTIFY_SOURCE=2  conftest.c >&5
configure:4683: $? = 0
configure:4683: result: yes
configure:4683: checking for stdint.h
configure:4683: /opt/toolchains//crosstools-arm-gcc-5.5-linux-4.1-glibc-2.26-binutils-2.28.1/usr/bin/arm-buildroot-linux-gnueabi-gcc -c -Os -W -Wall -Wno-pointer-sign -fno-strict-overflow -fPIE -fstack-protector-strong -D_FORTIFY_SOURCE=2  conftest.c >&5
configure:4683: $? = 0
configure:4683: result: yes
configure:4683: checking for unistd.h
configure:4683: /opt/toolchains//crosstools-arm-gcc-5.5-linux-4.1-glibc-2.26-binutils-2.28.1/usr/bin/arm-buildroot-linux-gnueabi-gcc -c -Os -W -Wall -Wno-pointer-sign -fno-strict-overflow -fPIE -fstack-protector-strong -D_FORTIFY_SOURCE=2  conftest.c >&5
configure:4683: $? = 0
configure:4683: result: yes
configure:4695: checking whether __UCLIBC__ is declared
configure:4695: /opt/toolchains//crosstools-arm-gcc-5.5-linux-4.1-glibc-2.26-binutils-2.28.1/usr/bin/arm-buildroot-linux-gnueabi-gcc -c -Os -W -Wall -Wno-pointer-sign -fno-strict-overflow -fPIE -fstack-protector-strong -D_FORTIFY_SOURCE=2  conftest.c >&5
conftest.c: In function 'main':
conftest.c:60:10: error: '__UCLIBC__' undeclared (first use in this function)
   (void) __UCLIBC__;
          ^
conftest.c:60:10: note: each undeclared identifier is reported only once for each function it appears in
configure:4695: $? = 1
configure: failed program was:
| /* confdefs.h */
| #define PACKAGE_NAME ""
| #define PACKAGE_TARNAME ""
| #define PACKAGE_VERSION ""
| #define PACKAGE_STRING ""
| #define PACKAGE_BUGREPORT ""
| #define PACKAGE_URL ""
| #define _FILE_OFFSET_BITS 64
| #define STDC_HEADERS 1
| #define HAVE_SYS_TYPES_H 1
| #define HAVE_SYS_STAT_H 1
| #define HAVE_STDLIB_H 1
| #define HAVE_STRING_H 1
| #define HAVE_MEMORY_H 1
| #define HAVE_STRINGS_H 1
| #define HAVE_INTTYPES_H 1
| #define HAVE_STDINT_H 1
| #define HAVE_UNISTD_H 1
| /* end confdefs.h.  */
| #include <stdio.h>
| #ifdef HAVE_SYS_TYPES_H
| # include <sys/types.h>
| #endif
| #ifdef HAVE_SYS_STAT_H
| # include <sys/stat.h>
| #endif
| #ifdef STDC_HEADERS
| # include <stdlib.h>
| # include <stddef.h>
| #else
| # ifdef HAVE_STDLIB_H
| #  include <stdlib.h>
| # endif
| #endif
| #ifdef HAVE_STRING_H
| # if !defined STDC_HEADERS && defined HAVE_MEMORY_H
| #  include <memory.h>
| # endif
| # include <string.h>
| #endif
| #ifdef HAVE_STRINGS_H
| # include <strings.h>
| #endif
| #ifdef HAVE_INTTYPES_H
| # include <inttypes.h>
| #endif
| #ifdef HAVE_STDINT_H
| # include <stdint.h>
| #endif
| #ifdef HAVE_UNISTD_H
| # include <unistd.h>
| #endif
| int
| main ()
| {
| #ifndef __UCLIBC__
| #ifdef __cplusplus
|   (void) __UCLIBC__;
| #else
|   (void) __UCLIBC__;
| #endif
| #endif
| 
|   ;
|   return 0;
| }
configure:4695: result: no
configure:4705: checking for crypt
configure:4705: /opt/toolchains//crosstools-arm-gcc-5.5-linux-4.1-glibc-2.26-binutils-2.28.1/usr/bin/arm-buildroot-linux-gnueabi-gcc -o conftest -Os -W -Wall -Wno-pointer-sign -fno-strict-overflow -fPIE -fstack-protector-strong -D_FORTIFY_SOURCE=2   -Wl,-pie -Wl,-z,now -Wl,-z,relro conftest.c  >&5
/tmp/ccZDeeOp.o: In function `main':
conftest.c:(.text.startup+0x4): undefined reference to `crypt'
collect2: error: ld returned 1 exit status
configure:4705: $? = 1
configure: failed program was:
| /* confdefs.h */
| #define PACKAGE_NAME ""
| #define PACKAGE_TARNAME ""
| #define PACKAGE_VERSION ""
| #define PACKAGE_STRING ""
| #define PACKAGE_BUGREPORT ""
| #define PACKAGE_URL ""
| #define _FILE_OFFSET_BITS 64
| #define STDC_HEADERS 1
| #define HAVE_SYS_TYPES_H 1
| #define HAVE_SYS_STAT_H 1
| #define HAVE_STDLIB_H 1
| #define HAVE_STRING_H 1
| #define HAVE_MEMORY_H 1
| #define HAVE_STRINGS_H 1
| #define HAVE_INTTYPES_H 1
| #define HAVE_STDINT_H 1
| #define HAVE_UNISTD_H 1
| /* end confdefs.h.  */
| /* Define crypt to an innocuous variant, in case <limits.h> declares crypt.
|    For example, HP-UX 11i <limits.h> declares gettimeofday.  */
| #define crypt innocuous_crypt
| 
| /* System header to define __stub macros and hopefully few prototypes,
|     which can conflict with char crypt (); below.
|     Prefer <limits.h> to <assert.h> if __STDC__ is defined, since
|     <limits.h> exists even on freestanding compilers.  */
| 
| #ifdef __STDC__
| # include <limits.h>
| #else
| # include <assert.h>
| #endif
| 
| #undef crypt
| 
| /* Override any GCC internal prototype to avoid an error.
|    Use char because int might match the return type of a GCC
|    builtin and then its argument prototype would still apply.  */
| #ifdef __cplusplus
| extern "C"
| #endif
| char crypt ();
| /* The GNU C library defines this for functions which it implements
|     to always fail with ENOSYS.  Some functions are actually named
|     something starting with __ and the normal name is an alias.  */
| #if defined __stub_crypt || defined __stub___crypt
| choke me
| #endif
| 
| int
| main ()
| {
| return crypt ();
|   ;
|   return 0;
| }
configure:4705: result: no
configure:4710: checking for crypt in -lcrypt
configure:4735: /opt/toolchains//crosstools-arm-gcc-5.5-linux-4.1-glibc-2.26-binutils-2.28.1/usr/bin/arm-buildroot-linux-gnueabi-gcc -o conftest -Os -W -Wall -Wno-pointer-sign -fno-strict-overflow -fPIE -fstack-protector-strong -D_FORTIFY_SOURCE=2   -Wl,-pie -Wl,-z,now -Wl,-z,relro conftest.c -lcrypt   >&5
configure:4735: $? = 0
configure:4744: result: yes
configure:4788: Disabling zlib
configure:4999: Disabling PAM
configure:5075: Using openpty if available
configure:5077: checking for library containing openpty
configure:5108: /opt/toolchains//crosstools-arm-gcc-5.5-linux-4.1-glibc-2.26-binutils-2.28.1/usr/bin/arm-buildroot-linux-gnueabi-gcc -o conftest -Os -W -Wall -Wno-pointer-sign -fno-strict-overflow -fPIE -fstack-protector-strong -D_FORTIFY_SOURCE=2   -Wl,-pie -Wl,-z,now -Wl,-z,relro conftest.c  >&5
/tmp/ccLWXlFq.o: In function `main':
conftest.c:(.text.startup+0x4): undefined reference to `openpty'
collect2: error: ld returned 1 exit status
configure:5108: $? = 1
configure: failed program was:
| /* confdefs.h */
| #define PACKAGE_NAME ""
| #define PACKAGE_TARNAME ""
| #define PACKAGE_VERSION ""
| #define PACKAGE_STRING ""
| #define PACKAGE_BUGREPORT ""
| #define PACKAGE_URL ""
| #define _FILE_OFFSET_BITS 64
| #define STDC_HEADERS 1
| #define HAVE_SYS_TYPES_H 1
| #define HAVE_SYS_STAT_H 1
| #define HAVE_STDLIB_H 1
| #define HAVE_STRING_H 1
| #define HAVE_MEMORY_H 1
| #define HAVE_STRINGS_H 1
| #define HAVE_INTTYPES_H 1
| #define HAVE_STDINT_H 1
| #define HAVE_UNISTD_H 1
| #define HAVE_CRYPT 1
| #define DISABLE_ZLIB 1
| #define DISABLE_PAM 1
| /* end confdefs.h.  */
| 
| /* Override any GCC internal prototype to avoid an error.
|    Use char because int might match the return type of a GCC
|    builtin and then its argument prototype would still apply.  */
| #ifdef __cplusplus
| extern "C"
| #endif
| char openpty ();
| int
| main ()
| {
| return openpty ();
|   ;
|   return 0;
| }
configure:5108: /opt/toolchains//crosstools-arm-gcc-5.5-linux-4.1-glibc-2.26-binutils-2.28.1/usr/bin/arm-buildroot-linux-gnueabi-gcc -o conftest -Os -W -Wall -Wno-pointer-sign -fno-strict-overflow -fPIE -fstack-protector-strong -D_FORTIFY_SOURCE=2   -Wl,-pie -Wl,-z,now -Wl,-z,relro conftest.c -lutil   >&5
configure:5108: $? = 0
configure:5125: result: -lutil
configure:5162: Enabling syslog
configure:5196: checking shadow.h usability
configure:5196: /opt/toolchains//crosstools-arm-gcc-5.5-linux-4.1-glibc-2.26-binutils-2.28.1/usr/bin/arm-buildroot-linux-gnueabi-gcc -c -Os -W -Wall -Wno-pointer-sign -fno-strict-overflow -fPIE -fstack-protector-strong -D_FORTIFY_SOURCE=2  conftest.c >&5
configure:5196: $? = 0
configure:5196: result: yes
configure:5196: checking shadow.h presence
configure:5196: /opt/toolchains//crosstools-arm-gcc-5.5-linux-4.1-glibc-2.26-binutils-2.28.1/usr/bin/arm-buildroot-linux-gnueabi-cpp  conftest.c
configure:5196: $? = 0
configure:5196: result: yes
configure:5196: checking for shadow.h
configure:5196: result: yes
configure:5206: Using shadow passwords if available
configure:5518: Disabling fuzzing
configure:5530: checking for ANSI C header files
configure:5634: result: yes
configure:5642: checking for sys/wait.h that is POSIX.1 compatible
configure:5668: /opt/toolchains//crosstools-arm-gcc-5.5-linux-4.1-glibc-2.26-binutils-2.28.1/usr/bin/arm-buildroot-linux-gnueabi-gcc -c -Os -W -Wall -Wno-pointer-sign -fno-strict-overflow -fPIE -fstack-protector-strong -D_FORTIFY_SOURCE=2  conftest.c >&5
configure:5668: $? = 0
configure:5675: result: yes
configure:5691: checking netinet/in.h usability
configure:5691: /opt/toolchains//crosstools-arm-gcc-5.5-linux-4.1-glibc-2.26-binutils-2.28.1/usr/bin/arm-buildroot-linux-gnueabi-gcc -c -Os -W -Wall -Wno-pointer-sign -fno-strict-overflow -fPIE -fstack-protector-strong -D_FORTIFY_SOURCE=2  conftest.c >&5
configure:5691: $? = 0
configure:5691: result: yes
configure:5691: checking netinet/in.h presence
configure:5691: /opt/toolchains//crosstools-arm-gcc-5.5-linux-4.1-glibc-2.26-binutils-2.28.1/usr/bin/arm-buildroot-linux-gnueabi-cpp  conftest.c
configure:5691: $? = 0
configure:5691: result: yes
configure:5691: checking for netinet/in.h
configure:5691: result: yes
configure:5691: checking netinet/tcp.h usability
configure:5691: /opt/toolchains//crosstools-arm-gcc-5.5-linux-4.1-glibc-2.26-binutils-2.28.1/usr/bin/arm-buildroot-linux-gnueabi-gcc -c -Os -W -Wall -Wno-pointer-sign -fno-strict-overflow -fPIE -fstack-protector-strong -D_FORTIFY_SOURCE=2  conftest.c >&5
configure:5691: $? = 0
configure:5691: result: yes
configure:5691: checking netinet/tcp.h presence
configure:5691: /opt/toolchains//crosstools-arm-gcc-5.5-linux-4.1-glibc-2.26-binutils-2.28.1/usr/bin/arm-buildroot-linux-gnueabi-cpp  conftest.c
configure:5691: $? = 0
configure:5691: result: yes
configure:5691: checking for netinet/tcp.h
configure:5691: result: yes
configure:5691: checking crypt.h usability
configure:5691: /opt/toolchains//crosstools-arm-gcc-5.5-linux-4.1-glibc-2.26-binutils-2.28.1/usr/bin/arm-buildroot-linux-gnueabi-gcc -c -Os -W -Wall -Wno-pointer-sign -fno-strict-overflow -fPIE -fstack-protector-strong -D_FORTIFY_SOURCE=2  conftest.c >&5
configure:5691: $? = 0
configure:5691: result: yes
configure:5691: checking crypt.h presence
configure:5691: /opt/toolchains//crosstools-arm-gcc-5.5-linux-4.1-glibc-2.26-binutils-2.28.1/usr/bin/arm-buildroot-linux-gnueabi-cpp  conftest.c
configure:5691: $? = 0
configure:5691: result: yes
configure:5691: checking for crypt.h
configure:5691: result: yes
configure:5691: checking pty.h usability
configure:5691: /opt/toolchains//crosstools-arm-gcc-5.5-linux-4.1-glibc-2.26-binutils-2.28.1/usr/bin/arm-buildroot-linux-gnueabi-gcc -c -Os -W -Wall -Wno-pointer-sign -fno-strict-overflow -fPIE -fstack-protector-strong -D_FORTIFY_SOURCE=2  conftest.c >&5
configure:5691: $? = 0
configure:5691: result: yes
configure:5691: checking pty.h presence
configure:5691: /opt/toolchains//crosstools-arm-gcc-5.5-linux-4.1-glibc-2.26-binutils-2.28.1/usr/bin/arm-buildroot-linux-gnueabi-cpp  conftest.c
configure:5691: $? = 0
configure:5691: result: yes
configure:5691: checking for pty.h
configure:5691: result: yes
configure:5691: checking libutil.h usability
configure:5691: /opt/toolchains//crosstools-arm-gcc-5.5-linux-4.1-glibc-2.26-binutils-2.28.1/usr/bin/arm-buildroot-linux-gnueabi-gcc -c -Os -W -Wall -Wno-pointer-sign -fno-strict-overflow -fPIE -fstack-protector-strong -D_FORTIFY_SOURCE=2  conftest.c >&5
conftest.c:66:21: fatal error: libutil.h: No such file or directory
compilation terminated.
configure:5691: $? = 1
configure: failed program was:
| /* confdefs.h */
| #define PACKAGE_NAME ""
| #define PACKAGE_TARNAME ""
| #define PACKAGE_VERSION ""
| #define PACKAGE_STRING ""
| #define PACKAGE_BUGREPORT ""
| #define PACKAGE_URL ""
| #define _FILE_OFFSET_BITS 64
| #define STDC_HEADERS 1
| #define HAVE_SYS_TYPES_H 1
| #define HAVE_SYS_STAT_H 1
| #define HAVE_STDLIB_H 1
| #define HAVE_STRING_H 1
| #define HAVE_MEMORY_H 1
| #define HAVE_STRINGS_H 1
| #define HAVE_INTTYPES_H 1
| #define HAVE_STDINT_H 1
| #define HAVE_UNISTD_H 1
| #define HAVE_CRYPT 1
| #define DISABLE_ZLIB 1
| #define DISABLE_PAM 1
| #define HAVE_OPENPTY /**/
| #define HAVE_SHADOW_H 1
| #define DROPBEAR_PLUGIN 0
| #define DROPBEAR_FUZZ 0
| #define STDC_HEADERS 1
| #define HAVE_SYS_WAIT_H 1
| #define HAVE_NETINET_IN_H 1
| #define HAVE_NETINET_TCP_H 1
| #define HAVE_CRYPT_H 1
| #define HAVE_PTY_H 1
| /* end confdefs.h.  */
| #include <stdio.h>
| #ifdef HAVE_SYS_TYPES_H
| # include <sys/types.h>
| #endif
| #ifdef HAVE_SYS_STAT_H
| # include <sys/stat.h>
| #endif
| #ifdef STDC_HEADERS
| # include <stdlib.h>
| # include <stddef.h>
| #else
| # ifdef HAVE_STDLIB_H
| #  include <stdlib.h>
| # endif
| #endif
| #ifdef HAVE_STRING_H
| # if !defined STDC_HEADERS && defined HAVE_MEMORY_H
| #  include <memory.h>
| # endif
| # include <string.h>
| #endif
| #ifdef HAVE_STRINGS_H
| # include <strings.h>
| #endif
| #ifdef HAVE_INTTYPES_H
| # include <inttypes.h>
| #endif
| #ifdef HAVE_STDINT_H
| # include <stdint.h>
| #endif
| #ifdef HAVE_UNISTD_H
| # include <unistd.h>
| #endif
| #include <libutil.h>
configure:5691: result: no
configure:5691: checking libutil.h presence
configure:5691: /opt/toolchains//crosstools-arm-gcc-5.5-linux-4.1-glibc-2.26-binutils-2.28.1/usr/bin/arm-buildroot-linux-gnueabi-cpp  conftest.c
conftest.c:33:21: fatal error: libutil.h: No such file or directory
compilation terminated.
configure:5691: $? = 1
configure: failed program was:
| /* confdefs.h */
| #define PACKAGE_NAME ""
| #define PACKAGE_TARNAME ""
| #define PACKAGE_VERSION ""
| #define PACKAGE_STRING ""
| #define PACKAGE_BUGREPORT ""
| #define PACKAGE_URL ""
| #define _FILE_OFFSET_BITS 64
| #define STDC_HEADERS 1
| #define HAVE_SYS_TYPES_H 1
| #define HAVE_SYS_STAT_H 1
| #define HAVE_STDLIB_H 1
| #define HAVE_STRING_H 1
| #define HAVE_MEMORY_H 1
| #define HAVE_STRINGS_H 1
| #define HAVE_INTTYPES_H 1
| #define HAVE_STDINT_H 1
| #define HAVE_UNISTD_H 1
| #define HAVE_CRYPT 1
| #define DISABLE_ZLIB 1
| #define DISABLE_PAM 1
| #define HAVE_OPENPTY /**/
| #define HAVE_SHADOW_H 1
| #define DROPBEAR_PLUGIN 0
| #define DROPBEAR_FUZZ 0
| #define STDC_HEADERS 1
| #define HAVE_SYS_WAIT_H 1
| #define HAVE_NETINET_IN_H 1
| #define HAVE_NETINET_TCP_H 1
| #define HAVE_CRYPT_H 1
| #define HAVE_PTY_H 1
| /* end confdefs.h.  */
| #include <libutil.h>
configure:5691: result: no
configure:5691: checking for libutil.h
configure:5691: result: no
configure:5691: checking libgen.h usability
configure:5691: /opt/toolchains//crosstools-arm-gcc-5.5-linux-4.1-glibc-2.26-binutils-2.28.1/usr/bin/arm-buildroot-linux-gnueabi-gcc -c -Os -W -Wall -Wno-pointer-sign -fno-strict-overflow -fPIE -fstack-protector-strong -D_FORTIFY_SOURCE=2  conftest.c >&5
configure:5691: $? = 0
configure:5691: result: yes
configure:5691: checking libgen.h presence
configure:5691: /opt/toolchains//crosstools-arm-gcc-5.5-linux-4.1-glibc-2.26-binutils-2.28.1/usr/bin/arm-buildroot-linux-gnueabi-cpp  conftest.c
configure:5691: $? = 0
configure:5691: result: yes
configure:5691: checking for libgen.h
configure:5691: result: yes
configure:5691: checking for inttypes.h
configure:5691: result: yes
configure:5691: checking stropts.h usability
configure:5691: /opt/toolchains//crosstools-arm-gcc-5.5-linux-4.1-glibc-2.26-binutils-2.28.1/usr/bin/arm-buildroot-linux-gnueabi-gcc -c -Os -W -Wall -Wno-pointer-sign -fno-strict-overflow -fPIE -fstack-protector-strong -D_FORTIFY_SOURCE=2  conftest.c >&5
configure:5691: $? = 0
configure:5691: result: yes
configure:5691: checking stropts.h presence
configure:5691: /opt/toolchains//crosstools-arm-gcc-5.5-linux-4.1-glibc-2.26-binutils-2.28.1/usr/bin/arm-buildroot-linux-gnueabi-cpp  conftest.c
configure:5691: $? = 0
configure:5691: result: yes
configure:5691: checking for stropts.h
configure:5691: result: yes
configure:5691: checking utmp.h usability
configure:5691: /opt/toolchains//crosstools-arm-gcc-5.5-linux-4.1-glibc-2.26-binutils-2.28.1/usr/bin/arm-buildroot-linux-gnueabi-gcc -c -Os -W -Wall -Wno-pointer-sign -fno-strict-overflow -fPIE -fstack-protector-strong -D_FORTIFY_SOURCE=2  conftest.c >&5
configure:5691: $? = 0
configure:5691: result: yes
configure:5691: checking utmp.h presence
configure:5691: /opt/toolchains//crosstools-arm-gcc-5.5-linux-4.1-glibc-2.26-binutils-2.28.1/usr/bin/arm-buildroot-linux-gnueabi-cpp  conftest.c
configure:5691: $? = 0
configure:5691: result: yes
configure:5691: checking for utmp.h
configure:5691: result: yes
configure:5691: checking utmpx.h usability
configure:5691: /opt/toolchains//crosstools-arm-gcc-5.5-linux-4.1-glibc-2.26-binutils-2.28.1/usr/bin/arm-buildroot-linux-gnueabi-gcc -c -Os -W -Wall -Wno-pointer-sign -fno-strict-overflow -fPIE -fstack-protector-strong -D_FORTIFY_SOURCE=2  conftest.c >&5
configure:5691: $? = 0
configure:5691: result: yes
configure:5691: checking utmpx.h presence
configure:5691: /opt/toolchains//crosstools-arm-gcc-5.5-linux-4.1-glibc-2.26-binutils-2.28.1/usr/bin/arm-buildroot-linux-gnueabi-cpp  conftest.c
configure:5691: $? = 0
configure:5691: result: yes
configure:5691: checking for utmpx.h
configure:5691: result: yes
configure:5691: checking lastlog.h usability
configure:5691: /opt/toolchains//crosstools-arm-gcc-5.5-linux-4.1-glibc-2.26-binutils-2.28.1/usr/bin/arm-buildroot-linux-gnueabi-gcc -c -Os -W -Wall -Wno-pointer-sign -fno-strict-overflow -fPIE -fstack-protector-strong -D_FORTIFY_SOURCE=2  conftest.c >&5
configure:5691: $? = 0
configure:5691: result: yes
configure:5691: checking lastlog.h presence
configure:5691: /opt/toolchains//crosstools-arm-gcc-5.5-linux-4.1-glibc-2.26-binutils-2.28.1/usr/bin/arm-buildroot-linux-gnueabi-cpp  conftest.c
configure:5691: $? = 0
configure:5691: result: yes
configure:5691: checking for lastlog.h
configure:5691: result: yes
configure:5691: checking paths.h usability
configure:5691: /opt/toolchains//crosstools-arm-gcc-5.5-linux-4.1-glibc-2.26-binutils-2.28.1/usr/bin/arm-buildroot-linux-gnueabi-gcc -c -Os -W -Wall -Wno-pointer-sign -fno-strict-overflow -fPIE -fstack-protector-strong -D_FORTIFY_SOURCE=2  conftest.c >&5
configure:5691: $? = 0
configure:5691: result: yes
configure:5691: checking paths.h presence
configure:5691: /opt/toolchains//crosstools-arm-gcc-5.5-linux-4.1-glibc-2.26-binutils-2.28.1/usr/bin/arm-buildroot-linux-gnueabi-cpp  conftest.c
configure:5691: $? = 0
configure:5691: result: yes
configure:5691: checking for paths.h
configure:5691: result: yes
configure:5691: checking util.h usability
configure:5691: /opt/toolchains//crosstools-arm-gcc-5.5-linux-4.1-glibc-2.26-binutils-2.28.1/usr/bin/arm-buildroot-linux-gnueabi-gcc -c -Os -W -Wall -Wno-pointer-sign -fno-strict-overflow -fPIE -fstack-protector-strong -D_FORTIFY_SOURCE=2  conftest.c >&5
conftest.c:73:18: fatal error: util.h: No such file or directory
compilation terminated.
configure:5691: $? = 1
configure: failed program was:
| /* confdefs.h */
| #define PACKAGE_NAME ""
| #define PACKAGE_TARNAME ""
| #define PACKAGE_VERSION ""
| #define PACKAGE_STRING ""
| #define PACKAGE_BUGREPORT ""
| #define PACKAGE_URL ""
| #define _FILE_OFFSET_BITS 64
| #define STDC_HEADERS 1
| #define HAVE_SYS_TYPES_H 1
| #define HAVE_SYS_STAT_H 1
| #define HAVE_STDLIB_H 1
| #define HAVE_STRING_H 1
| #define HAVE_MEMORY_H 1
| #define HAVE_STRINGS_H 1
| #define HAVE_INTTYPES_H 1
| #define HAVE_STDINT_H 1
| #define HAVE_UNISTD_H 1
| #define HAVE_CRYPT 1
| #define DISABLE_ZLIB 1
| #define DISABLE_PAM 1
| #define HAVE_OPENPTY /**/
| #define HAVE_SHADOW_H 1
| #define DROPBEAR_PLUGIN 0
| #define DROPBEAR_FUZZ 0
| #define STDC_HEADERS 1
| #define HAVE_SYS_WAIT_H 1
| #define HAVE_NETINET_IN_H 1
| #define HAVE_NETINET_TCP_H 1
| #define HAVE_CRYPT_H 1
| #define HAVE_PTY_H 1
| #define HAVE_LIBGEN_H 1
| #define HAVE_INTTYPES_H 1
| #define HAVE_STROPTS_H 1
| #define HAVE_UTMP_H 1
| #define HAVE_UTMPX_H 1
| #define HAVE_LASTLOG_H 1
| #define HAVE_PATHS_H 1
| /* end confdefs.h.  */
| #include <stdio.h>
| #ifdef HAVE_SYS_TYPES_H
| # include <sys/types.h>
| #endif
| #ifdef HAVE_SYS_STAT_H
| # include <sys/stat.h>
| #endif
| #ifdef STDC_HEADERS
| # include <stdlib.h>
| # include <stddef.h>
| #else
| # ifdef HAVE_STDLIB_H
| #  include <stdlib.h>
| # endif
| #endif
| #ifdef HAVE_STRING_H
| # if !defined STDC_HEADERS && defined HAVE_MEMORY_H
| #  include <memory.h>
| # endif
| # include <string.h>
| #endif
| #ifdef HAVE_STRINGS_H
| # include <strings.h>
| #endif
| #ifdef HAVE_INTTYPES_H
| # include <inttypes.h>
| #endif
| #ifdef HAVE_STDINT_H
| # include <stdint.h>
| #endif
| #ifdef HAVE_UNISTD_H
| # include <unistd.h>
| #endif
| #include <util.h>
configure:5691: result: no
configure:5691: checking util.h presence
configure:5691: /opt/toolchains//crosstools-arm-gcc-5.5-linux-4.1-glibc-2.26-binutils-2.28.1/usr/bin/arm-buildroot-linux-gnueabi-cpp  conftest.c
conftest.c:40:18: fatal error: util.h: No such file or directory
compilation terminated.
configure:5691: $? = 1
configure: failed program was:
| /* confdefs.h */
| #define PACKAGE_NAME ""
| #define PACKAGE_TARNAME ""
| #define PACKAGE_VERSION ""
| #define PACKAGE_STRING ""
| #define PACKAGE_BUGREPORT ""
| #define PACKAGE_URL ""
| #define _FILE_OFFSET_BITS 64
| #define STDC_HEADERS 1
| #define HAVE_SYS_TYPES_H 1
| #define HAVE_SYS_STAT_H 1
| #define HAVE_STDLIB_H 1
| #define HAVE_STRING_H 1
| #define HAVE_MEMORY_H 1
| #define HAVE_STRINGS_H 1
| #define HAVE_INTTYPES_H 1
| #define HAVE_STDINT_H 1
| #define HAVE_UNISTD_H 1
| #define HAVE_CRYPT 1
| #define DISABLE_ZLIB 1
| #define DISABLE_PAM 1
| #define HAVE_OPENPTY /**/
| #define HAVE_SHADOW_H 1
| #define DROPBEAR_PLUGIN 0
| #define DROPBEAR_FUZZ 0
| #define STDC_HEADERS 1
| #define HAVE_SYS_WAIT_H 1
| #define HAVE_NETINET_IN_H 1
| #define HAVE_NETINET_TCP_H 1
| #define HAVE_CRYPT_H 1
| #define HAVE_PTY_H 1
| #define HAVE_LIBGEN_H 1
| #define HAVE_INTTYPES_H 1
| #define HAVE_STROPTS_H 1
| #define HAVE_UTMP_H 1
| #define HAVE_UTMPX_H 1
| #define HAVE_LASTLOG_H 1
| #define HAVE_PATHS_H 1
| /* end confdefs.h.  */
| #include <util.h>
configure:5691: result: no
configure:5691: checking for util.h
configure:5691: result: no
configure:5691: checking netdb.h usability
configure:5691: /opt/toolchains//crosstools-arm-gcc-5.5-linux-4.1-glibc-2.26-binutils-2.28.1/usr/bin/arm-buildroot-linux-gnueabi-gcc -c -Os -W -Wall -Wno-pointer-sign -fno-strict-overflow -fPIE -fstack-protector-strong -D_FORTIFY_SOURCE=2  conftest.c >&5
configure:5691: $? = 0
configure:5691: result: yes
configure:5691: checking netdb.h presence
configure:5691: /opt/toolchains//crosstools-arm-gcc-5.5-linux-4.1-glibc-2.26-binutils-2.28.1/usr/bin/arm-buildroot-linux-gnueabi-cpp  conftest.c
configure:5691: $? = 0
configure:5691: result: yes
configure:5691: checking for netdb.h
configure:5691: result: yes
configure:5691: checking security/pam_appl.h usability
configure:5691: /opt/toolchains//crosstools-arm-gcc-5.5-linux-4.1-glibc-2.26-binutils-2.28.1/usr/bin/arm-buildroot-linux-gnueabi-gcc -c -Os -W -Wall -Wno-pointer-sign -fno-strict-overflow -fPIE -fstack-protector-strong -D_FORTIFY_SOURCE=2  conftest.c >&5
conftest.c:74:31: fatal error: security/pam_appl.h: No such file or directory
compilation terminated.
configure:5691: $? = 1
configure: failed program was:
| /* confdefs.h */
| #define PACKAGE_NAME ""
| #define PACKAGE_TARNAME ""
| #define PACKAGE_VERSION ""
| #define PACKAGE_STRING ""
| #define PACKAGE_BUGREPORT ""
| #define PACKAGE_URL ""
| #define _FILE_OFFSET_BITS 64
| #define STDC_HEADERS 1
| #define HAVE_SYS_TYPES_H 1
| #define HAVE_SYS_STAT_H 1
| #define HAVE_STDLIB_H 1
| #define HAVE_STRING_H 1
| #define HAVE_MEMORY_H 1
| #define HAVE_STRINGS_H 1
| #define HAVE_INTTYPES_H 1
| #define HAVE_STDINT_H 1
| #define HAVE_UNISTD_H 1
| #define HAVE_CRYPT 1
| #define DISABLE_ZLIB 1
| #define DISABLE_PAM 1
| #define HAVE_OPENPTY /**/
| #define HAVE_SHADOW_H 1
| #define DROPBEAR_PLUGIN 0
| #define DROPBEAR_FUZZ 0
| #define STDC_HEADERS 1
| #define HAVE_SYS_WAIT_H 1
| #define HAVE_NETINET_IN_H 1
| #define HAVE_NETINET_TCP_H 1
| #define HAVE_CRYPT_H 1
| #define HAVE_PTY_H 1
| #define HAVE_LIBGEN_H 1
| #define HAVE_INTTYPES_H 1
| #define HAVE_STROPTS_H 1
| #define HAVE_UTMP_H 1
| #define HAVE_UTMPX_H 1
| #define HAVE_LASTLOG_H 1
| #define HAVE_PATHS_H 1
| #define HAVE_NETDB_H 1
| /* end confdefs.h.  */
| #include <stdio.h>
| #ifdef HAVE_SYS_TYPES_H
| # include <sys/types.h>
| #endif
| #ifdef HAVE_SYS_STAT_H
| # include <sys/stat.h>
| #endif
| #ifdef STDC_HEADERS
| # include <stdlib.h>
| # include <stddef.h>
| #else
| # ifdef HAVE_STDLIB_H
| #  include <stdlib.h>
| # endif
| #endif
| #ifdef HAVE_STRING_H
| # if !defined STDC_HEADERS && defined HAVE_MEMORY_H
| #  include <memory.h>
| # endif
| # include <string.h>
| #endif
| #ifdef HAVE_STRINGS_H
| # include <strings.h>
| #endif
| #ifdef HAVE_INTTYPES_H
| # include <inttypes.h>
| #endif
| #ifdef HAVE_STDINT_H
| # include <stdint.h>
| #endif
| #ifdef HAVE_UNISTD_H
| # include <unistd.h>
| #endif
| #include <security/pam_appl.h>
configure:5691: result: no
configure:5691: checking security/pam_appl.h presence
configure:5691: /opt/toolchains//crosstools-arm-gcc-5.5-linux-4.1-glibc-2.26-binutils-2.28.1/usr/bin/arm-buildroot-linux-gnueabi-cpp  conftest.c
conftest.c:41:31: fatal error: security/pam_appl.h: No such file or directory
compilation terminated.
configure:5691: $? = 1
configure: failed program was:
| /* confdefs.h */
| #define PACKAGE_NAME ""
| #define PACKAGE_TARNAME ""
| #define PACKAGE_VERSION ""
| #define PACKAGE_STRING ""
| #define PACKAGE_BUGREPORT ""
| #define PACKAGE_URL ""
| #define _FILE_OFFSET_BITS 64
| #define STDC_HEADERS 1
| #define HAVE_SYS_TYPES_H 1
| #define HAVE_SYS_STAT_H 1
| #define HAVE_STDLIB_H 1
| #define HAVE_STRING_H 1
| #define HAVE_MEMORY_H 1
| #define HAVE_STRINGS_H 1
| #define HAVE_INTTYPES_H 1
| #define HAVE_STDINT_H 1
| #define HAVE_UNISTD_H 1
| #define HAVE_CRYPT 1
| #define DISABLE_ZLIB 1
| #define DISABLE_PAM 1
| #define HAVE_OPENPTY /**/
| #define HAVE_SHADOW_H 1
| #define DROPBEAR_PLUGIN 0
| #define DROPBEAR_FUZZ 0
| #define STDC_HEADERS 1
| #define HAVE_SYS_WAIT_H 1
| #define HAVE_NETINET_IN_H 1
| #define HAVE_NETINET_TCP_H 1
| #define HAVE_CRYPT_H 1
| #define HAVE_PTY_H 1
| #define HAVE_LIBGEN_H 1
| #define HAVE_INTTYPES_H 1
| #define HAVE_STROPTS_H 1
| #define HAVE_UTMP_H 1
| #define HAVE_UTMPX_H 1
| #define HAVE_LASTLOG_H 1
| #define HAVE_PATHS_H 1
| #define HAVE_NETDB_H 1
| /* end confdefs.h.  */
| #include <security/pam_appl.h>
configure:5691: result: no
configure:5691: checking for security/pam_appl.h
configure:5691: result: no
configure:5691: checking pam/pam_appl.h usability
configure:5691: /opt/toolchains//crosstools-arm-gcc-5.5-linux-4.1-glibc-2.26-binutils-2.28.1/usr/bin/arm-buildroot-linux-gnueabi-gcc -c -Os -W -Wall -Wno-pointer-sign -fno-strict-overflow -fPIE -fstack-protector-strong -D_FORTIFY_SOURCE=2  conftest.c >&5
conftest.c:74:26: fatal error: pam/pam_appl.h: No such file or directory
compilation terminated.
configure:5691: $? = 1
configure: failed program was:
| /* confdefs.h */
| #define PACKAGE_NAME ""
| #define PACKAGE_TARNAME ""
| #define PACKAGE_VERSION ""
| #define PACKAGE_STRING ""
| #define PACKAGE_BUGREPORT ""
| #define PACKAGE_URL ""
| #define _FILE_OFFSET_BITS 64
| #define STDC_HEADERS 1
| #define HAVE_SYS_TYPES_H 1
| #define HAVE_SYS_STAT_H 1
| #define HAVE_STDLIB_H 1
| #define HAVE_STRING_H 1
| #define HAVE_MEMORY_H 1
| #define HAVE_STRINGS_H 1
| #define HAVE_INTTYPES_H 1
| #define HAVE_STDINT_H 1
| #define HAVE_UNISTD_H 1
| #define HAVE_CRYPT 1
| #define DISABLE_ZLIB 1
| #define DISABLE_PAM 1
| #define HAVE_OPENPTY /**/
| #define HAVE_SHADOW_H 1
| #define DROPBEAR_PLUGIN 0
| #define DROPBEAR_FUZZ 0
| #define STDC_HEADERS 1
| #define HAVE_SYS_WAIT_H 1
| #define HAVE_NETINET_IN_H 1
| #define HAVE_NETINET_TCP_H 1
| #define HAVE_CRYPT_H 1
| #define HAVE_PTY_H 1
| #define HAVE_LIBGEN_H 1
| #define HAVE_INTTYPES_H 1
| #define HAVE_STROPTS_H 1
| #define HAVE_UTMP_H 1
| #define HAVE_UTMPX_H 1
| #define HAVE_LASTLOG_H 1
| #define HAVE_PATHS_H 1
| #define HAVE_NETDB_H 1
| /* end confdefs.h.  */
| #include <stdio.h>
| #ifdef HAVE_SYS_TYPES_H
| # include <sys/types.h>
| #endif
| #ifdef HAVE_SYS_STAT_H
| # include <sys/stat.h>
| #endif
| #ifdef STDC_HEADERS
| # include <stdlib.h>
| # include <stddef.h>
| #else
| # ifdef HAVE_STDLIB_H
| #  include <stdlib.h>
| # endif
| #endif
| #ifdef HAVE_STRING_H
| # if !defined STDC_HEADERS && defined HAVE_MEMORY_H
| #  include <memory.h>
| # endif
| # include <string.h>
| #endif
| #ifdef HAVE_STRINGS_H
| # include <strings.h>
| #endif
| #ifdef HAVE_INTTYPES_H
| # include <inttypes.h>
| #endif
| #ifdef HAVE_STDINT_H
| # include <stdint.h>
| #endif
| #ifdef HAVE_UNISTD_H
| # include <unistd.h>
| #endif
| #include <pam/pam_appl.h>
configure:5691: result: no
configure:5691: checking pam/pam_appl.h presence
configure:5691: /opt/toolchains//crosstools-arm-gcc-5.5-linux-4.1-glibc-2.26-binutils-2.28.1/usr/bin/arm-buildroot-linux-gnueabi-cpp  conftest.c
conftest.c:41:26: fatal error: pam/pam_appl.h: No such file or directory
compilation terminated.
configure:5691: $? = 1
configure: failed program was:
| /* confdefs.h */
| #define PACKAGE_NAME ""
| #define PACKAGE_TARNAME ""
| #define PACKAGE_VERSION ""
| #define PACKAGE_STRING ""
| #define PACKAGE_BUGREPORT ""
| #define PACKAGE_URL ""
| #define _FILE_OFFSET_BITS 64
| #define STDC_HEADERS 1
| #define HAVE_SYS_TYPES_H 1
| #define HAVE_SYS_STAT_H 1
| #define HAVE_STDLIB_H 1
| #define HAVE_STRING_H 1
| #define HAVE_MEMORY_H 1
| #define HAVE_STRINGS_H 1
| #define HAVE_INTTYPES_H 1
| #define HAVE_STDINT_H 1
| #define HAVE_UNISTD_H 1
| #define HAVE_CRYPT 1
| #define DISABLE_ZLIB 1
| #define DISABLE_PAM 1
| #define HAVE_OPENPTY /**/
| #define HAVE_SHADOW_H 1
| #define DROPBEAR_PLUGIN 0
| #define DROPBEAR_FUZZ 0
| #define STDC_HEADERS 1
| #define HAVE_SYS_WAIT_H 1
| #define HAVE_NETINET_IN_H 1
| #define HAVE_NETINET_TCP_H 1
| #define HAVE_CRYPT_H 1
| #define HAVE_PTY_H 1
| #define HAVE_LIBGEN_H 1
| #define HAVE_INTTYPES_H 1
| #define HAVE_STROPTS_H 1
| #define HAVE_UTMP_H 1
| #define HAVE_UTMPX_H 1
| #define HAVE_LASTLOG_H 1
| #define HAVE_PATHS_H 1
| #define HAVE_NETDB_H 1
| /* end confdefs.h.  */
| #include <pam/pam_appl.h>
configure:5691: result: no
configure:5691: checking for pam/pam_appl.h
configure:5691: result: no
configure:5691: checking netinet/in_systm.h usability
configure:5691: /opt/toolchains//crosstools-arm-gcc-5.5-linux-4.1-glibc-2.26-binutils-2.28.1/usr/bin/arm-buildroot-linux-gnueabi-gcc -c -Os -W -Wall -Wno-pointer-sign -fno-strict-overflow -fPIE -fstack-protector-strong -D_FORTIFY_SOURCE=2  conftest.c >&5
configure:5691: $? = 0
configure:5691: result: yes
configure:5691: checking netinet/in_systm.h presence
configure:5691: /opt/toolchains//crosstools-arm-gcc-5.5-linux-4.1-glibc-2.26-binutils-2.28.1/usr/bin/arm-buildroot-linux-gnueabi-cpp  conftest.c
configure:5691: $? = 0
configure:5691: result: yes
configure:5691: checking for netinet/in_systm.h
configure:5691: result: yes
configure:5691: checking sys/uio.h usability
configure:5691: /opt/toolchains//crosstools-arm-gcc-5.5-linux-4.1-glibc-2.26-binutils-2.28.1/usr/bin/arm-buildroot-linux-gnueabi-gcc -c -Os -W -Wall -Wno-pointer-sign -fno-strict-overflow -fPIE -fstack-protector-strong -D_FORTIFY_SOURCE=2  conftest.c >&5
configure:5691: $? = 0
configure:5691: result: yes
configure:5691: checking sys/uio.h presence
configure:5691: /opt/toolchains//crosstools-arm-gcc-5.5-linux-4.1-glibc-2.26-binutils-2.28.1/usr/bin/arm-buildroot-linux-gnueabi-cpp  conftest.c
configure:5691: $? = 0
configure:5691: result: yes
configure:5691: checking for sys/uio.h
configure:5691: result: yes
configure:5691: checking linux/pkt_sched.h usability
configure:5691: /opt/toolchains//crosstools-arm-gcc-5.5-linux-4.1-glibc-2.26-binutils-2.28.1/usr/bin/arm-buildroot-linux-gnueabi-gcc -c -Os -W -Wall -Wno-pointer-sign -fno-strict-overflow -fPIE -fstack-protector-strong -D_FORTIFY_SOURCE=2  conftest.c >&5
configure:5691: $? = 0
configure:5691: result: yes
configure:5691: checking linux/pkt_sched.h presence
configure:5691: /opt/toolchains//crosstools-arm-gcc-5.5-linux-4.1-glibc-2.26-binutils-2.28.1/usr/bin/arm-buildroot-linux-gnueabi-cpp  conftest.c
configure:5691: $? = 0
configure:5691: result: yes
configure:5691: checking for linux/pkt_sched.h
configure:5691: result: yes
configure:5691: checking sys/random.h usability
configure:5691: /opt/toolchains//crosstools-arm-gcc-5.5-linux-4.1-glibc-2.26-binutils-2.28.1/usr/bin/arm-buildroot-linux-gnueabi-gcc -c -Os -W -Wall -Wno-pointer-sign -fno-strict-overflow -fPIE -fstack-protector-strong -D_FORTIFY_SOURCE=2  conftest.c >&5
configure:5691: $? = 0
configure:5691: result: yes
configure:5691: checking sys/random.h presence
configure:5691: /opt/toolchains//crosstools-arm-gcc-5.5-linux-4.1-glibc-2.26-binutils-2.28.1/usr/bin/arm-buildroot-linux-gnueabi-cpp  conftest.c
configure:5691: $? = 0
configure:5691: result: yes
configure:5691: checking for sys/random.h
configure:5691: result: yes
configure:5703: checking for an ANSI C-conforming const
configure:5769: /opt/toolchains//crosstools-arm-gcc-5.5-linux-4.1-glibc-2.26-binutils-2.28.1/usr/bin/arm-buildroot-linux-gnueabi-gcc -c -Os -W -Wall -Wno-pointer-sign -fno-strict-overflow -fPIE -fstack-protector-strong -D_FORTIFY_SOURCE=2  conftest.c >&5
configure:5769: $? = 0
configure:5776: result: yes
configure:5784: checking for uid_t in sys/types.h
configure:5803: result: yes
configure:5814: checking for mode_t
configure:5814: /opt/toolchains//crosstools-arm-gcc-5.5-linux-4.1-glibc-2.26-binutils-2.28.1/usr/bin/arm-buildroot-linux-gnueabi-gcc -c -Os -W -Wall -Wno-pointer-sign -fno-strict-overflow -fPIE -fstack-protector-strong -D_FORTIFY_SOURCE=2  conftest.c >&5
configure:5814: $? = 0
configure:5814: /opt/toolchains//crosstools-arm-gcc-5.5-linux-4.1-glibc-2.26-binutils-2.28.1/usr/bin/arm-buildroot-linux-gnueabi-gcc -c -Os -W -Wall -Wno-pointer-sign -fno-strict-overflow -fPIE -fstack-protector-strong -D_FORTIFY_SOURCE=2  conftest.c >&5
conftest.c: In function 'main':
conftest.c:81:21: error: expected expression before ')' token
 if (sizeof ((mode_t)))
                     ^
configure:5814: $? = 1
configure: failed program was:
| /* confdefs.h */
| #define PACKAGE_NAME ""
| #define PACKAGE_TARNAME ""
| #define PACKAGE_VERSION ""
| #define PACKAGE_STRING ""
| #define PACKAGE_BUGREPORT ""
| #define PACKAGE_URL ""
| #define _FILE_OFFSET_BITS 64
| #define STDC_HEADERS 1
| #define HAVE_SYS_TYPES_H 1
| #define HAVE_SYS_STAT_H 1
| #define HAVE_STDLIB_H 1
| #define HAVE_STRING_H 1
| #define HAVE_MEMORY_H 1
| #define HAVE_STRINGS_H 1
| #define HAVE_INTTYPES_H 1
| #define HAVE_STDINT_H 1
| #define HAVE_UNISTD_H 1
| #define HAVE_CRYPT 1
| #define DISABLE_ZLIB 1
| #define DISABLE_PAM 1
| #define HAVE_OPENPTY /**/
| #define HAVE_SHADOW_H 1
| #define DROPBEAR_PLUGIN 0
| #define DROPBEAR_FUZZ 0
| #define STDC_HEADERS 1
| #define HAVE_SYS_WAIT_H 1
| #define HAVE_NETINET_IN_H 1
| #define HAVE_NETINET_TCP_H 1
| #define HAVE_CRYPT_H 1
| #define HAVE_PTY_H 1
| #define HAVE_LIBGEN_H 1
| #define HAVE_INTTYPES_H 1
| #define HAVE_STROPTS_H 1
| #define HAVE_UTMP_H 1
| #define HAVE_UTMPX_H 1
| #define HAVE_LASTLOG_H 1
| #define HAVE_PATHS_H 1
| #define HAVE_NETDB_H 1
| #define HAVE_NETINET_IN_SYSTM_H 1
| #define HAVE_SYS_UIO_H 1
| #define HAVE_LINUX_PKT_SCHED_H 1
| #define HAVE_SYS_RANDOM_H 1
| /* end confdefs.h.  */
| #include <stdio.h>
| #ifdef HAVE_SYS_TYPES_H
| # include <sys/types.h>
| #endif
| #ifdef HAVE_SYS_STAT_H
| # include <sys/stat.h>
| #endif
| #ifdef STDC_HEADERS
| # include <stdlib.h>
| # include <stddef.h>
| #else
| # ifdef HAVE_STDLIB_H
| #  include <stdlib.h>
| # endif
| #endif
| #ifdef HAVE_STRING_H
| # if !defined STDC_HEADERS && defined HAVE_MEMORY_H
| #  include <memory.h>
| # endif
| # include <string.h>
| #endif
| #ifdef HAVE_STRINGS_H
| # include <strings.h>
| #endif
| #ifdef HAVE_INTTYPES_H
| # include <inttypes.h>
| #endif
| #ifdef HAVE_STDINT_H
| # include <stdint.h>
| #endif
| #ifdef HAVE_UNISTD_H
| # include <unistd.h>
| #endif
| int
| main ()
| {
| if (sizeof ((mode_t)))
| 	    return 0;
|   ;
|   return 0;
| }
configure:5814: result: yes
configure:5825: checking for pid_t
configure:5825: /opt/toolchains//crosstools-arm-gcc-5.5-linux-4.1-glibc-2.26-binutils-2.28.1/usr/bin/arm-buildroot-linux-gnueabi-gcc -c -Os -W -Wall -Wno-pointer-sign -fno-strict-overflow -fPIE -fstack-protector-strong -D_FORTIFY_SOURCE=2  conftest.c >&5
configure:5825: $? = 0
configure:5825: /opt/toolchains//crosstools-arm-gcc-5.5-linux-4.1-glibc-2.26-binutils-2.28.1/usr/bin/arm-buildroot-linux-gnueabi-gcc -c -Os -W -Wall -Wno-pointer-sign -fno-strict-overflow -fPIE -fstack-protector-strong -D_FORTIFY_SOURCE=2  conftest.c >&5
conftest.c: In function 'main':
conftest.c:81:20: error: expected expression before ')' token
 if (sizeof ((pid_t)))
                    ^
configure:5825: $? = 1
configure: failed program was:
| /* confdefs.h */
| #define PACKAGE_NAME ""
| #define PACKAGE_TARNAME ""
| #define PACKAGE_VERSION ""
| #define PACKAGE_STRING ""
| #define PACKAGE_BUGREPORT ""
| #define PACKAGE_URL ""
| #define _FILE_OFFSET_BITS 64
| #define STDC_HEADERS 1
| #define HAVE_SYS_TYPES_H 1
| #define HAVE_SYS_STAT_H 1
| #define HAVE_STDLIB_H 1
| #define HAVE_STRING_H 1
| #define HAVE_MEMORY_H 1
| #define HAVE_STRINGS_H 1
| #define HAVE_INTTYPES_H 1
| #define HAVE_STDINT_H 1
| #define HAVE_UNISTD_H 1
| #define HAVE_CRYPT 1
| #define DISABLE_ZLIB 1
| #define DISABLE_PAM 1
| #define HAVE_OPENPTY /**/
| #define HAVE_SHADOW_H 1
| #define DROPBEAR_PLUGIN 0
| #define DROPBEAR_FUZZ 0
| #define STDC_HEADERS 1
| #define HAVE_SYS_WAIT_H 1
| #define HAVE_NETINET_IN_H 1
| #define HAVE_NETINET_TCP_H 1
| #define HAVE_CRYPT_H 1
| #define HAVE_PTY_H 1
| #define HAVE_LIBGEN_H 1
| #define HAVE_INTTYPES_H 1
| #define HAVE_STROPTS_H 1
| #define HAVE_UTMP_H 1
| #define HAVE_UTMPX_H 1
| #define HAVE_LASTLOG_H 1
| #define HAVE_PATHS_H 1
| #define HAVE_NETDB_H 1
| #define HAVE_NETINET_IN_SYSTM_H 1
| #define HAVE_SYS_UIO_H 1
| #define HAVE_LINUX_PKT_SCHED_H 1
| #define HAVE_SYS_RANDOM_H 1
| /* end confdefs.h.  */
| #include <stdio.h>
| #ifdef HAVE_SYS_TYPES_H
| # include <sys/types.h>
| #endif
| #ifdef HAVE_SYS_STAT_H
| # include <sys/stat.h>
| #endif
| #ifdef STDC_HEADERS
| # include <stdlib.h>
| # include <stddef.h>
| #else
| # ifdef HAVE_STDLIB_H
| #  include <stdlib.h>
| # endif
| #endif
| #ifdef HAVE_STRING_H
| # if !defined STDC_HEADERS && defined HAVE_MEMORY_H
| #  include <memory.h>
| # endif
| # include <string.h>
| #endif
| #ifdef HAVE_STRINGS_H
| # include <strings.h>
| #endif
| #ifdef HAVE_INTTYPES_H
| # include <inttypes.h>
| #endif
| #ifdef HAVE_STDINT_H
| # include <stdint.h>
| #endif
| #ifdef HAVE_UNISTD_H
| # include <unistd.h>
| #endif
| int
| main ()
| {
| if (sizeof ((pid_t)))
| 	    return 0;
|   ;
|   return 0;
| }
configure:5825: result: yes
configure:5836: checking for size_t
configure:5836: /opt/toolchains//crosstools-arm-gcc-5.5-linux-4.1-glibc-2.26-binutils-2.28.1/usr/bin/arm-buildroot-linux-gnueabi-gcc -c -Os -W -Wall -Wno-pointer-sign -fno-strict-overflow -fPIE -fstack-protector-strong -D_FORTIFY_SOURCE=2  conftest.c >&5
configure:5836: $? = 0
configure:5836: /opt/toolchains//crosstools-arm-gcc-5.5-linux-4.1-glibc-2.26-binutils-2.28.1/usr/bin/arm-buildroot-linux-gnueabi-gcc -c -Os -W -Wall -Wno-pointer-sign -fno-strict-overflow -fPIE -fstack-protector-strong -D_FORTIFY_SOURCE=2  conftest.c >&5
conftest.c: In function 'main':
conftest.c:81:21: error: expected expression before ')' token
 if (sizeof ((size_t)))
                     ^
configure:5836: $? = 1
configure: failed program was:
| /* confdefs.h */
| #define PACKAGE_NAME ""
| #define PACKAGE_TARNAME ""
| #define PACKAGE_VERSION ""
| #define PACKAGE_STRING ""
| #define PACKAGE_BUGREPORT ""
| #define PACKAGE_URL ""
| #define _FILE_OFFSET_BITS 64
| #define STDC_HEADERS 1
| #define HAVE_SYS_TYPES_H 1
| #define HAVE_SYS_STAT_H 1
| #define HAVE_STDLIB_H 1
| #define HAVE_STRING_H 1
| #define HAVE_MEMORY_H 1
| #define HAVE_STRINGS_H 1
| #define HAVE_INTTYPES_H 1
| #define HAVE_STDINT_H 1
| #define HAVE_UNISTD_H 1
| #define HAVE_CRYPT 1
| #define DISABLE_ZLIB 1
| #define DISABLE_PAM 1
| #define HAVE_OPENPTY /**/
| #define HAVE_SHADOW_H 1
| #define DROPBEAR_PLUGIN 0
| #define DROPBEAR_FUZZ 0
| #define STDC_HEADERS 1
| #define HAVE_SYS_WAIT_H 1
| #define HAVE_NETINET_IN_H 1
| #define HAVE_NETINET_TCP_H 1
| #define HAVE_CRYPT_H 1
| #define HAVE_PTY_H 1
| #define HAVE_LIBGEN_H 1
| #define HAVE_INTTYPES_H 1
| #define HAVE_STROPTS_H 1
| #define HAVE_UTMP_H 1
| #define HAVE_UTMPX_H 1
| #define HAVE_LASTLOG_H 1
| #define HAVE_PATHS_H 1
| #define HAVE_NETDB_H 1
| #define HAVE_NETINET_IN_SYSTM_H 1
| #define HAVE_SYS_UIO_H 1
| #define HAVE_LINUX_PKT_SCHED_H 1
| #define HAVE_SYS_RANDOM_H 1
| /* end confdefs.h.  */
| #include <stdio.h>
| #ifdef HAVE_SYS_TYPES_H
| # include <sys/types.h>
| #endif
| #ifdef HAVE_SYS_STAT_H
| # include <sys/stat.h>
| #endif
| #ifdef STDC_HEADERS
| # include <stdlib.h>
| # include <stddef.h>
| #else
| # ifdef HAVE_STDLIB_H
| #  include <stdlib.h>
| # endif
| #endif
| #ifdef HAVE_STRING_H
| # if !defined STDC_HEADERS && defined HAVE_MEMORY_H
| #  include <memory.h>
| # endif
| # include <string.h>
| #endif
| #ifdef HAVE_STRINGS_H
| # include <strings.h>
| #endif
| #ifdef HAVE_INTTYPES_H
| # include <inttypes.h>
| #endif
| #ifdef HAVE_STDINT_H
| # include <stdint.h>
| #endif
| #ifdef HAVE_UNISTD_H
| # include <unistd.h>
| #endif
| int
| main ()
| {
| if (sizeof ((size_t)))
| 	    return 0;
|   ;
|   return 0;
| }
configure:5836: result: yes
configure:5847: checking whether time.h and sys/time.h may both be included
configure:5867: /opt/toolchains//crosstools-arm-gcc-5.5-linux-4.1-glibc-2.26-binutils-2.28.1/usr/bin/arm-buildroot-linux-gnueabi-gcc -c -Os -W -Wall -Wno-pointer-sign -fno-strict-overflow -fPIE -fstack-protector-strong -D_FORTIFY_SOURCE=2  conftest.c >&5
configure:5867: $? = 0
configure:5874: result: yes
configure:5883: checking for uint8_t
configure:5883: /opt/toolchains//crosstools-arm-gcc-5.5-linux-4.1-glibc-2.26-binutils-2.28.1/usr/bin/arm-buildroot-linux-gnueabi-gcc -c -Os -W -Wall -Wno-pointer-sign -fno-strict-overflow -fPIE -fstack-protector-strong -D_FORTIFY_SOURCE=2  conftest.c >&5
configure:5883: $? = 0
configure:5883: /opt/toolchains//crosstools-arm-gcc-5.5-linux-4.1-glibc-2.26-binutils-2.28.1/usr/bin/arm-buildroot-linux-gnueabi-gcc -c -Os -W -Wall -Wno-pointer-sign -fno-strict-overflow -fPIE -fstack-protector-strong -D_FORTIFY_SOURCE=2  conftest.c >&5
conftest.c: In function 'main':
conftest.c:82:22: error: expected expression before ')' token
 if (sizeof ((uint8_t)))
                      ^
configure:5883: $? = 1
configure: failed program was:
| /* confdefs.h */
| #define PACKAGE_NAME ""
| #define PACKAGE_TARNAME ""
| #define PACKAGE_VERSION ""
| #define PACKAGE_STRING ""
| #define PACKAGE_BUGREPORT ""
| #define PACKAGE_URL ""
| #define _FILE_OFFSET_BITS 64
| #define STDC_HEADERS 1
| #define HAVE_SYS_TYPES_H 1
| #define HAVE_SYS_STAT_H 1
| #define HAVE_STDLIB_H 1
| #define HAVE_STRING_H 1
| #define HAVE_MEMORY_H 1
| #define HAVE_STRINGS_H 1
| #define HAVE_INTTYPES_H 1
| #define HAVE_STDINT_H 1
| #define HAVE_UNISTD_H 1
| #define HAVE_CRYPT 1
| #define DISABLE_ZLIB 1
| #define DISABLE_PAM 1
| #define HAVE_OPENPTY /**/
| #define HAVE_SHADOW_H 1
| #define DROPBEAR_PLUGIN 0
| #define DROPBEAR_FUZZ 0
| #define STDC_HEADERS 1
| #define HAVE_SYS_WAIT_H 1
| #define HAVE_NETINET_IN_H 1
| #define HAVE_NETINET_TCP_H 1
| #define HAVE_CRYPT_H 1
| #define HAVE_PTY_H 1
| #define HAVE_LIBGEN_H 1
| #define HAVE_INTTYPES_H 1
| #define HAVE_STROPTS_H 1
| #define HAVE_UTMP_H 1
| #define HAVE_UTMPX_H 1
| #define HAVE_LASTLOG_H 1
| #define HAVE_PATHS_H 1
| #define HAVE_NETDB_H 1
| #define HAVE_NETINET_IN_SYSTM_H 1
| #define HAVE_SYS_UIO_H 1
| #define HAVE_LINUX_PKT_SCHED_H 1
| #define HAVE_SYS_RANDOM_H 1
| #define TIME_WITH_SYS_TIME 1
| /* end confdefs.h.  */
| #include <stdio.h>
| #ifdef HAVE_SYS_TYPES_H
| # include <sys/types.h>
| #endif
| #ifdef HAVE_SYS_STAT_H
| # include <sys/stat.h>
| #endif
| #ifdef STDC_HEADERS
| # include <stdlib.h>
| # include <stddef.h>
| #else
| # ifdef HAVE_STDLIB_H
| #  include <stdlib.h>
| # endif
| #endif
| #ifdef HAVE_STRING_H
| # if !defined STDC_HEADERS && defined HAVE_MEMORY_H
| #  include <memory.h>
| # endif
| # include <string.h>
| #endif
| #ifdef HAVE_STRINGS_H
| # include <strings.h>
| #endif
| #ifdef HAVE_INTTYPES_H
| # include <inttypes.h>
| #endif
| #ifdef HAVE_STDINT_H
| # include <stdint.h>
| #endif
| #ifdef HAVE_UNISTD_H
| # include <unistd.h>
| #endif
| int
| main ()
| {
| if (sizeof ((uint8_t)))
| 	    return 0;
|   ;
|   return 0;
| }
configure:5883: result: yes
configure:5892: checking for u_int8_t
configure:5892: /opt/toolchains//crosstools-arm-gcc-5.5-linux-4.1-glibc-2.26-binutils-2.28.1/usr/bin/arm-buildroot-linux-gnueabi-gcc -c -Os -W -Wall -Wno-pointer-sign -fno-strict-overflow -fPIE -fstack-protector-strong -D_FORTIFY_SOURCE=2  conftest.c >&5
configure:5892: $? = 0
configure:5892: /opt/toolchains//crosstools-arm-gcc-5.5-linux-4.1-glibc-2.26-binutils-2.28.1/usr/bin/arm-buildroot-linux-gnueabi-gcc -c -Os -W -Wall -Wno-pointer-sign -fno-strict-overflow -fPIE -fstack-protector-strong -D_FORTIFY_SOURCE=2  conftest.c >&5
conftest.c: In function 'main':
conftest.c:83:23: error: expected expression before ')' token
 if (sizeof ((u_int8_t)))
                       ^
configure:5892: $? = 1
configure: failed program was:
| /* confdefs.h */
| #define PACKAGE_NAME ""
| #define PACKAGE_TARNAME ""
| #define PACKAGE_VERSION ""
| #define PACKAGE_STRING ""
| #define PACKAGE_BUGREPORT ""
| #define PACKAGE_URL ""
| #define _FILE_OFFSET_BITS 64
| #define STDC_HEADERS 1
| #define HAVE_SYS_TYPES_H 1
| #define HAVE_SYS_STAT_H 1
| #define HAVE_STDLIB_H 1
| #define HAVE_STRING_H 1
| #define HAVE_MEMORY_H 1
| #define HAVE_STRINGS_H 1
| #define HAVE_INTTYPES_H 1
| #define HAVE_STDINT_H 1
| #define HAVE_UNISTD_H 1
| #define HAVE_CRYPT 1
| #define DISABLE_ZLIB 1
| #define DISABLE_PAM 1
| #define HAVE_OPENPTY /**/
| #define HAVE_SHADOW_H 1
| #define DROPBEAR_PLUGIN 0
| #define DROPBEAR_FUZZ 0
| #define STDC_HEADERS 1
| #define HAVE_SYS_WAIT_H 1
| #define HAVE_NETINET_IN_H 1
| #define HAVE_NETINET_TCP_H 1
| #define HAVE_CRYPT_H 1
| #define HAVE_PTY_H 1
| #define HAVE_LIBGEN_H 1
| #define HAVE_INTTYPES_H 1
| #define HAVE_STROPTS_H 1
| #define HAVE_UTMP_H 1
| #define HAVE_UTMPX_H 1
| #define HAVE_LASTLOG_H 1
| #define HAVE_PATHS_H 1
| #define HAVE_NETDB_H 1
| #define HAVE_NETINET_IN_SYSTM_H 1
| #define HAVE_SYS_UIO_H 1
| #define HAVE_LINUX_PKT_SCHED_H 1
| #define HAVE_SYS_RANDOM_H 1
| #define TIME_WITH_SYS_TIME 1
| #define HAVE_UINT8_T 1
| /* end confdefs.h.  */
| #include <stdio.h>
| #ifdef HAVE_SYS_TYPES_H
| # include <sys/types.h>
| #endif
| #ifdef HAVE_SYS_STAT_H
| # include <sys/stat.h>
| #endif
| #ifdef STDC_HEADERS
| # include <stdlib.h>
| # include <stddef.h>
| #else
| # ifdef HAVE_STDLIB_H
| #  include <stdlib.h>
| # endif
| #endif
| #ifdef HAVE_STRING_H
| # if !defined STDC_HEADERS && defined HAVE_MEMORY_H
| #  include <memory.h>
| # endif
| # include <string.h>
| #endif
| #ifdef HAVE_STRINGS_H
| # include <strings.h>
| #endif
| #ifdef HAVE_INTTYPES_H
| # include <inttypes.h>
| #endif
| #ifdef HAVE_STDINT_H
| # include <stdint.h>
| #endif
| #ifdef HAVE_UNISTD_H
| # include <unistd.h>
| #endif
| int
| main ()
| {
| if (sizeof ((u_int8_t)))
| 	    return 0;
|   ;
|   return 0;
| }
configure:5892: result: yes
configure:5901: checking for uint16_t
configure:5901: /opt/toolchains//crosstools-arm-gcc-5.5-linux-4.1-glibc-2.26-binutils-2.28.1/usr/bin/arm-buildroot-linux-gnueabi-gcc -c -Os -W -Wall -Wno-pointer-sign -fno-strict-overflow -fPIE -fstack-protector-strong -D_FORTIFY_SOURCE=2  conftest.c >&5
configure:5901: $? = 0
configure:5901: /opt/toolchains//crosstools-arm-gcc-5.5-linux-4.1-glibc-2.26-binutils-2.28.1/usr/bin/arm-buildroot-linux-gnueabi-gcc -c -Os -W -Wall -Wno-pointer-sign -fno-strict-overflow -fPIE -fstack-protector-strong -D_FORTIFY_SOURCE=2  conftest.c >&5
conftest.c: In function 'main':
conftest.c:84:23: error: expected expression before ')' token
 if (sizeof ((uint16_t)))
                       ^
configure:5901: $? = 1
configure: failed program was:
| /* confdefs.h */
| #define PACKAGE_NAME ""
| #define PACKAGE_TARNAME ""
| #define PACKAGE_VERSION ""
| #define PACKAGE_STRING ""
| #define PACKAGE_BUGREPORT ""
| #define PACKAGE_URL ""
| #define _FILE_OFFSET_BITS 64
| #define STDC_HEADERS 1
| #define HAVE_SYS_TYPES_H 1
| #define HAVE_SYS_STAT_H 1
| #define HAVE_STDLIB_H 1
| #define HAVE_STRING_H 1
| #define HAVE_MEMORY_H 1
| #define HAVE_STRINGS_H 1
| #define HAVE_INTTYPES_H 1
| #define HAVE_STDINT_H 1
| #define HAVE_UNISTD_H 1
| #define HAVE_CRYPT 1
| #define DISABLE_ZLIB 1
| #define DISABLE_PAM 1
| #define HAVE_OPENPTY /**/
| #define HAVE_SHADOW_H 1
| #define DROPBEAR_PLUGIN 0
| #define DROPBEAR_FUZZ 0
| #define STDC_HEADERS 1
| #define HAVE_SYS_WAIT_H 1
| #define HAVE_NETINET_IN_H 1
| #define HAVE_NETINET_TCP_H 1
| #define HAVE_CRYPT_H 1
| #define HAVE_PTY_H 1
| #define HAVE_LIBGEN_H 1
| #define HAVE_INTTYPES_H 1
| #define HAVE_STROPTS_H 1
| #define HAVE_UTMP_H 1
| #define HAVE_UTMPX_H 1
| #define HAVE_LASTLOG_H 1
| #define HAVE_PATHS_H 1
| #define HAVE_NETDB_H 1
| #define HAVE_NETINET_IN_SYSTM_H 1
| #define HAVE_SYS_UIO_H 1
| #define HAVE_LINUX_PKT_SCHED_H 1
| #define HAVE_SYS_RANDOM_H 1
| #define TIME_WITH_SYS_TIME 1
| #define HAVE_UINT8_T 1
| #define HAVE_U_INT8_T 1
| /* end confdefs.h.  */
| #include <stdio.h>
| #ifdef HAVE_SYS_TYPES_H
| # include <sys/types.h>
| #endif
| #ifdef HAVE_SYS_STAT_H
| # include <sys/stat.h>
| #endif
| #ifdef STDC_HEADERS
| # include <stdlib.h>
| # include <stddef.h>
| #else
| # ifdef HAVE_STDLIB_H
| #  include <stdlib.h>
| # endif
| #endif
| #ifdef HAVE_STRING_H
| # if !defined STDC_HEADERS && defined HAVE_MEMORY_H
| #  include <memory.h>
| # endif
| # include <string.h>
| #endif
| #ifdef HAVE_STRINGS_H
| # include <strings.h>
| #endif
| #ifdef HAVE_INTTYPES_H
| # include <inttypes.h>
| #endif
| #ifdef HAVE_STDINT_H
| # include <stdint.h>
| #endif
| #ifdef HAVE_UNISTD_H
| # include <unistd.h>
| #endif
| int
| main ()
| {
| if (sizeof ((uint16_t)))
| 	    return 0;
|   ;
|   return 0;
| }
configure:5901: result: yes
configure:5910: checking for u_int16_t
configure:5910: /opt/toolchains//crosstools-arm-gcc-5.5-linux-4.1-glibc-2.26-binutils-2.28.1/usr/bin/arm-buildroot-linux-gnueabi-gcc -c -Os -W -Wall -Wno-pointer-sign -fno-strict-overflow -fPIE -fstack-protector-strong -D_FORTIFY_SOURCE=2  conftest.c >&5
configure:5910: $? = 0
configure:5910: /opt/toolchains//crosstools-arm-gcc-5.5-linux-4.1-glibc-2.26-binutils-2.28.1/usr/bin/arm-buildroot-linux-gnueabi-gcc -c -Os -W -Wall -Wno-pointer-sign -fno-strict-overflow -fPIE -fstack-protector-strong -D_FORTIFY_SOURCE=2  conftest.c >&5
conftest.c: In function 'main':
conftest.c:85:24: error: expected expression before ')' token
 if (sizeof ((u_int16_t)))
                        ^
configure:5910: $? = 1
configure: failed program was:
| /* confdefs.h */
| #define PACKAGE_NAME ""
| #define PACKAGE_TARNAME ""
| #define PACKAGE_VERSION ""
| #define PACKAGE_STRING ""
| #define PACKAGE_BUGREPORT ""
| #define PACKAGE_URL ""
| #define _FILE_OFFSET_BITS 64
| #define STDC_HEADERS 1
| #define HAVE_SYS_TYPES_H 1
| #define HAVE_SYS_STAT_H 1
| #define HAVE_STDLIB_H 1
| #define HAVE_STRING_H 1
| #define HAVE_MEMORY_H 1
| #define HAVE_STRINGS_H 1
| #define HAVE_INTTYPES_H 1
| #define HAVE_STDINT_H 1
| #define HAVE_UNISTD_H 1
| #define HAVE_CRYPT 1
| #define DISABLE_ZLIB 1
| #define DISABLE_PAM 1
| #define HAVE_OPENPTY /**/
| #define HAVE_SHADOW_H 1
| #define DROPBEAR_PLUGIN 0
| #define DROPBEAR_FUZZ 0
| #define STDC_HEADERS 1
| #define HAVE_SYS_WAIT_H 1
| #define HAVE_NETINET_IN_H 1
| #define HAVE_NETINET_TCP_H 1
| #define HAVE_CRYPT_H 1
| #define HAVE_PTY_H 1
| #define HAVE_LIBGEN_H 1
| #define HAVE_INTTYPES_H 1
| #define HAVE_STROPTS_H 1
| #define HAVE_UTMP_H 1
| #define HAVE_UTMPX_H 1
| #define HAVE_LASTLOG_H 1
| #define HAVE_PATHS_H 1
| #define HAVE_NETDB_H 1
| #define HAVE_NETINET_IN_SYSTM_H 1
| #define HAVE_SYS_UIO_H 1
| #define HAVE_LINUX_PKT_SCHED_H 1
| #define HAVE_SYS_RANDOM_H 1
| #define TIME_WITH_SYS_TIME 1
| #define HAVE_UINT8_T 1
| #define HAVE_U_INT8_T 1
| #define HAVE_UINT16_T 1
| /* end confdefs.h.  */
| #include <stdio.h>
| #ifdef HAVE_SYS_TYPES_H
| # include <sys/types.h>
| #endif
| #ifdef HAVE_SYS_STAT_H
| # include <sys/stat.h>
| #endif
| #ifdef STDC_HEADERS
| # include <stdlib.h>
| # include <stddef.h>
| #else
| # ifdef HAVE_STDLIB_H
| #  include <stdlib.h>
| # endif
| #endif
| #ifdef HAVE_STRING_H
| # if !defined STDC_HEADERS && defined HAVE_MEMORY_H
| #  include <memory.h>
| # endif
| # include <string.h>
| #endif
| #ifdef HAVE_STRINGS_H
| # include <strings.h>
| #endif
| #ifdef HAVE_INTTYPES_H
| # include <inttypes.h>
| #endif
| #ifdef HAVE_STDINT_H
| # include <stdint.h>
| #endif
| #ifdef HAVE_UNISTD_H
| # include <unistd.h>
| #endif
| int
| main ()
| {
| if (sizeof ((u_int16_t)))
| 	    return 0;
|   ;
|   return 0;
| }
configure:5910: result: yes
configure:5919: checking for uint32_t
configure:5919: /opt/toolchains//crosstools-arm-gcc-5.5-linux-4.1-glibc-2.26-binutils-2.28.1/usr/bin/arm-buildroot-linux-gnueabi-gcc -c -Os -W -Wall -Wno-pointer-sign -fno-strict-overflow -fPIE -fstack-protector-strong -D_FORTIFY_SOURCE=2  conftest.c >&5
configure:5919: $? = 0
configure:5919: /opt/toolchains//crosstools-arm-gcc-5.5-linux-4.1-glibc-2.26-binutils-2.28.1/usr/bin/arm-buildroot-linux-gnueabi-gcc -c -Os -W -Wall -Wno-pointer-sign -fno-strict-overflow -fPIE -fstack-protector-strong -D_FORTIFY_SOURCE=2  conftest.c >&5
conftest.c: In function 'main':
conftest.c:86:23: error: expected expression before ')' token
 if (sizeof ((uint32_t)))
                       ^
configure:5919: $? = 1
configure: failed program was:
| /* confdefs.h */
| #define PACKAGE_NAME ""
| #define PACKAGE_TARNAME ""
| #define PACKAGE_VERSION ""
| #define PACKAGE_STRING ""
| #define PACKAGE_BUGREPORT ""
| #define PACKAGE_URL ""
| #define _FILE_OFFSET_BITS 64
| #define STDC_HEADERS 1
| #define HAVE_SYS_TYPES_H 1
| #define HAVE_SYS_STAT_H 1
| #define HAVE_STDLIB_H 1
| #define HAVE_STRING_H 1
| #define HAVE_MEMORY_H 1
| #define HAVE_STRINGS_H 1
| #define HAVE_INTTYPES_H 1
| #define HAVE_STDINT_H 1
| #define HAVE_UNISTD_H 1
| #define HAVE_CRYPT 1
| #define DISABLE_ZLIB 1
| #define DISABLE_PAM 1
| #define HAVE_OPENPTY /**/
| #define HAVE_SHADOW_H 1
| #define DROPBEAR_PLUGIN 0
| #define DROPBEAR_FUZZ 0
| #define STDC_HEADERS 1
| #define HAVE_SYS_WAIT_H 1
| #define HAVE_NETINET_IN_H 1
| #define HAVE_NETINET_TCP_H 1
| #define HAVE_CRYPT_H 1
| #define HAVE_PTY_H 1
| #define HAVE_LIBGEN_H 1
| #define HAVE_INTTYPES_H 1
| #define HAVE_STROPTS_H 1
| #define HAVE_UTMP_H 1
| #define HAVE_UTMPX_H 1
| #define HAVE_LASTLOG_H 1
| #define HAVE_PATHS_H 1
| #define HAVE_NETDB_H 1
| #define HAVE_NETINET_IN_SYSTM_H 1
| #define HAVE_SYS_UIO_H 1
| #define HAVE_LINUX_PKT_SCHED_H 1
| #define HAVE_SYS_RANDOM_H 1
| #define TIME_WITH_SYS_TIME 1
| #define HAVE_UINT8_T 1
| #define HAVE_U_INT8_T 1
| #define HAVE_UINT16_T 1
| #define HAVE_U_INT16_T 1
| /* end confdefs.h.  */
| #include <stdio.h>
| #ifdef HAVE_SYS_TYPES_H
| # include <sys/types.h>
| #endif
| #ifdef HAVE_SYS_STAT_H
| # include <sys/stat.h>
| #endif
| #ifdef STDC_HEADERS
| # include <stdlib.h>
| # include <stddef.h>
| #else
| # ifdef HAVE_STDLIB_H
| #  include <stdlib.h>
| # endif
| #endif
| #ifdef HAVE_STRING_H
| # if !defined STDC_HEADERS && defined HAVE_MEMORY_H
| #  include <memory.h>
| # endif
| # include <string.h>
| #endif
| #ifdef HAVE_STRINGS_H
| # include <strings.h>
| #endif
| #ifdef HAVE_INTTYPES_H
| # include <inttypes.h>
| #endif
| #ifdef HAVE_STDINT_H
| # include <stdint.h>
| #endif
| #ifdef HAVE_UNISTD_H
| # include <unistd.h>
| #endif
| int
| main ()
| {
| if (sizeof ((uint32_t)))
| 	    return 0;
|   ;
|   return 0;
| }
configure:5919: result: yes
configure:5928: checking for u_int32_t
configure:5928: /opt/toolchains//crosstools-arm-gcc-5.5-linux-4.1-glibc-2.26-binutils-2.28.1/usr/bin/arm-buildroot-linux-gnueabi-gcc -c -Os -W -Wall -Wno-pointer-sign -fno-strict-overflow -fPIE -fstack-protector-strong -D_FORTIFY_SOURCE=2  conftest.c >&5
configure:5928: $? = 0
configure:5928: /opt/toolchains//crosstools-arm-gcc-5.5-linux-4.1-glibc-2.26-binutils-2.28.1/usr/bin/arm-buildroot-linux-gnueabi-gcc -c -Os -W -Wall -Wno-pointer-sign -fno-strict-overflow -fPIE -fstack-protector-strong -D_FORTIFY_SOURCE=2  conftest.c >&5
conftest.c: In function 'main':
conftest.c:87:24: error: expected expression before ')' token
 if (sizeof ((u_int32_t)))
                        ^
configure:5928: $? = 1
configure: failed program was:
| /* confdefs.h */
| #define PACKAGE_NAME ""
| #define PACKAGE_TARNAME ""
| #define PACKAGE_VERSION ""
| #define PACKAGE_STRING ""
| #define PACKAGE_BUGREPORT ""
| #define PACKAGE_URL ""
| #define _FILE_OFFSET_BITS 64
| #define STDC_HEADERS 1
| #define HAVE_SYS_TYPES_H 1
| #define HAVE_SYS_STAT_H 1
| #define HAVE_STDLIB_H 1
| #define HAVE_STRING_H 1
| #define HAVE_MEMORY_H 1
| #define HAVE_STRINGS_H 1
| #define HAVE_INTTYPES_H 1
| #define HAVE_STDINT_H 1
| #define HAVE_UNISTD_H 1
| #define HAVE_CRYPT 1
| #define DISABLE_ZLIB 1
| #define DISABLE_PAM 1
| #define HAVE_OPENPTY /**/
| #define HAVE_SHADOW_H 1
| #define DROPBEAR_PLUGIN 0
| #define DROPBEAR_FUZZ 0
| #define STDC_HEADERS 1
| #define HAVE_SYS_WAIT_H 1
| #define HAVE_NETINET_IN_H 1
| #define HAVE_NETINET_TCP_H 1
| #define HAVE_CRYPT_H 1
| #define HAVE_PTY_H 1
| #define HAVE_LIBGEN_H 1
| #define HAVE_INTTYPES_H 1
| #define HAVE_STROPTS_H 1
| #define HAVE_UTMP_H 1
| #define HAVE_UTMPX_H 1
| #define HAVE_LASTLOG_H 1
| #define HAVE_PATHS_H 1
| #define HAVE_NETDB_H 1
| #define HAVE_NETINET_IN_SYSTM_H 1
| #define HAVE_SYS_UIO_H 1
| #define HAVE_LINUX_PKT_SCHED_H 1
| #define HAVE_SYS_RANDOM_H 1
| #define TIME_WITH_SYS_TIME 1
| #define HAVE_UINT8_T 1
| #define HAVE_U_INT8_T 1
| #define HAVE_UINT16_T 1
| #define HAVE_U_INT16_T 1
| #define HAVE_UINT32_T 1
| /* end confdefs.h.  */
| #include <stdio.h>
| #ifdef HAVE_SYS_TYPES_H
| # include <sys/types.h>
| #endif
| #ifdef HAVE_SYS_STAT_H
| # include <sys/stat.h>
| #endif
| #ifdef STDC_HEADERS
| # include <stdlib.h>
| # include <stddef.h>
| #else
| # ifdef HAVE_STDLIB_H
| #  include <stdlib.h>
| # endif
| #endif
| #ifdef HAVE_STRING_H
| # if !defined STDC_HEADERS && defined HAVE_MEMORY_H
| #  include <memory.h>
| # endif
| # include <string.h>
| #endif
| #ifdef HAVE_STRINGS_H
| # include <strings.h>
| #endif
| #ifdef HAVE_INTTYPES_H
| # include <inttypes.h>
| #endif
| #ifdef HAVE_STDINT_H
| # include <stdint.h>
| #endif
| #ifdef HAVE_UNISTD_H
| # include <unistd.h>
| #endif
| int
| main ()
| {
| if (sizeof ((u_int32_t)))
| 	    return 0;
|   ;
|   return 0;
| }
configure:5928: result: yes
configure:5938: checking for struct sockaddr_storage
configure:5938: /opt/toolchains//crosstools-arm-gcc-5.5-linux-4.1-glibc-2.26-binutils-2.28.1/usr/bin/arm-buildroot-linux-gnueabi-gcc -c -Os -W -Wall -Wno-pointer-sign -fno-strict-overflow -fPIE -fstack-protector-strong -D_FORTIFY_SOURCE=2  conftest.c >&5
conftest.c: In function 'main':
conftest.c:88:13: error: invalid application of 'sizeof' to incomplete type 'struct sockaddr_storage'
 if (sizeof (struct sockaddr_storage))
             ^
configure:5938: $? = 1
configure: failed program was:
| /* confdefs.h */
| #define PACKAGE_NAME ""
| #define PACKAGE_TARNAME ""
| #define PACKAGE_VERSION ""
| #define PACKAGE_STRING ""
| #define PACKAGE_BUGREPORT ""
| #define PACKAGE_URL ""
| #define _FILE_OFFSET_BITS 64
| #define STDC_HEADERS 1
| #define HAVE_SYS_TYPES_H 1
| #define HAVE_SYS_STAT_H 1
| #define HAVE_STDLIB_H 1
| #define HAVE_STRING_H 1
| #define HAVE_MEMORY_H 1
| #define HAVE_STRINGS_H 1
| #define HAVE_INTTYPES_H 1
| #define HAVE_STDINT_H 1
| #define HAVE_UNISTD_H 1
| #define HAVE_CRYPT 1
| #define DISABLE_ZLIB 1
| #define DISABLE_PAM 1
| #define HAVE_OPENPTY /**/
| #define HAVE_SHADOW_H 1
| #define DROPBEAR_PLUGIN 0
| #define DROPBEAR_FUZZ 0
| #define STDC_HEADERS 1
| #define HAVE_SYS_WAIT_H 1
| #define HAVE_NETINET_IN_H 1
| #define HAVE_NETINET_TCP_H 1
| #define HAVE_CRYPT_H 1
| #define HAVE_PTY_H 1
| #define HAVE_LIBGEN_H 1
| #define HAVE_INTTYPES_H 1
| #define HAVE_STROPTS_H 1
| #define HAVE_UTMP_H 1
| #define HAVE_UTMPX_H 1
| #define HAVE_LASTLOG_H 1
| #define HAVE_PATHS_H 1
| #define HAVE_NETDB_H 1
| #define HAVE_NETINET_IN_SYSTM_H 1
| #define HAVE_SYS_UIO_H 1
| #define HAVE_LINUX_PKT_SCHED_H 1
| #define HAVE_SYS_RANDOM_H 1
| #define TIME_WITH_SYS_TIME 1
| #define HAVE_UINT8_T 1
| #define HAVE_U_INT8_T 1
| #define HAVE_UINT16_T 1
| #define HAVE_U_INT16_T 1
| #define HAVE_UINT32_T 1
| #define HAVE_U_INT32_T 1
| /* end confdefs.h.  */
| #include <stdio.h>
| #ifdef HAVE_SYS_TYPES_H
| # include <sys/types.h>
| #endif
| #ifdef HAVE_SYS_STAT_H
| # include <sys/stat.h>
| #endif
| #ifdef STDC_HEADERS
| # include <stdlib.h>
| # include <stddef.h>
| #else
| # ifdef HAVE_STDLIB_H
| #  include <stdlib.h>
| # endif
| #endif
| #ifdef HAVE_STRING_H
| # if !defined STDC_HEADERS && defined HAVE_MEMORY_H
| #  include <memory.h>
| # endif
| # include <string.h>
| #endif
| #ifdef HAVE_STRINGS_H
| # include <strings.h>
| #endif
| #ifdef HAVE_INTTYPES_H
| # include <inttypes.h>
| #endif
| #ifdef HAVE_STDINT_H
| # include <stdint.h>
| #endif
| #ifdef HAVE_UNISTD_H
| # include <unistd.h>
| #endif
| int
| main ()
| {
| if (sizeof (struct sockaddr_storage))
| 	 return 0;
|   ;
|   return 0;
| }
configure:5938: result: no
configure:5948: checking for socklen_t
configure:5948: /opt/toolchains//crosstools-arm-gcc-5.5-linux-4.1-glibc-2.26-binutils-2.28.1/usr/bin/arm-buildroot-linux-gnueabi-gcc -c -Os -W -Wall -Wno-pointer-sign -fno-strict-overflow -fPIE -fstack-protector-strong -D_FORTIFY_SOURCE=2  conftest.c >&5
configure:5948: $? = 0
configure:5948: /opt/toolchains//crosstools-arm-gcc-5.5-linux-4.1-glibc-2.26-binutils-2.28.1/usr/bin/arm-buildroot-linux-gnueabi-gcc -c -Os -W -Wall -Wno-pointer-sign -fno-strict-overflow -fPIE -fstack-protector-strong -D_FORTIFY_SOURCE=2  conftest.c >&5
conftest.c: In function 'main':
conftest.c:58:24: error: expected expression before ')' token
 if (sizeof ((socklen_t)))
                        ^
configure:5948: $? = 1
configure: failed program was:
| /* confdefs.h */
| #define PACKAGE_NAME ""
| #define PACKAGE_TARNAME ""
| #define PACKAGE_VERSION ""
| #define PACKAGE_STRING ""
| #define PACKAGE_BUGREPORT ""
| #define PACKAGE_URL ""
| #define _FILE_OFFSET_BITS 64
| #define STDC_HEADERS 1
| #define HAVE_SYS_TYPES_H 1
| #define HAVE_SYS_STAT_H 1
| #define HAVE_STDLIB_H 1
| #define HAVE_STRING_H 1
| #define HAVE_MEMORY_H 1
| #define HAVE_STRINGS_H 1
| #define HAVE_INTTYPES_H 1
| #define HAVE_STDINT_H 1
| #define HAVE_UNISTD_H 1
| #define HAVE_CRYPT 1
| #define DISABLE_ZLIB 1
| #define DISABLE_PAM 1
| #define HAVE_OPENPTY /**/
| #define HAVE_SHADOW_H 1
| #define DROPBEAR_PLUGIN 0
| #define DROPBEAR_FUZZ 0
| #define STDC_HEADERS 1
| #define HAVE_SYS_WAIT_H 1
| #define HAVE_NETINET_IN_H 1
| #define HAVE_NETINET_TCP_H 1
| #define HAVE_CRYPT_H 1
| #define HAVE_PTY_H 1
| #define HAVE_LIBGEN_H 1
| #define HAVE_INTTYPES_H 1
| #define HAVE_STROPTS_H 1
| #define HAVE_UTMP_H 1
| #define HAVE_UTMPX_H 1
| #define HAVE_LASTLOG_H 1
| #define HAVE_PATHS_H 1
| #define HAVE_NETDB_H 1
| #define HAVE_NETINET_IN_SYSTM_H 1
| #define HAVE_SYS_UIO_H 1
| #define HAVE_LINUX_PKT_SCHED_H 1
| #define HAVE_SYS_RANDOM_H 1
| #define TIME_WITH_SYS_TIME 1
| #define HAVE_UINT8_T 1
| #define HAVE_U_INT8_T 1
| #define HAVE_UINT16_T 1
| #define HAVE_U_INT16_T 1
| #define HAVE_UINT32_T 1
| #define HAVE_U_INT32_T 1
| /* end confdefs.h.  */
| #include <sys/types.h>
| 	#include <sys/socket.h>
| 
| int
| main ()
| {
| if (sizeof ((socklen_t)))
| 	    return 0;
|   ;
|   return 0;
| }
configure:5948: result: yes
configure:6013: checking for struct sockaddr_storage
configure:6033: /opt/toolchains//crosstools-arm-gcc-5.5-linux-4.1-glibc-2.26-binutils-2.28.1/usr/bin/arm-buildroot-linux-gnueabi-gcc -c -Os -W -Wall -Wno-pointer-sign -fno-strict-overflow -fPIE -fstack-protector-strong -D_FORTIFY_SOURCE=2  conftest.c >&5
configure:6033: $? = 0
configure:6042: result: yes
configure:6049: checking for struct sockaddr_in6
configure:6069: /opt/toolchains//crosstools-arm-gcc-5.5-linux-4.1-glibc-2.26-binutils-2.28.1/usr/bin/arm-buildroot-linux-gnueabi-gcc -c -Os -W -Wall -Wno-pointer-sign -fno-strict-overflow -fPIE -fstack-protector-strong -D_FORTIFY_SOURCE=2  conftest.c >&5
configure:6069: $? = 0
configure:6078: result: yes
configure:6086: checking for struct in6_addr
configure:6106: /opt/toolchains//crosstools-arm-gcc-5.5-linux-4.1-glibc-2.26-binutils-2.28.1/usr/bin/arm-buildroot-linux-gnueabi-gcc -c -Os -W -Wall -Wno-pointer-sign -fno-strict-overflow -fPIE -fstack-protector-strong -D_FORTIFY_SOURCE=2  conftest.c >&5
configure:6106: $? = 0
configure:6115: result: yes
configure:6123: checking for struct addrinfo
configure:6144: /opt/toolchains//crosstools-arm-gcc-5.5-linux-4.1-glibc-2.26-binutils-2.28.1/usr/bin/arm-buildroot-linux-gnueabi-gcc -c -Os -W -Wall -Wno-pointer-sign -fno-strict-overflow -fPIE -fstack-protector-strong -D_FORTIFY_SOURCE=2  conftest.c >&5
configure:6144: $? = 0
configure:6153: result: yes
configure:6165: checking for gai_strerror
configure:6165: /opt/toolchains//crosstools-arm-gcc-5.5-linux-4.1-glibc-2.26-binutils-2.28.1/usr/bin/arm-buildroot-linux-gnueabi-gcc -o conftest -Os -W -Wall -Wno-pointer-sign -fno-strict-overflow -fPIE -fstack-protector-strong -D_FORTIFY_SOURCE=2   -Wl,-pie -Wl,-z,now -Wl,-z,relro conftest.c -lutil  >&5
configure:6165: $? = 0
configure:6165: result: yes
configure:6192: /opt/toolchains//crosstools-arm-gcc-5.5-linux-4.1-glibc-2.26-binutils-2.28.1/usr/bin/arm-buildroot-linux-gnueabi-gcc -c -Os -W -Wall -Wno-pointer-sign -fno-strict-overflow -fPIE -fstack-protector-strong -D_FORTIFY_SOURCE=2  conftest.c >&5
conftest.c: In function 'main':
conftest.c:70:5: warning: assignment discards 'const' qualifier from pointer target type [-Wdiscarded-qualifiers]
 str = gai_strerror(0);
     ^
conftest.c:68:7: warning: variable 'str' set but not used [-Wunused-but-set-variable]
 char *str;
       ^
configure:6192: $? = 0
configure:6205: checking for struct utmp.ut_host
configure:6205: /opt/toolchains//crosstools-arm-gcc-5.5-linux-4.1-glibc-2.26-binutils-2.28.1/usr/bin/arm-buildroot-linux-gnueabi-gcc -c -Os -W -Wall -Wno-pointer-sign -fno-strict-overflow -fPIE -fstack-protector-strong -D_FORTIFY_SOURCE=2  conftest.c >&5
configure:6205: $? = 0
configure:6205: result: yes
configure:6220: checking for struct utmp.ut_pid
configure:6220: /opt/toolchains//crosstools-arm-gcc-5.5-linux-4.1-glibc-2.26-binutils-2.28.1/usr/bin/arm-buildroot-linux-gnueabi-gcc -c -Os -W -Wall -Wno-pointer-sign -fno-strict-overflow -fPIE -fstack-protector-strong -D_FORTIFY_SOURCE=2  conftest.c >&5
configure:6220: $? = 0
configure:6220: result: yes
configure:6235: checking for struct utmp.ut_type
configure:6235: /opt/toolchains//crosstools-arm-gcc-5.5-linux-4.1-glibc-2.26-binutils-2.28.1/usr/bin/arm-buildroot-linux-gnueabi-gcc -c -Os -W -Wall -Wno-pointer-sign -fno-strict-overflow -fPIE -fstack-protector-strong -D_FORTIFY_SOURCE=2  conftest.c >&5
configure:6235: $? = 0
configure:6235: result: yes
configure:6250: checking for struct utmp.ut_tv
configure:6250: /opt/toolchains//crosstools-arm-gcc-5.5-linux-4.1-glibc-2.26-binutils-2.28.1/usr/bin/arm-buildroot-linux-gnueabi-gcc -c -Os -W -Wall -Wno-pointer-sign -fno-strict-overflow -fPIE -fstack-protector-strong -D_FORTIFY_SOURCE=2  conftest.c >&5
conftest.c: In function 'main':
conftest.c:73:5: error: used struct type value where scalar is required
 if (ac_aggr.ut_tv)
     ^
conftest.c:72:20: warning: variable 'ac_aggr' set but not used [-Wunused-but-set-variable]
 static struct utmp ac_aggr;
                    ^
configure:6250: $? = 1
configure: failed program was:
| /* confdefs.h */
| #define PACKAGE_NAME ""
| #define PACKAGE_TARNAME ""
| #define PACKAGE_VERSION ""
| #define PACKAGE_STRING ""
| #define PACKAGE_BUGREPORT ""
| #define PACKAGE_URL ""
| #define _FILE_OFFSET_BITS 64
| #define STDC_HEADERS 1
| #define HAVE_SYS_TYPES_H 1
| #define HAVE_SYS_STAT_H 1
| #define HAVE_STDLIB_H 1
| #define HAVE_STRING_H 1
| #define HAVE_MEMORY_H 1
| #define HAVE_STRINGS_H 1
| #define HAVE_INTTYPES_H 1
| #define HAVE_STDINT_H 1
| #define HAVE_UNISTD_H 1
| #define HAVE_CRYPT 1
| #define DISABLE_ZLIB 1
| #define DISABLE_PAM 1
| #define HAVE_OPENPTY /**/
| #define HAVE_SHADOW_H 1
| #define DROPBEAR_PLUGIN 0
| #define DROPBEAR_FUZZ 0
| #define STDC_HEADERS 1
| #define HAVE_SYS_WAIT_H 1
| #define HAVE_NETINET_IN_H 1
| #define HAVE_NETINET_TCP_H 1
| #define HAVE_CRYPT_H 1
| #define HAVE_PTY_H 1
| #define HAVE_LIBGEN_H 1
| #define HAVE_INTTYPES_H 1
| #define HAVE_STROPTS_H 1
| #define HAVE_UTMP_H 1
| #define HAVE_UTMPX_H 1
| #define HAVE_LASTLOG_H 1
| #define HAVE_PATHS_H 1
| #define HAVE_NETDB_H 1
| #define HAVE_NETINET_IN_SYSTM_H 1
| #define HAVE_SYS_UIO_H 1
| #define HAVE_LINUX_PKT_SCHED_H 1
| #define HAVE_SYS_RANDOM_H 1
| #define TIME_WITH_SYS_TIME 1
| #define HAVE_UINT8_T 1
| #define HAVE_U_INT8_T 1
| #define HAVE_UINT16_T 1
| #define HAVE_U_INT16_T 1
| #define HAVE_UINT32_T 1
| #define HAVE_U_INT32_T 1
| #define HAVE_STRUCT_SOCKADDR_STORAGE 1
| #define HAVE_STRUCT_SOCKADDR_IN6 1
| #define HAVE_STRUCT_IN6_ADDR 1
| #define HAVE_STRUCT_ADDRINFO 1
| #define HAVE_GAI_STRERROR 1
| #define HAVE_GAI_STRERROR 1
| #define HAVE_CONST_GAI_STRERROR_PROTO 1
| #define HAVE_STRUCT_UTMP_UT_HOST 1
| #define HAVE_STRUCT_UTMP_UT_PID 1
| #define HAVE_STRUCT_UTMP_UT_TYPE 1
| /* end confdefs.h.  */
| 
| #include <sys/types.h>
| #if HAVE_UTMP_H
| #include <utmp.h>
| #endif
| 
| 
| int
| main ()
| {
| static struct utmp ac_aggr;
| if (ac_aggr.ut_tv)
| return 0;
|   ;
|   return 0;
| }
configure:6250: /opt/toolchains//crosstools-arm-gcc-5.5-linux-4.1-glibc-2.26-binutils-2.28.1/usr/bin/arm-buildroot-linux-gnueabi-gcc -c -Os -W -Wall -Wno-pointer-sign -fno-strict-overflow -fPIE -fstack-protector-strong -D_FORTIFY_SOURCE=2  conftest.c >&5
configure:6250: $? = 0
configure:6250: result: yes
configure:6265: checking for struct utmp.ut_id
configure:6265: /opt/toolchains//crosstools-arm-gcc-5.5-linux-4.1-glibc-2.26-binutils-2.28.1/usr/bin/arm-buildroot-linux-gnueabi-gcc -c -Os -W -Wall -Wno-pointer-sign -fno-strict-overflow -fPIE -fstack-protector-strong -D_FORTIFY_SOURCE=2  conftest.c >&5
configure:6265: $? = 0
configure:6265: result: yes
configure:6280: checking for struct utmp.ut_addr
configure:6280: /opt/toolchains//crosstools-arm-gcc-5.5-linux-4.1-glibc-2.26-binutils-2.28.1/usr/bin/arm-buildroot-linux-gnueabi-gcc -c -Os -W -Wall -Wno-pointer-sign -fno-strict-overflow -fPIE -fstack-protector-strong -D_FORTIFY_SOURCE=2  conftest.c >&5
configure:6280: $? = 0
configure:6280: result: yes
configure:6295: checking for struct utmp.ut_addr_v6
configure:6295: /opt/toolchains//crosstools-arm-gcc-5.5-linux-4.1-glibc-2.26-binutils-2.28.1/usr/bin/arm-buildroot-linux-gnueabi-gcc -c -Os -W -Wall -Wno-pointer-sign -fno-strict-overflow -fPIE -fstack-protector-strong -D_FORTIFY_SOURCE=2  conftest.c >&5
configure:6295: $? = 0
configure:6295: result: yes
configure:6310: checking for struct utmp.ut_exit
configure:6310: /opt/toolchains//crosstools-arm-gcc-5.5-linux-4.1-glibc-2.26-binutils-2.28.1/usr/bin/arm-buildroot-linux-gnueabi-gcc -c -Os -W -Wall -Wno-pointer-sign -fno-strict-overflow -fPIE -fstack-protector-strong -D_FORTIFY_SOURCE=2  conftest.c >&5
conftest.c: In function 'main':
conftest.c:77:5: error: used struct type value where scalar is required
 if (ac_aggr.ut_exit)
     ^
conftest.c:76:20: warning: variable 'ac_aggr' set but not used [-Wunused-but-set-variable]
 static struct utmp ac_aggr;
                    ^
configure:6310: $? = 1
configure: failed program was:
| /* confdefs.h */
| #define PACKAGE_NAME ""
| #define PACKAGE_TARNAME ""
| #define PACKAGE_VERSION ""
| #define PACKAGE_STRING ""
| #define PACKAGE_BUGREPORT ""
| #define PACKAGE_URL ""
| #define _FILE_OFFSET_BITS 64
| #define STDC_HEADERS 1
| #define HAVE_SYS_TYPES_H 1
| #define HAVE_SYS_STAT_H 1
| #define HAVE_STDLIB_H 1
| #define HAVE_STRING_H 1
| #define HAVE_MEMORY_H 1
| #define HAVE_STRINGS_H 1
| #define HAVE_INTTYPES_H 1
| #define HAVE_STDINT_H 1
| #define HAVE_UNISTD_H 1
| #define HAVE_CRYPT 1
| #define DISABLE_ZLIB 1
| #define DISABLE_PAM 1
| #define HAVE_OPENPTY /**/
| #define HAVE_SHADOW_H 1
| #define DROPBEAR_PLUGIN 0
| #define DROPBEAR_FUZZ 0
| #define STDC_HEADERS 1
| #define HAVE_SYS_WAIT_H 1
| #define HAVE_NETINET_IN_H 1
| #define HAVE_NETINET_TCP_H 1
| #define HAVE_CRYPT_H 1
| #define HAVE_PTY_H 1
| #define HAVE_LIBGEN_H 1
| #define HAVE_INTTYPES_H 1
| #define HAVE_STROPTS_H 1
| #define HAVE_UTMP_H 1
| #define HAVE_UTMPX_H 1
| #define HAVE_LASTLOG_H 1
| #define HAVE_PATHS_H 1
| #define HAVE_NETDB_H 1
| #define HAVE_NETINET_IN_SYSTM_H 1
| #define HAVE_SYS_UIO_H 1
| #define HAVE_LINUX_PKT_SCHED_H 1
| #define HAVE_SYS_RANDOM_H 1
| #define TIME_WITH_SYS_TIME 1
| #define HAVE_UINT8_T 1
| #define HAVE_U_INT8_T 1
| #define HAVE_UINT16_T 1
| #define HAVE_U_INT16_T 1
| #define HAVE_UINT32_T 1
| #define HAVE_U_INT32_T 1
| #define HAVE_STRUCT_SOCKADDR_STORAGE 1
| #define HAVE_STRUCT_SOCKADDR_IN6 1
| #define HAVE_STRUCT_IN6_ADDR 1
| #define HAVE_STRUCT_ADDRINFO 1
| #define HAVE_GAI_STRERROR 1
| #define HAVE_GAI_STRERROR 1
| #define HAVE_CONST_GAI_STRERROR_PROTO 1
| #define HAVE_STRUCT_UTMP_UT_HOST 1
| #define HAVE_STRUCT_UTMP_UT_PID 1
| #define HAVE_STRUCT_UTMP_UT_TYPE 1
| #define HAVE_STRUCT_UTMP_UT_TV 1
| #define HAVE_STRUCT_UTMP_UT_ID 1
| #define HAVE_STRUCT_UTMP_UT_ADDR 1
| #define HAVE_STRUCT_UTMP_UT_ADDR_V6 1
| /* end confdefs.h.  */
| 
| #include <sys/types.h>
| #if HAVE_UTMP_H
| #include <utmp.h>
| #endif
| 
| 
| int
| main ()
| {
| static struct utmp ac_aggr;
| if (ac_aggr.ut_exit)
| return 0;
|   ;
|   return 0;
| }
configure:6310: /opt/toolchains//crosstools-arm-gcc-5.5-linux-4.1-glibc-2.26-binutils-2.28.1/usr/bin/arm-buildroot-linux-gnueabi-gcc -c -Os -W -Wall -Wno-pointer-sign -fno-strict-overflow -fPIE -fstack-protector-strong -D_FORTIFY_SOURCE=2  conftest.c >&5
configure:6310: $? = 0
configure:6310: result: yes
configure:6325: checking for struct utmp.ut_time
configure:6325: /opt/toolchains//crosstools-arm-gcc-5.5-linux-4.1-glibc-2.26-binutils-2.28.1/usr/bin/arm-buildroot-linux-gnueabi-gcc -c -Os -W -Wall -Wno-pointer-sign -fno-strict-overflow -fPIE -fstack-protector-strong -D_FORTIFY_SOURCE=2  conftest.c >&5
configure:6325: $? = 0
configure:6325: result: yes
configure:6342: checking for struct utmpx.ut_host
configure:6342: /opt/toolchains//crosstools-arm-gcc-5.5-linux-4.1-glibc-2.26-binutils-2.28.1/usr/bin/arm-buildroot-linux-gnueabi-gcc -c -Os -W -Wall -Wno-pointer-sign -fno-strict-overflow -fPIE -fstack-protector-strong -D_FORTIFY_SOURCE=2  conftest.c >&5
configure:6342: $? = 0
configure:6342: result: yes
configure:6358: checking for struct utmpx.ut_syslen
configure:6358: /opt/toolchains//crosstools-arm-gcc-5.5-linux-4.1-glibc-2.26-binutils-2.28.1/usr/bin/arm-buildroot-linux-gnueabi-gcc -c -Os -W -Wall -Wno-pointer-sign -fno-strict-overflow -fPIE -fstack-protector-strong -D_FORTIFY_SOURCE=2  conftest.c >&5
conftest.c: In function 'main':
conftest.c:81:12: error: 'struct utmpx' has no member named 'ut_syslen'
 if (ac_aggr.ut_syslen)
            ^
conftest.c:80:21: warning: variable 'ac_aggr' set but not used [-Wunused-but-set-variable]
 static struct utmpx ac_aggr;
                     ^
configure:6358: $? = 1
configure: failed program was:
| /* confdefs.h */
| #define PACKAGE_NAME ""
| #define PACKAGE_TARNAME ""
| #define PACKAGE_VERSION ""
| #define PACKAGE_STRING ""
| #define PACKAGE_BUGREPORT ""
| #define PACKAGE_URL ""
| #define _FILE_OFFSET_BITS 64
| #define STDC_HEADERS 1
| #define HAVE_SYS_TYPES_H 1
| #define HAVE_SYS_STAT_H 1
| #define HAVE_STDLIB_H 1
| #define HAVE_STRING_H 1
| #define HAVE_MEMORY_H 1
| #define HAVE_STRINGS_H 1
| #define HAVE_INTTYPES_H 1
| #define HAVE_STDINT_H 1
| #define HAVE_UNISTD_H 1
| #define HAVE_CRYPT 1
| #define DISABLE_ZLIB 1
| #define DISABLE_PAM 1
| #define HAVE_OPENPTY /**/
| #define HAVE_SHADOW_H 1
| #define DROPBEAR_PLUGIN 0
| #define DROPBEAR_FUZZ 0
| #define STDC_HEADERS 1
| #define HAVE_SYS_WAIT_H 1
| #define HAVE_NETINET_IN_H 1
| #define HAVE_NETINET_TCP_H 1
| #define HAVE_CRYPT_H 1
| #define HAVE_PTY_H 1
| #define HAVE_LIBGEN_H 1
| #define HAVE_INTTYPES_H 1
| #define HAVE_STROPTS_H 1
| #define HAVE_UTMP_H 1
| #define HAVE_UTMPX_H 1
| #define HAVE_LASTLOG_H 1
| #define HAVE_PATHS_H 1
| #define HAVE_NETDB_H 1
| #define HAVE_NETINET_IN_SYSTM_H 1
| #define HAVE_SYS_UIO_H 1
| #define HAVE_LINUX_PKT_SCHED_H 1
| #define HAVE_SYS_RANDOM_H 1
| #define TIME_WITH_SYS_TIME 1
| #define HAVE_UINT8_T 1
| #define HAVE_U_INT8_T 1
| #define HAVE_UINT16_T 1
| #define HAVE_U_INT16_T 1
| #define HAVE_UINT32_T 1
| #define HAVE_U_INT32_T 1
| #define HAVE_STRUCT_SOCKADDR_STORAGE 1
| #define HAVE_STRUCT_SOCKADDR_IN6 1
| #define HAVE_STRUCT_IN6_ADDR 1
| #define HAVE_STRUCT_ADDRINFO 1
| #define HAVE_GAI_STRERROR 1
| #define HAVE_GAI_STRERROR 1
| #define HAVE_CONST_GAI_STRERROR_PROTO 1
| #define HAVE_STRUCT_UTMP_UT_HOST 1
| #define HAVE_STRUCT_UTMP_UT_PID 1
| #define HAVE_STRUCT_UTMP_UT_TYPE 1
| #define HAVE_STRUCT_UTMP_UT_TV 1
| #define HAVE_STRUCT_UTMP_UT_ID 1
| #define HAVE_STRUCT_UTMP_UT_ADDR 1
| #define HAVE_STRUCT_UTMP_UT_ADDR_V6 1
| #define HAVE_STRUCT_UTMP_UT_EXIT 1
| #define HAVE_STRUCT_UTMP_UT_TIME 1
| #define HAVE_STRUCT_UTMPX_UT_HOST 1
| /* end confdefs.h.  */
| 
| #include <sys/types.h>
| #include <sys/socket.h>
| #if HAVE_UTMPX_H
| #include <utmpx.h>
| #endif
| 
| 
| int
| main ()
| {
| static struct utmpx ac_aggr;
| if (ac_aggr.ut_syslen)
| return 0;
|   ;
|   return 0;
| }
configure:6358: /opt/toolchains//crosstools-arm-gcc-5.5-linux-4.1-glibc-2.26-binutils-2.28.1/usr/bin/arm-buildroot-linux-gnueabi-gcc -c -Os -W -Wall -Wno-pointer-sign -fno-strict-overflow -fPIE -fstack-protector-strong -D_FORTIFY_SOURCE=2  conftest.c >&5
conftest.c: In function 'main':
conftest.c:81:19: error: 'struct utmpx' has no member named 'ut_syslen'
 if (sizeof ac_aggr.ut_syslen)
                   ^
conftest.c:80:21: warning: variable 'ac_aggr' set but not used [-Wunused-but-set-variable]
 static struct utmpx ac_aggr;
                     ^
configure:6358: $? = 1
configure: failed program was:
| /* confdefs.h */
| #define PACKAGE_NAME ""
| #define PACKAGE_TARNAME ""
| #define PACKAGE_VERSION ""
| #define PACKAGE_STRING ""
| #define PACKAGE_BUGREPORT ""
| #define PACKAGE_URL ""
| #define _FILE_OFFSET_BITS 64
| #define STDC_HEADERS 1
| #define HAVE_SYS_TYPES_H 1
| #define HAVE_SYS_STAT_H 1
| #define HAVE_STDLIB_H 1
| #define HAVE_STRING_H 1
| #define HAVE_MEMORY_H 1
| #define HAVE_STRINGS_H 1
| #define HAVE_INTTYPES_H 1
| #define HAVE_STDINT_H 1
| #define HAVE_UNISTD_H 1
| #define HAVE_CRYPT 1
| #define DISABLE_ZLIB 1
| #define DISABLE_PAM 1
| #define HAVE_OPENPTY /**/
| #define HAVE_SHADOW_H 1
| #define DROPBEAR_PLUGIN 0
| #define DROPBEAR_FUZZ 0
| #define STDC_HEADERS 1
| #define HAVE_SYS_WAIT_H 1
| #define HAVE_NETINET_IN_H 1
| #define HAVE_NETINET_TCP_H 1
| #define HAVE_CRYPT_H 1
| #define HAVE_PTY_H 1
| #define HAVE_LIBGEN_H 1
| #define HAVE_INTTYPES_H 1
| #define HAVE_STROPTS_H 1
| #define HAVE_UTMP_H 1
| #define HAVE_UTMPX_H 1
| #define HAVE_LASTLOG_H 1
| #define HAVE_PATHS_H 1
| #define HAVE_NETDB_H 1
| #define HAVE_NETINET_IN_SYSTM_H 1
| #define HAVE_SYS_UIO_H 1
| #define HAVE_LINUX_PKT_SCHED_H 1
| #define HAVE_SYS_RANDOM_H 1
| #define TIME_WITH_SYS_TIME 1
| #define HAVE_UINT8_T 1
| #define HAVE_U_INT8_T 1
| #define HAVE_UINT16_T 1
| #define HAVE_U_INT16_T 1
| #define HAVE_UINT32_T 1
| #define HAVE_U_INT32_T 1
| #define HAVE_STRUCT_SOCKADDR_STORAGE 1
| #define HAVE_STRUCT_SOCKADDR_IN6 1
| #define HAVE_STRUCT_IN6_ADDR 1
| #define HAVE_STRUCT_ADDRINFO 1
| #define HAVE_GAI_STRERROR 1
| #define HAVE_GAI_STRERROR 1
| #define HAVE_CONST_GAI_STRERROR_PROTO 1
| #define HAVE_STRUCT_UTMP_UT_HOST 1
| #define HAVE_STRUCT_UTMP_UT_PID 1
| #define HAVE_STRUCT_UTMP_UT_TYPE 1
| #define HAVE_STRUCT_UTMP_UT_TV 1
| #define HAVE_STRUCT_UTMP_UT_ID 1
| #define HAVE_STRUCT_UTMP_UT_ADDR 1
| #define HAVE_STRUCT_UTMP_UT_ADDR_V6 1
| #define HAVE_STRUCT_UTMP_UT_EXIT 1
| #define HAVE_STRUCT_UTMP_UT_TIME 1
| #define HAVE_STRUCT_UTMPX_UT_HOST 1
| /* end confdefs.h.  */
| 
| #include <sys/types.h>
| #include <sys/socket.h>
| #if HAVE_UTMPX_H
| #include <utmpx.h>
| #endif
| 
| 
| int
| main ()
| {
| static struct utmpx ac_aggr;
| if (sizeof ac_aggr.ut_syslen)
| return 0;
|   ;
|   return 0;
| }
configure:6358: result: no
configure:6374: checking for struct utmpx.ut_type
configure:6374: /opt/toolchains//crosstools-arm-gcc-5.5-linux-4.1-glibc-2.26-binutils-2.28.1/usr/bin/arm-buildroot-linux-gnueabi-gcc -c -Os -W -Wall -Wno-pointer-sign -fno-strict-overflow -fPIE -fstack-protector-strong -D_FORTIFY_SOURCE=2  conftest.c >&5
configure:6374: $? = 0
configure:6374: result: yes
configure:6390: checking for struct utmpx.ut_id
configure:6390: /opt/toolchains//crosstools-arm-gcc-5.5-linux-4.1-glibc-2.26-binutils-2.28.1/usr/bin/arm-buildroot-linux-gnueabi-gcc -c -Os -W -Wall -Wno-pointer-sign -fno-strict-overflow -fPIE -fstack-protector-strong -D_FORTIFY_SOURCE=2  conftest.c >&5
configure:6390: $? = 0
configure:6390: result: yes
configure:6406: checking for struct utmpx.ut_addr
configure:6406: /opt/toolchains//crosstools-arm-gcc-5.5-linux-4.1-glibc-2.26-binutils-2.28.1/usr/bin/arm-buildroot-linux-gnueabi-gcc -c -Os -W -Wall -Wno-pointer-sign -fno-strict-overflow -fPIE -fstack-protector-strong -D_FORTIFY_SOURCE=2  conftest.c >&5
conftest.c: In function 'main':
conftest.c:83:12: error: 'struct utmpx' has no member named 'ut_addr'
 if (ac_aggr.ut_addr)
            ^
conftest.c:82:21: warning: variable 'ac_aggr' set but not used [-Wunused-but-set-variable]
 static struct utmpx ac_aggr;
                     ^
configure:6406: $? = 1
configure: failed program was:
| /* confdefs.h */
| #define PACKAGE_NAME ""
| #define PACKAGE_TARNAME ""
| #define PACKAGE_VERSION ""
| #define PACKAGE_STRING ""
| #define PACKAGE_BUGREPORT ""
| #define PACKAGE_URL ""
| #define _FILE_OFFSET_BITS 64
| #define STDC_HEADERS 1
| #define HAVE_SYS_TYPES_H 1
| #define HAVE_SYS_STAT_H 1
| #define HAVE_STDLIB_H 1
| #define HAVE_STRING_H 1
| #define HAVE_MEMORY_H 1
| #define HAVE_STRINGS_H 1
| #define HAVE_INTTYPES_H 1
| #define HAVE_STDINT_H 1
| #define HAVE_UNISTD_H 1
| #define HAVE_CRYPT 1
| #define DISABLE_ZLIB 1
| #define DISABLE_PAM 1
| #define HAVE_OPENPTY /**/
| #define HAVE_SHADOW_H 1
| #define DROPBEAR_PLUGIN 0
| #define DROPBEAR_FUZZ 0
| #define STDC_HEADERS 1
| #define HAVE_SYS_WAIT_H 1
| #define HAVE_NETINET_IN_H 1
| #define HAVE_NETINET_TCP_H 1
| #define HAVE_CRYPT_H 1
| #define HAVE_PTY_H 1
| #define HAVE_LIBGEN_H 1
| #define HAVE_INTTYPES_H 1
| #define HAVE_STROPTS_H 1
| #define HAVE_UTMP_H 1
| #define HAVE_UTMPX_H 1
| #define HAVE_LASTLOG_H 1
| #define HAVE_PATHS_H 1
| #define HAVE_NETDB_H 1
| #define HAVE_NETINET_IN_SYSTM_H 1
| #define HAVE_SYS_UIO_H 1
| #define HAVE_LINUX_PKT_SCHED_H 1
| #define HAVE_SYS_RANDOM_H 1
| #define TIME_WITH_SYS_TIME 1
| #define HAVE_UINT8_T 1
| #define HAVE_U_INT8_T 1
| #define HAVE_UINT16_T 1
| #define HAVE_U_INT16_T 1
| #define HAVE_UINT32_T 1
| #define HAVE_U_INT32_T 1
| #define HAVE_STRUCT_SOCKADDR_STORAGE 1
| #define HAVE_STRUCT_SOCKADDR_IN6 1
| #define HAVE_STRUCT_IN6_ADDR 1
| #define HAVE_STRUCT_ADDRINFO 1
| #define HAVE_GAI_STRERROR 1
| #define HAVE_GAI_STRERROR 1
| #define HAVE_CONST_GAI_STRERROR_PROTO 1
| #define HAVE_STRUCT_UTMP_UT_HOST 1
| #define HAVE_STRUCT_UTMP_UT_PID 1
| #define HAVE_STRUCT_UTMP_UT_TYPE 1
| #define HAVE_STRUCT_UTMP_UT_TV 1
| #define HAVE_STRUCT_UTMP_UT_ID 1
| #define HAVE_STRUCT_UTMP_UT_ADDR 1
| #define HAVE_STRUCT_UTMP_UT_ADDR_V6 1
| #define HAVE_STRUCT_UTMP_UT_EXIT 1
| #define HAVE_STRUCT_UTMP_UT_TIME 1
| #define HAVE_STRUCT_UTMPX_UT_HOST 1
| #define HAVE_STRUCT_UTMPX_UT_TYPE 1
| #define HAVE_STRUCT_UTMPX_UT_ID 1
| /* end confdefs.h.  */
| 
| #include <sys/types.h>
| #include <sys/socket.h>
| #if HAVE_UTMPX_H
| #include <utmpx.h>
| #endif
| 
| 
| int
| main ()
| {
| static struct utmpx ac_aggr;
| if (ac_aggr.ut_addr)
| return 0;
|   ;
|   return 0;
| }
configure:6406: /opt/toolchains//crosstools-arm-gcc-5.5-linux-4.1-glibc-2.26-binutils-2.28.1/usr/bin/arm-buildroot-linux-gnueabi-gcc -c -Os -W -Wall -Wno-pointer-sign -fno-strict-overflow -fPIE -fstack-protector-strong -D_FORTIFY_SOURCE=2  conftest.c >&5
conftest.c: In function 'main':
conftest.c:83:19: error: 'struct utmpx' has no member named 'ut_addr'
 if (sizeof ac_aggr.ut_addr)
                   ^
conftest.c:82:21: warning: variable 'ac_aggr' set but not used [-Wunused-but-set-variable]
 static struct utmpx ac_aggr;
                     ^
configure:6406: $? = 1
configure: failed program was:
| /* confdefs.h */
| #define PACKAGE_NAME ""
| #define PACKAGE_TARNAME ""
| #define PACKAGE_VERSION ""
| #define PACKAGE_STRING ""
| #define PACKAGE_BUGREPORT ""
| #define PACKAGE_URL ""
| #define _FILE_OFFSET_BITS 64
| #define STDC_HEADERS 1
| #define HAVE_SYS_TYPES_H 1
| #define HAVE_SYS_STAT_H 1
| #define HAVE_STDLIB_H 1
| #define HAVE_STRING_H 1
| #define HAVE_MEMORY_H 1
| #define HAVE_STRINGS_H 1
| #define HAVE_INTTYPES_H 1
| #define HAVE_STDINT_H 1
| #define HAVE_UNISTD_H 1
| #define HAVE_CRYPT 1
| #define DISABLE_ZLIB 1
| #define DISABLE_PAM 1
| #define HAVE_OPENPTY /**/
| #define HAVE_SHADOW_H 1
| #define DROPBEAR_PLUGIN 0
| #define DROPBEAR_FUZZ 0
| #define STDC_HEADERS 1
| #define HAVE_SYS_WAIT_H 1
| #define HAVE_NETINET_IN_H 1
| #define HAVE_NETINET_TCP_H 1
| #define HAVE_CRYPT_H 1
| #define HAVE_PTY_H 1
| #define HAVE_LIBGEN_H 1
| #define HAVE_INTTYPES_H 1
| #define HAVE_STROPTS_H 1
| #define HAVE_UTMP_H 1
| #define HAVE_UTMPX_H 1
| #define HAVE_LASTLOG_H 1
| #define HAVE_PATHS_H 1
| #define HAVE_NETDB_H 1
| #define HAVE_NETINET_IN_SYSTM_H 1
| #define HAVE_SYS_UIO_H 1
| #define HAVE_LINUX_PKT_SCHED_H 1
| #define HAVE_SYS_RANDOM_H 1
| #define TIME_WITH_SYS_TIME 1
| #define HAVE_UINT8_T 1
| #define HAVE_U_INT8_T 1
| #define HAVE_UINT16_T 1
| #define HAVE_U_INT16_T 1
| #define HAVE_UINT32_T 1
| #define HAVE_U_INT32_T 1
| #define HAVE_STRUCT_SOCKADDR_STORAGE 1
| #define HAVE_STRUCT_SOCKADDR_IN6 1
| #define HAVE_STRUCT_IN6_ADDR 1
| #define HAVE_STRUCT_ADDRINFO 1
| #define HAVE_GAI_STRERROR 1
| #define HAVE_GAI_STRERROR 1
| #define HAVE_CONST_GAI_STRERROR_PROTO 1
| #define HAVE_STRUCT_UTMP_UT_HOST 1
| #define HAVE_STRUCT_UTMP_UT_PID 1
| #define HAVE_STRUCT_UTMP_UT_TYPE 1
| #define HAVE_STRUCT_UTMP_UT_TV 1
| #define HAVE_STRUCT_UTMP_UT_ID 1
| #define HAVE_STRUCT_UTMP_UT_ADDR 1
| #define HAVE_STRUCT_UTMP_UT_ADDR_V6 1
| #define HAVE_STRUCT_UTMP_UT_EXIT 1
| #define HAVE_STRUCT_UTMP_UT_TIME 1
| #define HAVE_STRUCT_UTMPX_UT_HOST 1
| #define HAVE_STRUCT_UTMPX_UT_TYPE 1
| #define HAVE_STRUCT_UTMPX_UT_ID 1
| /* end confdefs.h.  */
| 
| #include <sys/types.h>
| #include <sys/socket.h>
| #if HAVE_UTMPX_H
| #include <utmpx.h>
| #endif
| 
| 
| int
| main ()
| {
| static struct utmpx ac_aggr;
| if (sizeof ac_aggr.ut_addr)
| return 0;
|   ;
|   return 0;
| }
configure:6406: result: no
configure:6422: checking for struct utmpx.ut_addr_v6
configure:6422: /opt/toolchains//crosstools-arm-gcc-5.5-linux-4.1-glibc-2.26-binutils-2.28.1/usr/bin/arm-buildroot-linux-gnueabi-gcc -c -Os -W -Wall -Wno-pointer-sign -fno-strict-overflow -fPIE -fstack-protector-strong -D_FORTIFY_SOURCE=2  conftest.c >&5
configure:6422: $? = 0
configure:6422: result: yes
configure:6438: checking for struct utmpx.ut_time
configure:6438: /opt/toolchains//crosstools-arm-gcc-5.5-linux-4.1-glibc-2.26-binutils-2.28.1/usr/bin/arm-buildroot-linux-gnueabi-gcc -c -Os -W -Wall -Wno-pointer-sign -fno-strict-overflow -fPIE -fstack-protector-strong -D_FORTIFY_SOURCE=2  conftest.c >&5
conftest.c: In function 'main':
conftest.c:84:12: error: 'struct utmpx' has no member named 'ut_time'
 if (ac_aggr.ut_time)
            ^
conftest.c:83:21: warning: variable 'ac_aggr' set but not used [-Wunused-but-set-variable]
 static struct utmpx ac_aggr;
                     ^
configure:6438: $? = 1
configure: failed program was:
| /* confdefs.h */
| #define PACKAGE_NAME ""
| #define PACKAGE_TARNAME ""
| #define PACKAGE_VERSION ""
| #define PACKAGE_STRING ""
| #define PACKAGE_BUGREPORT ""
| #define PACKAGE_URL ""
| #define _FILE_OFFSET_BITS 64
| #define STDC_HEADERS 1
| #define HAVE_SYS_TYPES_H 1
| #define HAVE_SYS_STAT_H 1
| #define HAVE_STDLIB_H 1
| #define HAVE_STRING_H 1
| #define HAVE_MEMORY_H 1
| #define HAVE_STRINGS_H 1
| #define HAVE_INTTYPES_H 1
| #define HAVE_STDINT_H 1
| #define HAVE_UNISTD_H 1
| #define HAVE_CRYPT 1
| #define DISABLE_ZLIB 1
| #define DISABLE_PAM 1
| #define HAVE_OPENPTY /**/
| #define HAVE_SHADOW_H 1
| #define DROPBEAR_PLUGIN 0
| #define DROPBEAR_FUZZ 0
| #define STDC_HEADERS 1
| #define HAVE_SYS_WAIT_H 1
| #define HAVE_NETINET_IN_H 1
| #define HAVE_NETINET_TCP_H 1
| #define HAVE_CRYPT_H 1
| #define HAVE_PTY_H 1
| #define HAVE_LIBGEN_H 1
| #define HAVE_INTTYPES_H 1
| #define HAVE_STROPTS_H 1
| #define HAVE_UTMP_H 1
| #define HAVE_UTMPX_H 1
| #define HAVE_LASTLOG_H 1
| #define HAVE_PATHS_H 1
| #define HAVE_NETDB_H 1
| #define HAVE_NETINET_IN_SYSTM_H 1
| #define HAVE_SYS_UIO_H 1
| #define HAVE_LINUX_PKT_SCHED_H 1
| #define HAVE_SYS_RANDOM_H 1
| #define TIME_WITH_SYS_TIME 1
| #define HAVE_UINT8_T 1
| #define HAVE_U_INT8_T 1
| #define HAVE_UINT16_T 1
| #define HAVE_U_INT16_T 1
| #define HAVE_UINT32_T 1
| #define HAVE_U_INT32_T 1
| #define HAVE_STRUCT_SOCKADDR_STORAGE 1
| #define HAVE_STRUCT_SOCKADDR_IN6 1
| #define HAVE_STRUCT_IN6_ADDR 1
| #define HAVE_STRUCT_ADDRINFO 1
| #define HAVE_GAI_STRERROR 1
| #define HAVE_GAI_STRERROR 1
| #define HAVE_CONST_GAI_STRERROR_PROTO 1
| #define HAVE_STRUCT_UTMP_UT_HOST 1
| #define HAVE_STRUCT_UTMP_UT_PID 1
| #define HAVE_STRUCT_UTMP_UT_TYPE 1
| #define HAVE_STRUCT_UTMP_UT_TV 1
| #define HAVE_STRUCT_UTMP_UT_ID 1
| #define HAVE_STRUCT_UTMP_UT_ADDR 1
| #define HAVE_STRUCT_UTMP_UT_ADDR_V6 1
| #define HAVE_STRUCT_UTMP_UT_EXIT 1
| #define HAVE_STRUCT_UTMP_UT_TIME 1
| #define HAVE_STRUCT_UTMPX_UT_HOST 1
| #define HAVE_STRUCT_UTMPX_UT_TYPE 1
| #define HAVE_STRUCT_UTMPX_UT_ID 1
| #define HAVE_STRUCT_UTMPX_UT_ADDR_V6 1
| /* end confdefs.h.  */
| 
| #include <sys/types.h>
| #include <sys/socket.h>
| #if HAVE_UTMPX_H
| #include <utmpx.h>
| #endif
| 
| 
| int
| main ()
| {
| static struct utmpx ac_aggr;
| if (ac_aggr.ut_time)
| return 0;
|   ;
|   return 0;
| }
configure:6438: /opt/toolchains//crosstools-arm-gcc-5.5-linux-4.1-glibc-2.26-binutils-2.28.1/usr/bin/arm-buildroot-linux-gnueabi-gcc -c -Os -W -Wall -Wno-pointer-sign -fno-strict-overflow -fPIE -fstack-protector-strong -D_FORTIFY_SOURCE=2  conftest.c >&5
conftest.c: In function 'main':
conftest.c:84:19: error: 'struct utmpx' has no member named 'ut_time'
 if (sizeof ac_aggr.ut_time)
                   ^
conftest.c:83:21: warning: variable 'ac_aggr' set but not used [-Wunused-but-set-variable]
 static struct utmpx ac_aggr;
                     ^
configure:6438: $? = 1
configure: failed program was:
| /* confdefs.h */
| #define PACKAGE_NAME ""
| #define PACKAGE_TARNAME ""
| #define PACKAGE_VERSION ""
| #define PACKAGE_STRING ""
| #define PACKAGE_BUGREPORT ""
| #define PACKAGE_URL ""
| #define _FILE_OFFSET_BITS 64
| #define STDC_HEADERS 1
| #define HAVE_SYS_TYPES_H 1
| #define HAVE_SYS_STAT_H 1
| #define HAVE_STDLIB_H 1
| #define HAVE_STRING_H 1
| #define HAVE_MEMORY_H 1
| #define HAVE_STRINGS_H 1
| #define HAVE_INTTYPES_H 1
| #define HAVE_STDINT_H 1
| #define HAVE_UNISTD_H 1
| #define HAVE_CRYPT 1
| #define DISABLE_ZLIB 1
| #define DISABLE_PAM 1
| #define HAVE_OPENPTY /**/
| #define HAVE_SHADOW_H 1
| #define DROPBEAR_PLUGIN 0
| #define DROPBEAR_FUZZ 0
| #define STDC_HEADERS 1
| #define HAVE_SYS_WAIT_H 1
| #define HAVE_NETINET_IN_H 1
| #define HAVE_NETINET_TCP_H 1
| #define HAVE_CRYPT_H 1
| #define HAVE_PTY_H 1
| #define HAVE_LIBGEN_H 1
| #define HAVE_INTTYPES_H 1
| #define HAVE_STROPTS_H 1
| #define HAVE_UTMP_H 1
| #define HAVE_UTMPX_H 1
| #define HAVE_LASTLOG_H 1
| #define HAVE_PATHS_H 1
| #define HAVE_NETDB_H 1
| #define HAVE_NETINET_IN_SYSTM_H 1
| #define HAVE_SYS_UIO_H 1
| #define HAVE_LINUX_PKT_SCHED_H 1
| #define HAVE_SYS_RANDOM_H 1
| #define TIME_WITH_SYS_TIME 1
| #define HAVE_UINT8_T 1
| #define HAVE_U_INT8_T 1
| #define HAVE_UINT16_T 1
| #define HAVE_U_INT16_T 1
| #define HAVE_UINT32_T 1
| #define HAVE_U_INT32_T 1
| #define HAVE_STRUCT_SOCKADDR_STORAGE 1
| #define HAVE_STRUCT_SOCKADDR_IN6 1
| #define HAVE_STRUCT_IN6_ADDR 1
| #define HAVE_STRUCT_ADDRINFO 1
| #define HAVE_GAI_STRERROR 1
| #define HAVE_GAI_STRERROR 1
| #define HAVE_CONST_GAI_STRERROR_PROTO 1
| #define HAVE_STRUCT_UTMP_UT_HOST 1
| #define HAVE_STRUCT_UTMP_UT_PID 1
| #define HAVE_STRUCT_UTMP_UT_TYPE 1
| #define HAVE_STRUCT_UTMP_UT_TV 1
| #define HAVE_STRUCT_UTMP_UT_ID 1
| #define HAVE_STRUCT_UTMP_UT_ADDR 1
| #define HAVE_STRUCT_UTMP_UT_ADDR_V6 1
| #define HAVE_STRUCT_UTMP_UT_EXIT 1
| #define HAVE_STRUCT_UTMP_UT_TIME 1
| #define HAVE_STRUCT_UTMPX_UT_HOST 1
| #define HAVE_STRUCT_UTMPX_UT_TYPE 1
| #define HAVE_STRUCT_UTMPX_UT_ID 1
| #define HAVE_STRUCT_UTMPX_UT_ADDR_V6 1
| /* end confdefs.h.  */
| 
| #include <sys/types.h>
| #include <sys/socket.h>
| #if HAVE_UTMPX_H
| #include <utmpx.h>
| #endif
| 
| 
| int
| main ()
| {
| static struct utmpx ac_aggr;
| if (sizeof ac_aggr.ut_time)
| return 0;
|   ;
|   return 0;
| }
configure:6438: result: no
configure:6454: checking for struct utmpx.ut_tv
configure:6454: /opt/toolchains//crosstools-arm-gcc-5.5-linux-4.1-glibc-2.26-binutils-2.28.1/usr/bin/arm-buildroot-linux-gnueabi-gcc -c -Os -W -Wall -Wno-pointer-sign -fno-strict-overflow -fPIE -fstack-protector-strong -D_FORTIFY_SOURCE=2  conftest.c >&5
conftest.c: In function 'main':
conftest.c:84:5: error: used struct type value where scalar is required
 if (ac_aggr.ut_tv)
     ^
conftest.c:83:21: warning: variable 'ac_aggr' set but not used [-Wunused-but-set-variable]
 static struct utmpx ac_aggr;
                     ^
configure:6454: $? = 1
configure: failed program was:
| /* confdefs.h */
| #define PACKAGE_NAME ""
| #define PACKAGE_TARNAME ""
| #define PACKAGE_VERSION ""
| #define PACKAGE_STRING ""
| #define PACKAGE_BUGREPORT ""
| #define PACKAGE_URL ""
| #define _FILE_OFFSET_BITS 64
| #define STDC_HEADERS 1
| #define HAVE_SYS_TYPES_H 1
| #define HAVE_SYS_STAT_H 1
| #define HAVE_STDLIB_H 1
| #define HAVE_STRING_H 1
| #define HAVE_MEMORY_H 1
| #define HAVE_STRINGS_H 1
| #define HAVE_INTTYPES_H 1
| #define HAVE_STDINT_H 1
| #define HAVE_UNISTD_H 1
| #define HAVE_CRYPT 1
| #define DISABLE_ZLIB 1
| #define DISABLE_PAM 1
| #define HAVE_OPENPTY /**/
| #define HAVE_SHADOW_H 1
| #define DROPBEAR_PLUGIN 0
| #define DROPBEAR_FUZZ 0
| #define STDC_HEADERS 1
| #define HAVE_SYS_WAIT_H 1
| #define HAVE_NETINET_IN_H 1
| #define HAVE_NETINET_TCP_H 1
| #define HAVE_CRYPT_H 1
| #define HAVE_PTY_H 1
| #define HAVE_LIBGEN_H 1
| #define HAVE_INTTYPES_H 1
| #define HAVE_STROPTS_H 1
| #define HAVE_UTMP_H 1
| #define HAVE_UTMPX_H 1
| #define HAVE_LASTLOG_H 1
| #define HAVE_PATHS_H 1
| #define HAVE_NETDB_H 1
| #define HAVE_NETINET_IN_SYSTM_H 1
| #define HAVE_SYS_UIO_H 1
| #define HAVE_LINUX_PKT_SCHED_H 1
| #define HAVE_SYS_RANDOM_H 1
| #define TIME_WITH_SYS_TIME 1
| #define HAVE_UINT8_T 1
| #define HAVE_U_INT8_T 1
| #define HAVE_UINT16_T 1
| #define HAVE_U_INT16_T 1
| #define HAVE_UINT32_T 1
| #define HAVE_U_INT32_T 1
| #define HAVE_STRUCT_SOCKADDR_STORAGE 1
| #define HAVE_STRUCT_SOCKADDR_IN6 1
| #define HAVE_STRUCT_IN6_ADDR 1
| #define HAVE_STRUCT_ADDRINFO 1
| #define HAVE_GAI_STRERROR 1
| #define HAVE_GAI_STRERROR 1
| #define HAVE_CONST_GAI_STRERROR_PROTO 1
| #define HAVE_STRUCT_UTMP_UT_HOST 1
| #define HAVE_STRUCT_UTMP_UT_PID 1
| #define HAVE_STRUCT_UTMP_UT_TYPE 1
| #define HAVE_STRUCT_UTMP_UT_TV 1
| #define HAVE_STRUCT_UTMP_UT_ID 1
| #define HAVE_STRUCT_UTMP_UT_ADDR 1
| #define HAVE_STRUCT_UTMP_UT_ADDR_V6 1
| #define HAVE_STRUCT_UTMP_UT_EXIT 1
| #define HAVE_STRUCT_UTMP_UT_TIME 1
| #define HAVE_STRUCT_UTMPX_UT_HOST 1
| #define HAVE_STRUCT_UTMPX_UT_TYPE 1
| #define HAVE_STRUCT_UTMPX_UT_ID 1
| #define HAVE_STRUCT_UTMPX_UT_ADDR_V6 1
| /* end confdefs.h.  */
| 
| #include <sys/types.h>
| #include <sys/socket.h>
| #if HAVE_UTMPX_H
| #include <utmpx.h>
| #endif
| 
| 
| int
| main ()
| {
| static struct utmpx ac_aggr;
| if (ac_aggr.ut_tv)
| return 0;
|   ;
|   return 0;
| }
configure:6454: /opt/toolchains//crosstools-arm-gcc-5.5-linux-4.1-glibc-2.26-binutils-2.28.1/usr/bin/arm-buildroot-linux-gnueabi-gcc -c -Os -W -Wall -Wno-pointer-sign -fno-strict-overflow -fPIE -fstack-protector-strong -D_FORTIFY_SOURCE=2  conftest.c >&5
configure:6454: $? = 0
configure:6454: result: yes
configure:6472: checking for struct sockaddr_storage.ss_family
configure:6472: /opt/toolchains//crosstools-arm-gcc-5.5-linux-4.1-glibc-2.26-binutils-2.28.1/usr/bin/arm-buildroot-linux-gnueabi-gcc -c -Os -W -Wall -Wno-pointer-sign -fno-strict-overflow -fPIE -fstack-protector-strong -D_FORTIFY_SOURCE=2  conftest.c >&5
configure:6472: $? = 0
configure:6472: result: yes
configure:6490: checking for endutent
configure:6490: /opt/toolchains//crosstools-arm-gcc-5.5-linux-4.1-glibc-2.26-binutils-2.28.1/usr/bin/arm-buildroot-linux-gnueabi-gcc -o conftest -Os -W -Wall -Wno-pointer-sign -fno-strict-overflow -fPIE -fstack-protector-strong -D_FORTIFY_SOURCE=2   -Wl,-pie -Wl,-z,now -Wl,-z,relro conftest.c -lutil  >&5
configure:6490: $? = 0
configure:6490: result: yes
configure:6490: checking for getutent
configure:6490: /opt/toolchains//crosstools-arm-gcc-5.5-linux-4.1-glibc-2.26-binutils-2.28.1/usr/bin/arm-buildroot-linux-gnueabi-gcc -o conftest -Os -W -Wall -Wno-pointer-sign -fno-strict-overflow -fPIE -fstack-protector-strong -D_FORTIFY_SOURCE=2   -Wl,-pie -Wl,-z,now -Wl,-z,relro conftest.c -lutil  >&5
configure:6490: $? = 0
configure:6490: result: yes
configure:6490: checking for getutid
configure:6490: /opt/toolchains//crosstools-arm-gcc-5.5-linux-4.1-glibc-2.26-binutils-2.28.1/usr/bin/arm-buildroot-linux-gnueabi-gcc -o conftest -Os -W -Wall -Wno-pointer-sign -fno-strict-overflow -fPIE -fstack-protector-strong -D_FORTIFY_SOURCE=2   -Wl,-pie -Wl,-z,now -Wl,-z,relro conftest.c -lutil  >&5
configure:6490: $? = 0
configure:6490: result: yes
configure:6490: checking for getutline
configure:6490: /opt/toolchains//crosstools-arm-gcc-5.5-linux-4.1-glibc-2.26-binutils-2.28.1/usr/bin/arm-buildroot-linux-gnueabi-gcc -o conftest -Os -W -Wall -Wno-pointer-sign -fno-strict-overflow -fPIE -fstack-protector-strong -D_FORTIFY_SOURCE=2   -Wl,-pie -Wl,-z,now -Wl,-z,relro conftest.c -lutil  >&5
configure:6490: $? = 0
configure:6490: result: yes
configure:6490: checking for pututline
configure:6490: /opt/toolchains//crosstools-arm-gcc-5.5-linux-4.1-glibc-2.26-binutils-2.28.1/usr/bin/arm-buildroot-linux-gnueabi-gcc -o conftest -Os -W -Wall -Wno-pointer-sign -fno-strict-overflow -fPIE -fstack-protector-strong -D_FORTIFY_SOURCE=2   -Wl,-pie -Wl,-z,now -Wl,-z,relro conftest.c -lutil  >&5
configure:6490: $? = 0
configure:6490: result: yes
configure:6490: checking for setutent
configure:6490: /opt/toolchains//crosstools-arm-gcc-5.5-linux-4.1-glibc-2.26-binutils-2.28.1/usr/bin/arm-buildroot-linux-gnueabi-gcc -o conftest -Os -W -Wall -Wno-pointer-sign -fno-strict-overflow -fPIE -fstack-protector-strong -D_FORTIFY_SOURCE=2   -Wl,-pie -Wl,-z,now -Wl,-z,relro conftest.c -lutil  >&5
configure:6490: $? = 0
configure:6490: result: yes
configure:6501: checking for utmpname
configure:6501: /opt/toolchains//crosstools-arm-gcc-5.5-linux-4.1-glibc-2.26-binutils-2.28.1/usr/bin/arm-buildroot-linux-gnueabi-gcc -o conftest -Os -W -Wall -Wno-pointer-sign -fno-strict-overflow -fPIE -fstack-protector-strong -D_FORTIFY_SOURCE=2   -Wl,-pie -Wl,-z,now -Wl,-z,relro conftest.c -lutil  >&5
configure:6501: $? = 0
configure:6501: result: yes
configure:6513: checking for endutxent
configure:6513: /opt/toolchains//crosstools-arm-gcc-5.5-linux-4.1-glibc-2.26-binutils-2.28.1/usr/bin/arm-buildroot-linux-gnueabi-gcc -o conftest -Os -W -Wall -Wno-pointer-sign -fno-strict-overflow -fPIE -fstack-protector-strong -D_FORTIFY_SOURCE=2   -Wl,-pie -Wl,-z,now -Wl,-z,relro conftest.c -lutil  >&5
configure:6513: $? = 0
configure:6513: result: yes
configure:6513: checking for getutxent
configure:6513: /opt/toolchains//crosstools-arm-gcc-5.5-linux-4.1-glibc-2.26-binutils-2.28.1/usr/bin/arm-buildroot-linux-gnueabi-gcc -o conftest -Os -W -Wall -Wno-pointer-sign -fno-strict-overflow -fPIE -fstack-protector-strong -D_FORTIFY_SOURCE=2   -Wl,-pie -Wl,-z,now -Wl,-z,relro conftest.c -lutil  >&5
configure:6513: $? = 0
configure:6513: result: yes
configure:6513: checking for getutxid
configure:6513: /opt/toolchains//crosstools-arm-gcc-5.5-linux-4.1-glibc-2.26-binutils-2.28.1/usr/bin/arm-buildroot-linux-gnueabi-gcc -o conftest -Os -W -Wall -Wno-pointer-sign -fno-strict-overflow -fPIE -fstack-protector-strong -D_FORTIFY_SOURCE=2   -Wl,-pie -Wl,-z,now -Wl,-z,relro conftest.c -lutil  >&5
configure:6513: $? = 0
configure:6513: result: yes
configure:6513: checking for getutxline
configure:6513: /opt/toolchains//crosstools-arm-gcc-5.5-linux-4.1-glibc-2.26-binutils-2.28.1/usr/bin/arm-buildroot-linux-gnueabi-gcc -o conftest -Os -W -Wall -Wno-pointer-sign -fno-strict-overflow -fPIE -fstack-protector-strong -D_FORTIFY_SOURCE=2   -Wl,-pie -Wl,-z,now -Wl,-z,relro conftest.c -lutil  >&5
configure:6513: $? = 0
configure:6513: result: yes
configure:6513: checking for pututxline
configure:6513: /opt/toolchains//crosstools-arm-gcc-5.5-linux-4.1-glibc-2.26-binutils-2.28.1/usr/bin/arm-buildroot-linux-gnueabi-gcc -o conftest -Os -W -Wall -Wno-pointer-sign -fno-strict-overflow -fPIE -fstack-protector-strong -D_FORTIFY_SOURCE=2   -Wl,-pie -Wl,-z,now -Wl,-z,relro conftest.c -lutil  >&5
configure:6513: $? = 0
configure:6513: result: yes
configure:6525: checking for setutxent
configure:6525: /opt/toolchains//crosstools-arm-gcc-5.5-linux-4.1-glibc-2.26-binutils-2.28.1/usr/bin/arm-buildroot-linux-gnueabi-gcc -o conftest -Os -W -Wall -Wno-pointer-sign -fno-strict-overflow -fPIE -fstack-protector-strong -D_FORTIFY_SOURCE=2   -Wl,-pie -Wl,-z,now -Wl,-z,relro conftest.c -lutil  >&5
configure:6525: $? = 0
configure:6525: result: yes
configure:6525: checking for utmpxname
configure:6525: /opt/toolchains//crosstools-arm-gcc-5.5-linux-4.1-glibc-2.26-binutils-2.28.1/usr/bin/arm-buildroot-linux-gnueabi-gcc -o conftest -Os -W -Wall -Wno-pointer-sign -fno-strict-overflow -fPIE -fstack-protector-strong -D_FORTIFY_SOURCE=2   -Wl,-pie -Wl,-z,now -Wl,-z,relro conftest.c -lutil  >&5
configure:6525: $? = 0
configure:6525: result: yes
configure:6537: checking for logout
configure:6537: /opt/toolchains//crosstools-arm-gcc-5.5-linux-4.1-glibc-2.26-binutils-2.28.1/usr/bin/arm-buildroot-linux-gnueabi-gcc -o conftest -Os -W -Wall -Wno-pointer-sign -fno-strict-overflow -fPIE -fstack-protector-strong -D_FORTIFY_SOURCE=2   -Wl,-pie -Wl,-z,now -Wl,-z,relro conftest.c -lutil  >&5
configure:6537: $? = 0
configure:6537: result: yes
configure:6537: checking for updwtmp
configure:6537: /opt/toolchains//crosstools-arm-gcc-5.5-linux-4.1-glibc-2.26-binutils-2.28.1/usr/bin/arm-buildroot-linux-gnueabi-gcc -o conftest -Os -W -Wall -Wno-pointer-sign -fno-strict-overflow -fPIE -fstack-protector-strong -D_FORTIFY_SOURCE=2   -Wl,-pie -Wl,-z,now -Wl,-z,relro conftest.c -lutil  >&5
configure:6537: $? = 0
configure:6537: result: yes
configure:6537: checking for logwtmp
configure:6537: /opt/toolchains//crosstools-arm-gcc-5.5-linux-4.1-glibc-2.26-binutils-2.28.1/usr/bin/arm-buildroot-linux-gnueabi-gcc -o conftest -Os -W -Wall -Wno-pointer-sign -fno-strict-overflow -fPIE -fstack-protector-strong -D_FORTIFY_SOURCE=2   -Wl,-pie -Wl,-z,now -Wl,-z,relro conftest.c -lutil  >&5
configure:6537: $? = 0
configure:6537: result: yes
configure:6550: checking for clock_gettime
configure:6550: /opt/toolchains//crosstools-arm-gcc-5.5-linux-4.1-glibc-2.26-binutils-2.28.1/usr/bin/arm-buildroot-linux-gnueabi-gcc -o conftest -Os -W -Wall -Wno-pointer-sign -fno-strict-overflow -fPIE -fstack-protector-strong -D_FORTIFY_SOURCE=2   -Wl,-pie -Wl,-z,now -Wl,-z,relro conftest.c -lutil  >&5
configure:6550: $? = 0
configure:6550: result: yes
configure:6563: checking mach/mach_time.h usability
configure:6563: /opt/toolchains//crosstools-arm-gcc-5.5-linux-4.1-glibc-2.26-binutils-2.28.1/usr/bin/arm-buildroot-linux-gnueabi-gcc -c -Os -W -Wall -Wno-pointer-sign -fno-strict-overflow -fPIE -fstack-protector-strong -D_FORTIFY_SOURCE=2  conftest.c >&5
conftest.c:125:28: fatal error: mach/mach_time.h: No such file or directory
compilation terminated.
configure:6563: $? = 1
configure: failed program was:
| /* confdefs.h */
| #define PACKAGE_NAME ""
| #define PACKAGE_TARNAME ""
| #define PACKAGE_VERSION ""
| #define PACKAGE_STRING ""
| #define PACKAGE_BUGREPORT ""
| #define PACKAGE_URL ""
| #define _FILE_OFFSET_BITS 64
| #define STDC_HEADERS 1
| #define HAVE_SYS_TYPES_H 1
| #define HAVE_SYS_STAT_H 1
| #define HAVE_STDLIB_H 1
| #define HAVE_STRING_H 1
| #define HAVE_MEMORY_H 1
| #define HAVE_STRINGS_H 1
| #define HAVE_INTTYPES_H 1
| #define HAVE_STDINT_H 1
| #define HAVE_UNISTD_H 1
| #define HAVE_CRYPT 1
| #define DISABLE_ZLIB 1
| #define DISABLE_PAM 1
| #define HAVE_OPENPTY /**/
| #define HAVE_SHADOW_H 1
| #define DROPBEAR_PLUGIN 0
| #define DROPBEAR_FUZZ 0
| #define STDC_HEADERS 1
| #define HAVE_SYS_WAIT_H 1
| #define HAVE_NETINET_IN_H 1
| #define HAVE_NETINET_TCP_H 1
| #define HAVE_CRYPT_H 1
| #define HAVE_PTY_H 1
| #define HAVE_LIBGEN_H 1
| #define HAVE_INTTYPES_H 1
| #define HAVE_STROPTS_H 1
| #define HAVE_UTMP_H 1
| #define HAVE_UTMPX_H 1
| #define HAVE_LASTLOG_H 1
| #define HAVE_PATHS_H 1
| #define HAVE_NETDB_H 1
| #define HAVE_NETINET_IN_SYSTM_H 1
| #define HAVE_SYS_UIO_H 1
| #define HAVE_LINUX_PKT_SCHED_H 1
| #define HAVE_SYS_RANDOM_H 1
| #define TIME_WITH_SYS_TIME 1
| #define HAVE_UINT8_T 1
| #define HAVE_U_INT8_T 1
| #define HAVE_UINT16_T 1
| #define HAVE_U_INT16_T 1
| #define HAVE_UINT32_T 1
| #define HAVE_U_INT32_T 1
| #define HAVE_STRUCT_SOCKADDR_STORAGE 1
| #define HAVE_STRUCT_SOCKADDR_IN6 1
| #define HAVE_STRUCT_IN6_ADDR 1
| #define HAVE_STRUCT_ADDRINFO 1
| #define HAVE_GAI_STRERROR 1
| #define HAVE_GAI_STRERROR 1
| #define HAVE_CONST_GAI_STRERROR_PROTO 1
| #define HAVE_STRUCT_UTMP_UT_HOST 1
| #define HAVE_STRUCT_UTMP_UT_PID 1
| #define HAVE_STRUCT_UTMP_UT_TYPE 1
| #define HAVE_STRUCT_UTMP_UT_TV 1
| #define HAVE_STRUCT_UTMP_UT_ID 1
| #define HAVE_STRUCT_UTMP_UT_ADDR 1
| #define HAVE_STRUCT_UTMP_UT_ADDR_V6 1
| #define HAVE_STRUCT_UTMP_UT_EXIT 1
| #define HAVE_STRUCT_UTMP_UT_TIME 1
| #define HAVE_STRUCT_UTMPX_UT_HOST 1
| #define HAVE_STRUCT_UTMPX_UT_TYPE 1
| #define HAVE_STRUCT_UTMPX_UT_ID 1
| #define HAVE_STRUCT_UTMPX_UT_ADDR_V6 1
| #define HAVE_STRUCT_UTMPX_UT_TV 1
| #define HAVE_STRUCT_SOCKADDR_STORAGE_SS_FAMILY 1
| #define HAVE_ENDUTENT 1
| #define HAVE_GETUTENT 1
| #define HAVE_GETUTID 1
| #define HAVE_GETUTLINE 1
| #define HAVE_PUTUTLINE 1
| #define HAVE_SETUTENT 1
| #define HAVE_UTMPNAME 1
| #define HAVE_ENDUTXENT 1
| #define HAVE_GETUTXENT 1
| #define HAVE_GETUTXID 1
| #define HAVE_GETUTXLINE 1
| #define HAVE_PUTUTXLINE 1
| #define HAVE_SETUTXENT 1
| #define HAVE_UTMPXNAME 1
| #define HAVE_LOGOUT 1
| #define HAVE_UPDWTMP 1
| #define HAVE_LOGWTMP 1
| #define HAVE_CLOCK_GETTIME 1
| /* end confdefs.h.  */
| #include <stdio.h>
| #ifdef HAVE_SYS_TYPES_H
| # include <sys/types.h>
| #endif
| #ifdef HAVE_SYS_STAT_H
| # include <sys/stat.h>
| #endif
| #ifdef STDC_HEADERS
| # include <stdlib.h>
| # include <stddef.h>
| #else
| # ifdef HAVE_STDLIB_H
| #  include <stdlib.h>
| # endif
| #endif
| #ifdef HAVE_STRING_H
| # if !defined STDC_HEADERS && defined HAVE_MEMORY_H
| #  include <memory.h>
| # endif
| # include <string.h>
| #endif
| #ifdef HAVE_STRINGS_H
| # include <strings.h>
| #endif
| #ifdef HAVE_INTTYPES_H
| # include <inttypes.h>
| #endif
| #ifdef HAVE_STDINT_H
| # include <stdint.h>
| #endif
| #ifdef HAVE_UNISTD_H
| # include <unistd.h>
| #endif
| #include <mach/mach_time.h>
configure:6563: result: no
configure:6563: checking mach/mach_time.h presence
configure:6563: /opt/toolchains//crosstools-arm-gcc-5.5-linux-4.1-glibc-2.26-binutils-2.28.1/usr/bin/arm-buildroot-linux-gnueabi-cpp  conftest.c
conftest.c:92:28: fatal error: mach/mach_time.h: No such file or directory
compilation terminated.
configure:6563: $? = 1
configure: failed program was:
| /* confdefs.h */
| #define PACKAGE_NAME ""
| #define PACKAGE_TARNAME ""
| #define PACKAGE_VERSION ""
| #define PACKAGE_STRING ""
| #define PACKAGE_BUGREPORT ""
| #define PACKAGE_URL ""
| #define _FILE_OFFSET_BITS 64
| #define STDC_HEADERS 1
| #define HAVE_SYS_TYPES_H 1
| #define HAVE_SYS_STAT_H 1
| #define HAVE_STDLIB_H 1
| #define HAVE_STRING_H 1
| #define HAVE_MEMORY_H 1
| #define HAVE_STRINGS_H 1
| #define HAVE_INTTYPES_H 1
| #define HAVE_STDINT_H 1
| #define HAVE_UNISTD_H 1
| #define HAVE_CRYPT 1
| #define DISABLE_ZLIB 1
| #define DISABLE_PAM 1
| #define HAVE_OPENPTY /**/
| #define HAVE_SHADOW_H 1
| #define DROPBEAR_PLUGIN 0
| #define DROPBEAR_FUZZ 0
| #define STDC_HEADERS 1
| #define HAVE_SYS_WAIT_H 1
| #define HAVE_NETINET_IN_H 1
| #define HAVE_NETINET_TCP_H 1
| #define HAVE_CRYPT_H 1
| #define HAVE_PTY_H 1
| #define HAVE_LIBGEN_H 1
| #define HAVE_INTTYPES_H 1
| #define HAVE_STROPTS_H 1
| #define HAVE_UTMP_H 1
| #define HAVE_UTMPX_H 1
| #define HAVE_LASTLOG_H 1
| #define HAVE_PATHS_H 1
| #define HAVE_NETDB_H 1
| #define HAVE_NETINET_IN_SYSTM_H 1
| #define HAVE_SYS_UIO_H 1
| #define HAVE_LINUX_PKT_SCHED_H 1
| #define HAVE_SYS_RANDOM_H 1
| #define TIME_WITH_SYS_TIME 1
| #define HAVE_UINT8_T 1
| #define HAVE_U_INT8_T 1
| #define HAVE_UINT16_T 1
| #define HAVE_U_INT16_T 1
| #define HAVE_UINT32_T 1
| #define HAVE_U_INT32_T 1
| #define HAVE_STRUCT_SOCKADDR_STORAGE 1
| #define HAVE_STRUCT_SOCKADDR_IN6 1
| #define HAVE_STRUCT_IN6_ADDR 1
| #define HAVE_STRUCT_ADDRINFO 1
| #define HAVE_GAI_STRERROR 1
| #define HAVE_GAI_STRERROR 1
| #define HAVE_CONST_GAI_STRERROR_PROTO 1
| #define HAVE_STRUCT_UTMP_UT_HOST 1
| #define HAVE_STRUCT_UTMP_UT_PID 1
| #define HAVE_STRUCT_UTMP_UT_TYPE 1
| #define HAVE_STRUCT_UTMP_UT_TV 1
| #define HAVE_STRUCT_UTMP_UT_ID 1
| #define HAVE_STRUCT_UTMP_UT_ADDR 1
| #define HAVE_STRUCT_UTMP_UT_ADDR_V6 1
| #define HAVE_STRUCT_UTMP_UT_EXIT 1
| #define HAVE_STRUCT_UTMP_UT_TIME 1
| #define HAVE_STRUCT_UTMPX_UT_HOST 1
| #define HAVE_STRUCT_UTMPX_UT_TYPE 1
| #define HAVE_STRUCT_UTMPX_UT_ID 1
| #define HAVE_STRUCT_UTMPX_UT_ADDR_V6 1
| #define HAVE_STRUCT_UTMPX_UT_TV 1
| #define HAVE_STRUCT_SOCKADDR_STORAGE_SS_FAMILY 1
| #define HAVE_ENDUTENT 1
| #define HAVE_GETUTENT 1
| #define HAVE_GETUTID 1
| #define HAVE_GETUTLINE 1
| #define HAVE_PUTUTLINE 1
| #define HAVE_SETUTENT 1
| #define HAVE_UTMPNAME 1
| #define HAVE_ENDUTXENT 1
| #define HAVE_GETUTXENT 1
| #define HAVE_GETUTXID 1
| #define HAVE_GETUTXLINE 1
| #define HAVE_PUTUTXLINE 1
| #define HAVE_SETUTXENT 1
| #define HAVE_UTMPXNAME 1
| #define HAVE_LOGOUT 1
| #define HAVE_UPDWTMP 1
| #define HAVE_LOGWTMP 1
| #define HAVE_CLOCK_GETTIME 1
| /* end confdefs.h.  */
| #include <mach/mach_time.h>
configure:6563: result: no
configure:6563: checking for mach/mach_time.h
configure:6563: result: no
configure:6575: checking for mach_absolute_time
configure:6575: /opt/toolchains//crosstools-arm-gcc-5.5-linux-4.1-glibc-2.26-binutils-2.28.1/usr/bin/arm-buildroot-linux-gnueabi-gcc -o conftest -Os -W -Wall -Wno-pointer-sign -fno-strict-overflow -fPIE -fstack-protector-strong -D_FORTIFY_SOURCE=2   -Wl,-pie -Wl,-z,now -Wl,-z,relro conftest.c -lutil  >&5
/tmp/ccS9xCf1.o: In function `main':
conftest.c:(.text.startup+0x4): undefined reference to `mach_absolute_time'
collect2: error: ld returned 1 exit status
configure:6575: $? = 1
configure: failed program was:
| /* confdefs.h */
| #define PACKAGE_NAME ""
| #define PACKAGE_TARNAME ""
| #define PACKAGE_VERSION ""
| #define PACKAGE_STRING ""
| #define PACKAGE_BUGREPORT ""
| #define PACKAGE_URL ""
| #define _FILE_OFFSET_BITS 64
| #define STDC_HEADERS 1
| #define HAVE_SYS_TYPES_H 1
| #define HAVE_SYS_STAT_H 1
| #define HAVE_STDLIB_H 1
| #define HAVE_STRING_H 1
| #define HAVE_MEMORY_H 1
| #define HAVE_STRINGS_H 1
| #define HAVE_INTTYPES_H 1
| #define HAVE_STDINT_H 1
| #define HAVE_UNISTD_H 1
| #define HAVE_CRYPT 1
| #define DISABLE_ZLIB 1
| #define DISABLE_PAM 1
| #define HAVE_OPENPTY /**/
| #define HAVE_SHADOW_H 1
| #define DROPBEAR_PLUGIN 0
| #define DROPBEAR_FUZZ 0
| #define STDC_HEADERS 1
| #define HAVE_SYS_WAIT_H 1
| #define HAVE_NETINET_IN_H 1
| #define HAVE_NETINET_TCP_H 1
| #define HAVE_CRYPT_H 1
| #define HAVE_PTY_H 1
| #define HAVE_LIBGEN_H 1
| #define HAVE_INTTYPES_H 1
| #define HAVE_STROPTS_H 1
| #define HAVE_UTMP_H 1
| #define HAVE_UTMPX_H 1
| #define HAVE_LASTLOG_H 1
| #define HAVE_PATHS_H 1
| #define HAVE_NETDB_H 1
| #define HAVE_NETINET_IN_SYSTM_H 1
| #define HAVE_SYS_UIO_H 1
| #define HAVE_LINUX_PKT_SCHED_H 1
| #define HAVE_SYS_RANDOM_H 1
| #define TIME_WITH_SYS_TIME 1
| #define HAVE_UINT8_T 1
| #define HAVE_U_INT8_T 1
| #define HAVE_UINT16_T 1
| #define HAVE_U_INT16_T 1
| #define HAVE_UINT32_T 1
| #define HAVE_U_INT32_T 1
| #define HAVE_STRUCT_SOCKADDR_STORAGE 1
| #define HAVE_STRUCT_SOCKADDR_IN6 1
| #define HAVE_STRUCT_IN6_ADDR 1
| #define HAVE_STRUCT_ADDRINFO 1
| #define HAVE_GAI_STRERROR 1
| #define HAVE_GAI_STRERROR 1
| #define HAVE_CONST_GAI_STRERROR_PROTO 1
| #define HAVE_STRUCT_UTMP_UT_HOST 1
| #define HAVE_STRUCT_UTMP_UT_PID 1
| #define HAVE_STRUCT_UTMP_UT_TYPE 1
| #define HAVE_STRUCT_UTMP_UT_TV 1
| #define HAVE_STRUCT_UTMP_UT_ID 1
| #define HAVE_STRUCT_UTMP_UT_ADDR 1
| #define HAVE_STRUCT_UTMP_UT_ADDR_V6 1
| #define HAVE_STRUCT_UTMP_UT_EXIT 1
| #define HAVE_STRUCT_UTMP_UT_TIME 1
| #define HAVE_STRUCT_UTMPX_UT_HOST 1
| #define HAVE_STRUCT_UTMPX_UT_TYPE 1
| #define HAVE_STRUCT_UTMPX_UT_ID 1
| #define HAVE_STRUCT_UTMPX_UT_ADDR_V6 1
| #define HAVE_STRUCT_UTMPX_UT_TV 1
| #define HAVE_STRUCT_SOCKADDR_STORAGE_SS_FAMILY 1
| #define HAVE_ENDUTENT 1
| #define HAVE_GETUTENT 1
| #define HAVE_GETUTID 1
| #define HAVE_GETUTLINE 1
| #define HAVE_PUTUTLINE 1
| #define HAVE_SETUTENT 1
| #define HAVE_UTMPNAME 1
| #define HAVE_ENDUTXENT 1
| #define HAVE_GETUTXENT 1
| #define HAVE_GETUTXID 1
| #define HAVE_GETUTXLINE 1
| #define HAVE_PUTUTXLINE 1
| #define HAVE_SETUTXENT 1
| #define HAVE_UTMPXNAME 1
| #define HAVE_LOGOUT 1
| #define HAVE_UPDWTMP 1
| #define HAVE_LOGWTMP 1
| #define HAVE_CLOCK_GETTIME 1
| /* end confdefs.h.  */
| /* Define mach_absolute_time to an innocuous variant, in case <limits.h> declares mach_absolute_time.
|    For example, HP-UX 11i <limits.h> declares gettimeofday.  */
| #define mach_absolute_time innocuous_mach_absolute_time
| 
| /* System header to define __stub macros and hopefully few prototypes,
|     which can conflict with char mach_absolute_time (); below.
|     Prefer <limits.h> to <assert.h> if __STDC__ is defined, since
|     <limits.h> exists even on freestanding compilers.  */
| 
| #ifdef __STDC__
| # include <limits.h>
| #else
| # include <assert.h>
| #endif
| 
| #undef mach_absolute_time
| 
| /* Override any GCC internal prototype to avoid an error.
|    Use char because int might match the return type of a GCC
|    builtin and then its argument prototype would still apply.  */
| #ifdef __cplusplus
| extern "C"
| #endif
| char mach_absolute_time ();
| /* The GNU C library defines this for functions which it implements
|     to always fail with ENOSYS.  Some functions are actually named
|     something starting with __ and the normal name is an alias.  */
| #if defined __stub_mach_absolute_time || defined __stub___mach_absolute_time
| choke me
| #endif
| 
| int
| main ()
| {
| return mach_absolute_time ();
|   ;
|   return 0;
| }
configure:6575: result: no
configure:6588: checking for explicit_bzero
configure:6588: /opt/toolchains//crosstools-arm-gcc-5.5-linux-4.1-glibc-2.26-binutils-2.28.1/usr/bin/arm-buildroot-linux-gnueabi-gcc -o conftest -Os -W -Wall -Wno-pointer-sign -fno-strict-overflow -fPIE -fstack-protector-strong -D_FORTIFY_SOURCE=2   -Wl,-pie -Wl,-z,now -Wl,-z,relro conftest.c -lutil  >&5
configure:6588: $? = 0
configure:6588: result: yes
configure:6588: checking for memset_s
configure:6588: /opt/toolchains//crosstools-arm-gcc-5.5-linux-4.1-glibc-2.26-binutils-2.28.1/usr/bin/arm-buildroot-linux-gnueabi-gcc -o conftest -Os -W -Wall -Wno-pointer-sign -fno-strict-overflow -fPIE -fstack-protector-strong -D_FORTIFY_SOURCE=2   -Wl,-pie -Wl,-z,now -Wl,-z,relro conftest.c -lutil  >&5
/tmp/cczDV9K2.o: In function `main':
conftest.c:(.text.startup+0x4): undefined reference to `memset_s'
collect2: error: ld returned 1 exit status
configure:6588: $? = 1
configure: failed program was:
| /* confdefs.h */
| #define PACKAGE_NAME ""
| #define PACKAGE_TARNAME ""
| #define PACKAGE_VERSION ""
| #define PACKAGE_STRING ""
| #define PACKAGE_BUGREPORT ""
| #define PACKAGE_URL ""
| #define _FILE_OFFSET_BITS 64
| #define STDC_HEADERS 1
| #define HAVE_SYS_TYPES_H 1
| #define HAVE_SYS_STAT_H 1
| #define HAVE_STDLIB_H 1
| #define HAVE_STRING_H 1
| #define HAVE_MEMORY_H 1
| #define HAVE_STRINGS_H 1
| #define HAVE_INTTYPES_H 1
| #define HAVE_STDINT_H 1
| #define HAVE_UNISTD_H 1
| #define HAVE_CRYPT 1
| #define DISABLE_ZLIB 1
| #define DISABLE_PAM 1
| #define HAVE_OPENPTY /**/
| #define HAVE_SHADOW_H 1
| #define DROPBEAR_PLUGIN 0
| #define DROPBEAR_FUZZ 0
| #define STDC_HEADERS 1
| #define HAVE_SYS_WAIT_H 1
| #define HAVE_NETINET_IN_H 1
| #define HAVE_NETINET_TCP_H 1
| #define HAVE_CRYPT_H 1
| #define HAVE_PTY_H 1
| #define HAVE_LIBGEN_H 1
| #define HAVE_INTTYPES_H 1
| #define HAVE_STROPTS_H 1
| #define HAVE_UTMP_H 1
| #define HAVE_UTMPX_H 1
| #define HAVE_LASTLOG_H 1
| #define HAVE_PATHS_H 1
| #define HAVE_NETDB_H 1
| #define HAVE_NETINET_IN_SYSTM_H 1
| #define HAVE_SYS_UIO_H 1
| #define HAVE_LINUX_PKT_SCHED_H 1
| #define HAVE_SYS_RANDOM_H 1
| #define TIME_WITH_SYS_TIME 1
| #define HAVE_UINT8_T 1
| #define HAVE_U_INT8_T 1
| #define HAVE_UINT16_T 1
| #define HAVE_U_INT16_T 1
| #define HAVE_UINT32_T 1
| #define HAVE_U_INT32_T 1
| #define HAVE_STRUCT_SOCKADDR_STORAGE 1
| #define HAVE_STRUCT_SOCKADDR_IN6 1
| #define HAVE_STRUCT_IN6_ADDR 1
| #define HAVE_STRUCT_ADDRINFO 1
| #define HAVE_GAI_STRERROR 1
| #define HAVE_GAI_STRERROR 1
| #define HAVE_CONST_GAI_STRERROR_PROTO 1
| #define HAVE_STRUCT_UTMP_UT_HOST 1
| #define HAVE_STRUCT_UTMP_UT_PID 1
| #define HAVE_STRUCT_UTMP_UT_TYPE 1
| #define HAVE_STRUCT_UTMP_UT_TV 1
| #define HAVE_STRUCT_UTMP_UT_ID 1
| #define HAVE_STRUCT_UTMP_UT_ADDR 1
| #define HAVE_STRUCT_UTMP_UT_ADDR_V6 1
| #define HAVE_STRUCT_UTMP_UT_EXIT 1
| #define HAVE_STRUCT_UTMP_UT_TIME 1
| #define HAVE_STRUCT_UTMPX_UT_HOST 1
| #define HAVE_STRUCT_UTMPX_UT_TYPE 1
| #define HAVE_STRUCT_UTMPX_UT_ID 1
| #define HAVE_STRUCT_UTMPX_UT_ADDR_V6 1
| #define HAVE_STRUCT_UTMPX_UT_TV 1
| #define HAVE_STRUCT_SOCKADDR_STORAGE_SS_FAMILY 1
| #define HAVE_ENDUTENT 1
| #define HAVE_GETUTENT 1
| #define HAVE_GETUTID 1
| #define HAVE_GETUTLINE 1
| #define HAVE_PUTUTLINE 1
| #define HAVE_SETUTENT 1
| #define HAVE_UTMPNAME 1
| #define HAVE_ENDUTXENT 1
| #define HAVE_GETUTXENT 1
| #define HAVE_GETUTXID 1
| #define HAVE_GETUTXLINE 1
| #define HAVE_PUTUTXLINE 1
| #define HAVE_SETUTXENT 1
| #define HAVE_UTMPXNAME 1
| #define HAVE_LOGOUT 1
| #define HAVE_UPDWTMP 1
| #define HAVE_LOGWTMP 1
| #define HAVE_CLOCK_GETTIME 1
| #define HAVE_EXPLICIT_BZERO 1
| /* end confdefs.h.  */
| /* Define memset_s to an innocuous variant, in case <limits.h> declares memset_s.
|    For example, HP-UX 11i <limits.h> declares gettimeofday.  */
| #define memset_s innocuous_memset_s
| 
| /* System header to define __stub macros and hopefully few prototypes,
|     which can conflict with char memset_s (); below.
|     Prefer <limits.h> to <assert.h> if __STDC__ is defined, since
|     <limits.h> exists even on freestanding compilers.  */
| 
| #ifdef __STDC__
| # include <limits.h>
| #else
| # include <assert.h>
| #endif
| 
| #undef memset_s
| 
| /* Override any GCC internal prototype to avoid an error.
|    Use char because int might match the return type of a GCC
|    builtin and then its argument prototype would still apply.  */
| #ifdef __cplusplus
| extern "C"
| #endif
| char memset_s ();
| /* The GNU C library defines this for functions which it implements
|     to always fail with ENOSYS.  Some functions are actually named
|     something starting with __ and the normal name is an alias.  */
| #if defined __stub_memset_s || defined __stub___memset_s
| choke me
| #endif
| 
| int
| main ()
| {
| return memset_s ();
|   ;
|   return 0;
| }
configure:6588: result: no
configure:6588: checking for getrandom
configure:6588: /opt/toolchains//crosstools-arm-gcc-5.5-linux-4.1-glibc-2.26-binutils-2.28.1/usr/bin/arm-buildroot-linux-gnueabi-gcc -o conftest -Os -W -Wall -Wno-pointer-sign -fno-strict-overflow -fPIE -fstack-protector-strong -D_FORTIFY_SOURCE=2   -Wl,-pie -Wl,-z,now -Wl,-z,relro conftest.c -lutil  >&5
configure:6588: $? = 0
configure:6588: result: yes
configure:6696: checking for mp_to_ubin in -ltommath
configure:6721: /opt/toolchains//crosstools-arm-gcc-5.5-linux-4.1-glibc-2.26-binutils-2.28.1/usr/bin/arm-buildroot-linux-gnueabi-gcc -o conftest -Os -W -Wall -Wno-pointer-sign -fno-strict-overflow -fPIE -fstack-protector-strong -D_FORTIFY_SOURCE=2   -Wl,-pie -Wl,-z,now -Wl,-z,relro conftest.c -ltommath  -lutil  >&5
/opt/toolchains/crosstools-arm-gcc-5.5-linux-4.1-glibc-2.26-binutils-2.28.1/lib/gcc/arm-buildroot-linux-gnueabi/5.5.0/../../../../arm-buildroot-linux-gnueabi/bin/ld: cannot find -ltommath
collect2: error: ld returned 1 exit status
configure:6721: $? = 1
configure: failed program was:
| /* confdefs.h */
| #define PACKAGE_NAME ""
| #define PACKAGE_TARNAME ""
| #define PACKAGE_VERSION ""
| #define PACKAGE_STRING ""
| #define PACKAGE_BUGREPORT ""
| #define PACKAGE_URL ""
| #define _FILE_OFFSET_BITS 64
| #define STDC_HEADERS 1
| #define HAVE_SYS_TYPES_H 1
| #define HAVE_SYS_STAT_H 1
| #define HAVE_STDLIB_H 1
| #define HAVE_STRING_H 1
| #define HAVE_MEMORY_H 1
| #define HAVE_STRINGS_H 1
| #define HAVE_INTTYPES_H 1
| #define HAVE_STDINT_H 1
| #define HAVE_UNISTD_H 1
| #define HAVE_CRYPT 1
| #define DISABLE_ZLIB 1
| #define DISABLE_PAM 1
| #define HAVE_OPENPTY /**/
| #define HAVE_SHADOW_H 1
| #define DROPBEAR_PLUGIN 0
| #define DROPBEAR_FUZZ 0
| #define STDC_HEADERS 1
| #define HAVE_SYS_WAIT_H 1
| #define HAVE_NETINET_IN_H 1
| #define HAVE_NETINET_TCP_H 1
| #define HAVE_CRYPT_H 1
| #define HAVE_PTY_H 1
| #define HAVE_LIBGEN_H 1
| #define HAVE_INTTYPES_H 1
| #define HAVE_STROPTS_H 1
| #define HAVE_UTMP_H 1
| #define HAVE_UTMPX_H 1
| #define HAVE_LASTLOG_H 1
| #define HAVE_PATHS_H 1
| #define HAVE_NETDB_H 1
| #define HAVE_NETINET_IN_SYSTM_H 1
| #define HAVE_SYS_UIO_H 1
| #define HAVE_LINUX_PKT_SCHED_H 1
| #define HAVE_SYS_RANDOM_H 1
| #define TIME_WITH_SYS_TIME 1
| #define HAVE_UINT8_T 1
| #define HAVE_U_INT8_T 1
| #define HAVE_UINT16_T 1
| #define HAVE_U_INT16_T 1
| #define HAVE_UINT32_T 1
| #define HAVE_U_INT32_T 1
| #define HAVE_STRUCT_SOCKADDR_STORAGE 1
| #define HAVE_STRUCT_SOCKADDR_IN6 1
| #define HAVE_STRUCT_IN6_ADDR 1
| #define HAVE_STRUCT_ADDRINFO 1
| #define HAVE_GAI_STRERROR 1
| #define HAVE_GAI_STRERROR 1
| #define HAVE_CONST_GAI_STRERROR_PROTO 1
| #define HAVE_STRUCT_UTMP_UT_HOST 1
| #define HAVE_STRUCT_UTMP_UT_PID 1
| #define HAVE_STRUCT_UTMP_UT_TYPE 1
| #define HAVE_STRUCT_UTMP_UT_TV 1
| #define HAVE_STRUCT_UTMP_UT_ID 1
| #define HAVE_STRUCT_UTMP_UT_ADDR 1
| #define HAVE_STRUCT_UTMP_UT_ADDR_V6 1
| #define HAVE_STRUCT_UTMP_UT_EXIT 1
| #define HAVE_STRUCT_UTMP_UT_TIME 1
| #define HAVE_STRUCT_UTMPX_UT_HOST 1
| #define HAVE_STRUCT_UTMPX_UT_TYPE 1
| #define HAVE_STRUCT_UTMPX_UT_ID 1
| #define HAVE_STRUCT_UTMPX_UT_ADDR_V6 1
| #define HAVE_STRUCT_UTMPX_UT_TV 1
| #define HAVE_STRUCT_SOCKADDR_STORAGE_SS_FAMILY 1
| #define HAVE_ENDUTENT 1
| #define HAVE_GETUTENT 1
| #define HAVE_GETUTID 1
| #define HAVE_GETUTLINE 1
| #define HAVE_PUTUTLINE 1
| #define HAVE_SETUTENT 1
| #define HAVE_UTMPNAME 1
| #define HAVE_ENDUTXENT 1
| #define HAVE_GETUTXENT 1
| #define HAVE_GETUTXID 1
| #define HAVE_GETUTXLINE 1
| #define HAVE_PUTUTXLINE 1
| #define HAVE_SETUTXENT 1
| #define HAVE_UTMPXNAME 1
| #define HAVE_LOGOUT 1
| #define HAVE_UPDWTMP 1
| #define HAVE_LOGWTMP 1
| #define HAVE_CLOCK_GETTIME 1
| #define HAVE_EXPLICIT_BZERO 1
| #define HAVE_GETRANDOM 1
| /* end confdefs.h.  */
| 
| /* Override any GCC internal prototype to avoid an error.
|    Use char because int might match the return type of a GCC
|    builtin and then its argument prototype would still apply.  */
| #ifdef __cplusplus
| extern "C"
| #endif
| char mp_to_ubin ();
| int
| main ()
| {
| return mp_to_ubin ();
|   ;
|   return 0;
| }
configure:6730: result: no
configure:6738: checking for poly1305_init in -ltomcrypt
configure:6763: /opt/toolchains//crosstools-arm-gcc-5.5-linux-4.1-glibc-2.26-binutils-2.28.1/usr/bin/arm-buildroot-linux-gnueabi-gcc -o conftest -Os -W -Wall -Wno-pointer-sign -fno-strict-overflow -fPIE -fstack-protector-strong -D_FORTIFY_SOURCE=2   -Wl,-pie -Wl,-z,now -Wl,-z,relro conftest.c -ltomcrypt  -lutil  >&5
/opt/toolchains/crosstools-arm-gcc-5.5-linux-4.1-glibc-2.26-binutils-2.28.1/lib/gcc/arm-buildroot-linux-gnueabi/5.5.0/../../../../arm-buildroot-linux-gnueabi/bin/ld: cannot find -ltomcrypt
collect2: error: ld returned 1 exit status
configure:6763: $? = 1
configure: failed program was:
| /* confdefs.h */
| #define PACKAGE_NAME ""
| #define PACKAGE_TARNAME ""
| #define PACKAGE_VERSION ""
| #define PACKAGE_STRING ""
| #define PACKAGE_BUGREPORT ""
| #define PACKAGE_URL ""
| #define _FILE_OFFSET_BITS 64
| #define STDC_HEADERS 1
| #define HAVE_SYS_TYPES_H 1
| #define HAVE_SYS_STAT_H 1
| #define HAVE_STDLIB_H 1
| #define HAVE_STRING_H 1
| #define HAVE_MEMORY_H 1
| #define HAVE_STRINGS_H 1
| #define HAVE_INTTYPES_H 1
| #define HAVE_STDINT_H 1
| #define HAVE_UNISTD_H 1
| #define HAVE_CRYPT 1
| #define DISABLE_ZLIB 1
| #define DISABLE_PAM 1
| #define HAVE_OPENPTY /**/
| #define HAVE_SHADOW_H 1
| #define DROPBEAR_PLUGIN 0
| #define DROPBEAR_FUZZ 0
| #define STDC_HEADERS 1
| #define HAVE_SYS_WAIT_H 1
| #define HAVE_NETINET_IN_H 1
| #define HAVE_NETINET_TCP_H 1
| #define HAVE_CRYPT_H 1
| #define HAVE_PTY_H 1
| #define HAVE_LIBGEN_H 1
| #define HAVE_INTTYPES_H 1
| #define HAVE_STROPTS_H 1
| #define HAVE_UTMP_H 1
| #define HAVE_UTMPX_H 1
| #define HAVE_LASTLOG_H 1
| #define HAVE_PATHS_H 1
| #define HAVE_NETDB_H 1
| #define HAVE_NETINET_IN_SYSTM_H 1
| #define HAVE_SYS_UIO_H 1
| #define HAVE_LINUX_PKT_SCHED_H 1
| #define HAVE_SYS_RANDOM_H 1
| #define TIME_WITH_SYS_TIME 1
| #define HAVE_UINT8_T 1
| #define HAVE_U_INT8_T 1
| #define HAVE_UINT16_T 1
| #define HAVE_U_INT16_T 1
| #define HAVE_UINT32_T 1
| #define HAVE_U_INT32_T 1
| #define HAVE_STRUCT_SOCKADDR_STORAGE 1
| #define HAVE_STRUCT_SOCKADDR_IN6 1
| #define HAVE_STRUCT_IN6_ADDR 1
| #define HAVE_STRUCT_ADDRINFO 1
| #define HAVE_GAI_STRERROR 1
| #define HAVE_GAI_STRERROR 1
| #define HAVE_CONST_GAI_STRERROR_PROTO 1
| #define HAVE_STRUCT_UTMP_UT_HOST 1
| #define HAVE_STRUCT_UTMP_UT_PID 1
| #define HAVE_STRUCT_UTMP_UT_TYPE 1
| #define HAVE_STRUCT_UTMP_UT_TV 1
| #define HAVE_STRUCT_UTMP_UT_ID 1
| #define HAVE_STRUCT_UTMP_UT_ADDR 1
| #define HAVE_STRUCT_UTMP_UT_ADDR_V6 1
| #define HAVE_STRUCT_UTMP_UT_EXIT 1
| #define HAVE_STRUCT_UTMP_UT_TIME 1
| #define HAVE_STRUCT_UTMPX_UT_HOST 1
| #define HAVE_STRUCT_UTMPX_UT_TYPE 1
| #define HAVE_STRUCT_UTMPX_UT_ID 1
| #define HAVE_STRUCT_UTMPX_UT_ADDR_V6 1
| #define HAVE_STRUCT_UTMPX_UT_TV 1
| #define HAVE_STRUCT_SOCKADDR_STORAGE_SS_FAMILY 1
| #define HAVE_ENDUTENT 1
| #define HAVE_GETUTENT 1
| #define HAVE_GETUTID 1
| #define HAVE_GETUTLINE 1
| #define HAVE_PUTUTLINE 1
| #define HAVE_SETUTENT 1
| #define HAVE_UTMPNAME 1
| #define HAVE_ENDUTXENT 1
| #define HAVE_GETUTXENT 1
| #define HAVE_GETUTXID 1
| #define HAVE_GETUTXLINE 1
| #define HAVE_PUTUTXLINE 1
| #define HAVE_SETUTXENT 1
| #define HAVE_UTMPXNAME 1
| #define HAVE_LOGOUT 1
| #define HAVE_UPDWTMP 1
| #define HAVE_LOGWTMP 1
| #define HAVE_CLOCK_GETTIME 1
| #define HAVE_EXPLICIT_BZERO 1
| #define HAVE_GETRANDOM 1
| /* end confdefs.h.  */
| 
| /* Override any GCC internal prototype to avoid an error.
|    Use char because int might match the return type of a GCC
|    builtin and then its argument prototype would still apply.  */
| #ifdef __cplusplus
| extern "C"
| #endif
| char poly1305_init ();
| int
| main ()
| {
| return poly1305_init ();
|   ;
|   return 0;
| }
configure:6772: result: no
configure:6903: checking for library containing login
configure:6934: /opt/toolchains//crosstools-arm-gcc-5.5-linux-4.1-glibc-2.26-binutils-2.28.1/usr/bin/arm-buildroot-linux-gnueabi-gcc -o conftest -Os -W -Wall -Wno-pointer-sign -fno-strict-overflow -fPIE -fstack-protector-strong -D_FORTIFY_SOURCE=2   -Wl,-pie -Wl,-z,now -Wl,-z,relro conftest.c -lutil  >&5
configure:6934: $? = 0
configure:6951: result: none required
configure:6964: checking for logout
configure:6964: result: yes
configure:6964: checking for updwtmp
configure:6964: result: yes
configure:6964: checking for logwtmp
configure:6964: result: yes
configure:6976: checking if your system defines LASTLOG_FILE
configure:7001: /opt/toolchains//crosstools-arm-gcc-5.5-linux-4.1-glibc-2.26-binutils-2.28.1/usr/bin/arm-buildroot-linux-gnueabi-gcc -c -Os -W -Wall -Wno-pointer-sign -fno-strict-overflow -fPIE -fstack-protector-strong -D_FORTIFY_SOURCE=2  conftest.c >&5
conftest.c: In function 'main':
conftest.c:115:18: error: 'LASTLOG_FILE' undeclared (first use in this function)
  char *lastlog = LASTLOG_FILE;
                  ^
conftest.c:115:18: note: each undeclared identifier is reported only once for each function it appears in
conftest.c:115:8: warning: unused variable 'lastlog' [-Wunused-variable]
  char *lastlog = LASTLOG_FILE;
        ^
configure:7001: $? = 1
configure: failed program was:
| /* confdefs.h */
| #define PACKAGE_NAME ""
| #define PACKAGE_TARNAME ""
| #define PACKAGE_VERSION ""
| #define PACKAGE_STRING ""
| #define PACKAGE_BUGREPORT ""
| #define PACKAGE_URL ""
| #define _FILE_OFFSET_BITS 64
| #define STDC_HEADERS 1
| #define HAVE_SYS_TYPES_H 1
| #define HAVE_SYS_STAT_H 1
| #define HAVE_STDLIB_H 1
| #define HAVE_STRING_H 1
| #define HAVE_MEMORY_H 1
| #define HAVE_STRINGS_H 1
| #define HAVE_INTTYPES_H 1
| #define HAVE_STDINT_H 1
| #define HAVE_UNISTD_H 1
| #define HAVE_CRYPT 1
| #define DISABLE_ZLIB 1
| #define DISABLE_PAM 1
| #define HAVE_OPENPTY /**/
| #define HAVE_SHADOW_H 1
| #define DROPBEAR_PLUGIN 0
| #define DROPBEAR_FUZZ 0
| #define STDC_HEADERS 1
| #define HAVE_SYS_WAIT_H 1
| #define HAVE_NETINET_IN_H 1
| #define HAVE_NETINET_TCP_H 1
| #define HAVE_CRYPT_H 1
| #define HAVE_PTY_H 1
| #define HAVE_LIBGEN_H 1
| #define HAVE_INTTYPES_H 1
| #define HAVE_STROPTS_H 1
| #define HAVE_UTMP_H 1
| #define HAVE_UTMPX_H 1
| #define HAVE_LASTLOG_H 1
| #define HAVE_PATHS_H 1
| #define HAVE_NETDB_H 1
| #define HAVE_NETINET_IN_SYSTM_H 1
| #define HAVE_SYS_UIO_H 1
| #define HAVE_LINUX_PKT_SCHED_H 1
| #define HAVE_SYS_RANDOM_H 1
| #define TIME_WITH_SYS_TIME 1
| #define HAVE_UINT8_T 1
| #define HAVE_U_INT8_T 1
| #define HAVE_UINT16_T 1
| #define HAVE_U_INT16_T 1
| #define HAVE_UINT32_T 1
| #define HAVE_U_INT32_T 1
| #define HAVE_STRUCT_SOCKADDR_STORAGE 1
| #define HAVE_STRUCT_SOCKADDR_IN6 1
| #define HAVE_STRUCT_IN6_ADDR 1
| #define HAVE_STRUCT_ADDRINFO 1
| #define HAVE_GAI_STRERROR 1
| #define HAVE_GAI_STRERROR 1
| #define HAVE_CONST_GAI_STRERROR_PROTO 1
| #define HAVE_STRUCT_UTMP_UT_HOST 1
| #define HAVE_STRUCT_UTMP_UT_PID 1
| #define HAVE_STRUCT_UTMP_UT_TYPE 1
| #define HAVE_STRUCT_UTMP_UT_TV 1
| #define HAVE_STRUCT_UTMP_UT_ID 1
| #define HAVE_STRUCT_UTMP_UT_ADDR 1
| #define HAVE_STRUCT_UTMP_UT_ADDR_V6 1
| #define HAVE_STRUCT_UTMP_UT_EXIT 1
| #define HAVE_STRUCT_UTMP_UT_TIME 1
| #define HAVE_STRUCT_UTMPX_UT_HOST 1
| #define HAVE_STRUCT_UTMPX_UT_TYPE 1
| #define HAVE_STRUCT_UTMPX_UT_ID 1
| #define HAVE_STRUCT_UTMPX_UT_ADDR_V6 1
| #define HAVE_STRUCT_UTMPX_UT_TV 1
| #define HAVE_STRUCT_SOCKADDR_STORAGE_SS_FAMILY 1
| #define HAVE_ENDUTENT 1
| #define HAVE_GETUTENT 1
| #define HAVE_GETUTID 1
| #define HAVE_GETUTLINE 1
| #define HAVE_PUTUTLINE 1
| #define HAVE_SETUTENT 1
| #define HAVE_UTMPNAME 1
| #define HAVE_ENDUTXENT 1
| #define HAVE_GETUTXENT 1
| #define HAVE_GETUTXID 1
| #define HAVE_GETUTXLINE 1
| #define HAVE_PUTUTXLINE 1
| #define HAVE_SETUTXENT 1
| #define HAVE_UTMPXNAME 1
| #define HAVE_LOGOUT 1
| #define HAVE_UPDWTMP 1
| #define HAVE_LOGWTMP 1
| #define HAVE_CLOCK_GETTIME 1
| #define HAVE_EXPLICIT_BZERO 1
| #define HAVE_GETRANDOM 1
| #define BUNDLED_LIBTOM 1
| #define HAVE_LOGIN 1
| #define HAVE_LOGOUT 1
| #define HAVE_UPDWTMP 1
| #define HAVE_LOGWTMP 1
| /* end confdefs.h.  */
| 
| #include <sys/types.h>
| #include <utmp.h>
| #ifdef HAVE_LASTLOG_H
| #  include <lastlog.h>
| #endif
| #ifdef HAVE_PATHS_H
| #  include <paths.h>
| #endif
| #ifdef HAVE_LOGIN_H
| # include <login.h>
| #endif
| 
| int
| main ()
| {
|  char *lastlog = LASTLOG_FILE;
|   ;
|   return 0;
| }
configure:7006: result: no
configure:7008: checking if your system defines _PATH_LASTLOG
configure:7030: /opt/toolchains//crosstools-arm-gcc-5.5-linux-4.1-glibc-2.26-binutils-2.28.1/usr/bin/arm-buildroot-linux-gnueabi-gcc -c -Os -W -Wall -Wno-pointer-sign -fno-strict-overflow -fPIE -fstack-protector-strong -D_FORTIFY_SOURCE=2  conftest.c >&5
conftest.c: In function 'main':
conftest.c:112:8: warning: unused variable 'lastlog' [-Wunused-variable]
  char *lastlog = _PATH_LASTLOG;
        ^
configure:7030: $? = 0
configure:7031: result: yes
configure:7068: checking if your system defines UTMP_FILE
configure:7087: /opt/toolchains//crosstools-arm-gcc-5.5-linux-4.1-glibc-2.26-binutils-2.28.1/usr/bin/arm-buildroot-linux-gnueabi-gcc -c -Os -W -Wall -Wno-pointer-sign -fno-strict-overflow -fPIE -fstack-protector-strong -D_FORTIFY_SOURCE=2  conftest.c >&5
conftest.c: In function 'main':
conftest.c:109:8: warning: unused variable 'utmp' [-Wunused-variable]
  char *utmp = UTMP_FILE;
        ^
configure:7087: $? = 0
configure:7088: result: yes
configure:7118: checking if your system defines WTMP_FILE
configure:7139: /opt/toolchains//crosstools-arm-gcc-5.5-linux-4.1-glibc-2.26-binutils-2.28.1/usr/bin/arm-buildroot-linux-gnueabi-gcc -c -Os -W -Wall -Wno-pointer-sign -fno-strict-overflow -fPIE -fstack-protector-strong -D_FORTIFY_SOURCE=2  conftest.c >&5
conftest.c: In function 'main':
conftest.c:111:8: warning: unused variable 'wtmp' [-Wunused-variable]
  char *wtmp = WTMP_FILE;
        ^
configure:7139: $? = 0
configure:7140: result: yes
configure:7171: checking if your system defines UTMPX_FILE
configure:7193: /opt/toolchains//crosstools-arm-gcc-5.5-linux-4.1-glibc-2.26-binutils-2.28.1/usr/bin/arm-buildroot-linux-gnueabi-gcc -c -Os -W -Wall -Wno-pointer-sign -fno-strict-overflow -fPIE -fstack-protector-strong -D_FORTIFY_SOURCE=2  conftest.c >&5
conftest.c: In function 'main':
conftest.c:112:16: error: 'UTMPX_FILE' undeclared (first use in this function)
  char *utmpx = UTMPX_FILE;
                ^
conftest.c:112:16: note: each undeclared identifier is reported only once for each function it appears in
conftest.c:112:8: warning: unused variable 'utmpx' [-Wunused-variable]
  char *utmpx = UTMPX_FILE;
        ^
configure:7193: $? = 1
configure: failed program was:
| /* confdefs.h */
| #define PACKAGE_NAME ""
| #define PACKAGE_TARNAME ""
| #define PACKAGE_VERSION ""
| #define PACKAGE_STRING ""
| #define PACKAGE_BUGREPORT ""
| #define PACKAGE_URL ""
| #define _FILE_OFFSET_BITS 64
| #define STDC_HEADERS 1
| #define HAVE_SYS_TYPES_H 1
| #define HAVE_SYS_STAT_H 1
| #define HAVE_STDLIB_H 1
| #define HAVE_STRING_H 1
| #define HAVE_MEMORY_H 1
| #define HAVE_STRINGS_H 1
| #define HAVE_INTTYPES_H 1
| #define HAVE_STDINT_H 1
| #define HAVE_UNISTD_H 1
| #define HAVE_CRYPT 1
| #define DISABLE_ZLIB 1
| #define DISABLE_PAM 1
| #define HAVE_OPENPTY /**/
| #define HAVE_SHADOW_H 1
| #define DROPBEAR_PLUGIN 0
| #define DROPBEAR_FUZZ 0
| #define STDC_HEADERS 1
| #define HAVE_SYS_WAIT_H 1
| #define HAVE_NETINET_IN_H 1
| #define HAVE_NETINET_TCP_H 1
| #define HAVE_CRYPT_H 1
| #define HAVE_PTY_H 1
| #define HAVE_LIBGEN_H 1
| #define HAVE_INTTYPES_H 1
| #define HAVE_STROPTS_H 1
| #define HAVE_UTMP_H 1
| #define HAVE_UTMPX_H 1
| #define HAVE_LASTLOG_H 1
| #define HAVE_PATHS_H 1
| #define HAVE_NETDB_H 1
| #define HAVE_NETINET_IN_SYSTM_H 1
| #define HAVE_SYS_UIO_H 1
| #define HAVE_LINUX_PKT_SCHED_H 1
| #define HAVE_SYS_RANDOM_H 1
| #define TIME_WITH_SYS_TIME 1
| #define HAVE_UINT8_T 1
| #define HAVE_U_INT8_T 1
| #define HAVE_UINT16_T 1
| #define HAVE_U_INT16_T 1
| #define HAVE_UINT32_T 1
| #define HAVE_U_INT32_T 1
| #define HAVE_STRUCT_SOCKADDR_STORAGE 1
| #define HAVE_STRUCT_SOCKADDR_IN6 1
| #define HAVE_STRUCT_IN6_ADDR 1
| #define HAVE_STRUCT_ADDRINFO 1
| #define HAVE_GAI_STRERROR 1
| #define HAVE_GAI_STRERROR 1
| #define HAVE_CONST_GAI_STRERROR_PROTO 1
| #define HAVE_STRUCT_UTMP_UT_HOST 1
| #define HAVE_STRUCT_UTMP_UT_PID 1
| #define HAVE_STRUCT_UTMP_UT_TYPE 1
| #define HAVE_STRUCT_UTMP_UT_TV 1
| #define HAVE_STRUCT_UTMP_UT_ID 1
| #define HAVE_STRUCT_UTMP_UT_ADDR 1
| #define HAVE_STRUCT_UTMP_UT_ADDR_V6 1
| #define HAVE_STRUCT_UTMP_UT_EXIT 1
| #define HAVE_STRUCT_UTMP_UT_TIME 1
| #define HAVE_STRUCT_UTMPX_UT_HOST 1
| #define HAVE_STRUCT_UTMPX_UT_TYPE 1
| #define HAVE_STRUCT_UTMPX_UT_ID 1
| #define HAVE_STRUCT_UTMPX_UT_ADDR_V6 1
| #define HAVE_STRUCT_UTMPX_UT_TV 1
| #define HAVE_STRUCT_SOCKADDR_STORAGE_SS_FAMILY 1
| #define HAVE_ENDUTENT 1
| #define HAVE_GETUTENT 1
| #define HAVE_GETUTID 1
| #define HAVE_GETUTLINE 1
| #define HAVE_PUTUTLINE 1
| #define HAVE_SETUTENT 1
| #define HAVE_UTMPNAME 1
| #define HAVE_ENDUTXENT 1
| #define HAVE_GETUTXENT 1
| #define HAVE_GETUTXID 1
| #define HAVE_GETUTXLINE 1
| #define HAVE_PUTUTXLINE 1
| #define HAVE_SETUTXENT 1
| #define HAVE_UTMPXNAME 1
| #define HAVE_LOGOUT 1
| #define HAVE_UPDWTMP 1
| #define HAVE_LOGWTMP 1
| #define HAVE_CLOCK_GETTIME 1
| #define HAVE_EXPLICIT_BZERO 1
| #define HAVE_GETRANDOM 1
| #define BUNDLED_LIBTOM 1
| #define HAVE_LOGIN 1
| #define HAVE_LOGOUT 1
| #define HAVE_UPDWTMP 1
| #define HAVE_LOGWTMP 1
| /* end confdefs.h.  */
| 
| #include <sys/types.h>
| #include <utmp.h>
| #ifdef HAVE_UTMPX_H
| #include <utmpx.h>
| #endif
| #ifdef HAVE_PATHS_H
| #  include <paths.h>
| #endif
| 
| int
| main ()
| {
|  char *utmpx = UTMPX_FILE;
|   ;
|   return 0;
| }
configure:7197: result: no
configure:7216: checking if your system defines WTMPX_FILE
configure:7240: /opt/toolchains//crosstools-arm-gcc-5.5-linux-4.1-glibc-2.26-binutils-2.28.1/usr/bin/arm-buildroot-linux-gnueabi-gcc -c -Os -W -Wall -Wno-pointer-sign -fno-strict-overflow -fPIE -fstack-protector-strong -D_FORTIFY_SOURCE=2  conftest.c >&5
conftest.c: In function 'main':
conftest.c:115:16: error: 'WTMPX_FILE' undeclared (first use in this function)
  char *wtmpx = WTMPX_FILE;
                ^
conftest.c:115:16: note: each undeclared identifier is reported only once for each function it appears in
conftest.c:115:8: warning: unused variable 'wtmpx' [-Wunused-variable]
  char *wtmpx = WTMPX_FILE;
        ^
configure:7240: $? = 1
configure: failed program was:
| /* confdefs.h */
| #define PACKAGE_NAME ""
| #define PACKAGE_TARNAME ""
| #define PACKAGE_VERSION ""
| #define PACKAGE_STRING ""
| #define PACKAGE_BUGREPORT ""
| #define PACKAGE_URL ""
| #define _FILE_OFFSET_BITS 64
| #define STDC_HEADERS 1
| #define HAVE_SYS_TYPES_H 1
| #define HAVE_SYS_STAT_H 1
| #define HAVE_STDLIB_H 1
| #define HAVE_STRING_H 1
| #define HAVE_MEMORY_H 1
| #define HAVE_STRINGS_H 1
| #define HAVE_INTTYPES_H 1
| #define HAVE_STDINT_H 1
| #define HAVE_UNISTD_H 1
| #define HAVE_CRYPT 1
| #define DISABLE_ZLIB 1
| #define DISABLE_PAM 1
| #define HAVE_OPENPTY /**/
| #define HAVE_SHADOW_H 1
| #define DROPBEAR_PLUGIN 0
| #define DROPBEAR_FUZZ 0
| #define STDC_HEADERS 1
| #define HAVE_SYS_WAIT_H 1
| #define HAVE_NETINET_IN_H 1
| #define HAVE_NETINET_TCP_H 1
| #define HAVE_CRYPT_H 1
| #define HAVE_PTY_H 1
| #define HAVE_LIBGEN_H 1
| #define HAVE_INTTYPES_H 1
| #define HAVE_STROPTS_H 1
| #define HAVE_UTMP_H 1
| #define HAVE_UTMPX_H 1
| #define HAVE_LASTLOG_H 1
| #define HAVE_PATHS_H 1
| #define HAVE_NETDB_H 1
| #define HAVE_NETINET_IN_SYSTM_H 1
| #define HAVE_SYS_UIO_H 1
| #define HAVE_LINUX_PKT_SCHED_H 1
| #define HAVE_SYS_RANDOM_H 1
| #define TIME_WITH_SYS_TIME 1
| #define HAVE_UINT8_T 1
| #define HAVE_U_INT8_T 1
| #define HAVE_UINT16_T 1
| #define HAVE_U_INT16_T 1
| #define HAVE_UINT32_T 1
| #define HAVE_U_INT32_T 1
| #define HAVE_STRUCT_SOCKADDR_STORAGE 1
| #define HAVE_STRUCT_SOCKADDR_IN6 1
| #define HAVE_STRUCT_IN6_ADDR 1
| #define HAVE_STRUCT_ADDRINFO 1
| #define HAVE_GAI_STRERROR 1
| #define HAVE_GAI_STRERROR 1
| #define HAVE_CONST_GAI_STRERROR_PROTO 1
| #define HAVE_STRUCT_UTMP_UT_HOST 1
| #define HAVE_STRUCT_UTMP_UT_PID 1
| #define HAVE_STRUCT_UTMP_UT_TYPE 1
| #define HAVE_STRUCT_UTMP_UT_TV 1
| #define HAVE_STRUCT_UTMP_UT_ID 1
| #define HAVE_STRUCT_UTMP_UT_ADDR 1
| #define HAVE_STRUCT_UTMP_UT_ADDR_V6 1
| #define HAVE_STRUCT_UTMP_UT_EXIT 1
| #define HAVE_STRUCT_UTMP_UT_TIME 1
| #define HAVE_STRUCT_UTMPX_UT_HOST 1
| #define HAVE_STRUCT_UTMPX_UT_TYPE 1
| #define HAVE_STRUCT_UTMPX_UT_ID 1
| #define HAVE_STRUCT_UTMPX_UT_ADDR_V6 1
| #define HAVE_STRUCT_UTMPX_UT_TV 1
| #define HAVE_STRUCT_SOCKADDR_STORAGE_SS_FAMILY 1
| #define HAVE_ENDUTENT 1
| #define HAVE_GETUTENT 1
| #define HAVE_GETUTID 1
| #define HAVE_GETUTLINE 1
| #define HAVE_PUTUTLINE 1
| #define HAVE_SETUTENT 1
| #define HAVE_UTMPNAME 1
| #define HAVE_ENDUTXENT 1
| #define HAVE_GETUTXENT 1
| #define HAVE_GETUTXID 1
| #define HAVE_GETUTXLINE 1
| #define HAVE_PUTUTXLINE 1
| #define HAVE_SETUTXENT 1
| #define HAVE_UTMPXNAME 1
| #define HAVE_LOGOUT 1
| #define HAVE_UPDWTMP 1
| #define HAVE_LOGWTMP 1
| #define HAVE_CLOCK_GETTIME 1
| #define HAVE_EXPLICIT_BZERO 1
| #define HAVE_GETRANDOM 1
| #define BUNDLED_LIBTOM 1
| #define HAVE_LOGIN 1
| #define HAVE_LOGOUT 1
| #define HAVE_UPDWTMP 1
| #define HAVE_LOGWTMP 1
| #define DISABLE_UTMPX 1
| /* end confdefs.h.  */
| 
| #include <sys/types.h>
| #ifdef HAVE_UTMP_H
| #  include <utmp.h>
| #endif
| #ifdef HAVE_UTMPX_H
| #  include <utmpx.h>
| #endif
| #ifdef HAVE_PATHS_H
| #  include <paths.h>
| #endif
| 
| int
| main ()
| {
|  char *wtmpx = WTMPX_FILE;
|   ;
|   return 0;
| }
configure:7244: result: no
configure:7265: checking whether /opt/toolchains//crosstools-arm-gcc-5.5-linux-4.1-glibc-2.26-binutils-2.28.1/usr/bin/arm-buildroot-linux-gnueabi-gcc needs -traditional
configure:7299: result: no
configure:7306: checking for working memcmp
configure:7359: result: no
configure:7371: checking sys/select.h usability
configure:7371: /opt/toolchains//crosstools-arm-gcc-5.5-linux-4.1-glibc-2.26-binutils-2.28.1/usr/bin/arm-buildroot-linux-gnueabi-gcc -c -Os -W -Wall -Wno-pointer-sign -fno-strict-overflow -fPIE -fstack-protector-strong -D_FORTIFY_SOURCE=2  conftest.c >&5
configure:7371: $? = 0
configure:7371: result: yes
configure:7371: checking sys/select.h presence
configure:7371: /opt/toolchains//crosstools-arm-gcc-5.5-linux-4.1-glibc-2.26-binutils-2.28.1/usr/bin/arm-buildroot-linux-gnueabi-cpp  conftest.c
configure:7371: $? = 0
configure:7371: result: yes
configure:7371: checking for sys/select.h
configure:7371: result: yes
configure:7371: checking sys/socket.h usability
configure:7371: /opt/toolchains//crosstools-arm-gcc-5.5-linux-4.1-glibc-2.26-binutils-2.28.1/usr/bin/arm-buildroot-linux-gnueabi-gcc -c -Os -W -Wall -Wno-pointer-sign -fno-strict-overflow -fPIE -fstack-protector-strong -D_FORTIFY_SOURCE=2  conftest.c >&5
configure:7371: $? = 0
configure:7371: result: yes
configure:7371: checking sys/socket.h presence
configure:7371: /opt/toolchains//crosstools-arm-gcc-5.5-linux-4.1-glibc-2.26-binutils-2.28.1/usr/bin/arm-buildroot-linux-gnueabi-cpp  conftest.c
configure:7371: $? = 0
configure:7371: result: yes
configure:7371: checking for sys/socket.h
configure:7371: result: yes
configure:7381: checking types of arguments for select
configure:7409: /opt/toolchains//crosstools-arm-gcc-5.5-linux-4.1-glibc-2.26-binutils-2.28.1/usr/bin/arm-buildroot-linux-gnueabi-gcc -c -Os -W -Wall -Wno-pointer-sign -fno-strict-overflow -fPIE -fstack-protector-strong -D_FORTIFY_SOURCE=2  conftest.c >&5
configure:7409: $? = 0
configure:7420: result: int,fd_set *,struct timeval *
configure:7446: checking for getpass
configure:7446: /opt/toolchains//crosstools-arm-gcc-5.5-linux-4.1-glibc-2.26-binutils-2.28.1/usr/bin/arm-buildroot-linux-gnueabi-gcc -o conftest -Os -W -Wall -Wno-pointer-sign -fno-strict-overflow -fPIE -fstack-protector-strong -D_FORTIFY_SOURCE=2   -Wl,-pie -Wl,-z,now -Wl,-z,relro conftest.c -lutil  >&5
configure:7446: $? = 0
configure:7446: result: yes
configure:7446: checking for getspnam
configure:7446: /opt/toolchains//crosstools-arm-gcc-5.5-linux-4.1-glibc-2.26-binutils-2.28.1/usr/bin/arm-buildroot-linux-gnueabi-gcc -o conftest -Os -W -Wall -Wno-pointer-sign -fno-strict-overflow -fPIE -fstack-protector-strong -D_FORTIFY_SOURCE=2   -Wl,-pie -Wl,-z,now -Wl,-z,relro conftest.c -lutil  >&5
configure:7446: $? = 0
configure:7446: result: yes
configure:7446: checking for getusershell
configure:7446: /opt/toolchains//crosstools-arm-gcc-5.5-linux-4.1-glibc-2.26-binutils-2.28.1/usr/bin/arm-buildroot-linux-gnueabi-gcc -o conftest -Os -W -Wall -Wno-pointer-sign -fno-strict-overflow -fPIE -fstack-protector-strong -D_FORTIFY_SOURCE=2   -Wl,-pie -Wl,-z,now -Wl,-z,relro conftest.c -lutil  >&5
configure:7446: $? = 0
configure:7446: result: yes
configure:7446: checking for putenv
configure:7446: /opt/toolchains//crosstools-arm-gcc-5.5-linux-4.1-glibc-2.26-binutils-2.28.1/usr/bin/arm-buildroot-linux-gnueabi-gcc -o conftest -Os -W -Wall -Wno-pointer-sign -fno-strict-overflow -fPIE -fstack-protector-strong -D_FORTIFY_SOURCE=2   -Wl,-pie -Wl,-z,now -Wl,-z,relro conftest.c -lutil  >&5
configure:7446: $? = 0
configure:7446: result: yes
configure:7458: checking for clearenv
configure:7458: /opt/toolchains//crosstools-arm-gcc-5.5-linux-4.1-glibc-2.26-binutils-2.28.1/usr/bin/arm-buildroot-linux-gnueabi-gcc -o conftest -Os -W -Wall -Wno-pointer-sign -fno-strict-overflow -fPIE -fstack-protector-strong -D_FORTIFY_SOURCE=2   -Wl,-pie -Wl,-z,now -Wl,-z,relro conftest.c -lutil  >&5
configure:7458: $? = 0
configure:7458: result: yes
configure:7458: checking for strlcpy
configure:7458: /opt/toolchains//crosstools-arm-gcc-5.5-linux-4.1-glibc-2.26-binutils-2.28.1/usr/bin/arm-buildroot-linux-gnueabi-gcc -o conftest -Os -W -Wall -Wno-pointer-sign -fno-strict-overflow -fPIE -fstack-protector-strong -D_FORTIFY_SOURCE=2   -Wl,-pie -Wl,-z,now -Wl,-z,relro conftest.c -lutil  >&5
/tmp/ccsohzKt.o: In function `main':
conftest.c:(.text.startup+0x4): undefined reference to `strlcpy'
collect2: error: ld returned 1 exit status
configure:7458: $? = 1
configure: failed program was:
| /* confdefs.h */
| #define PACKAGE_NAME ""
| #define PACKAGE_TARNAME ""
| #define PACKAGE_VERSION ""
| #define PACKAGE_STRING ""
| #define PACKAGE_BUGREPORT ""
| #define PACKAGE_URL ""
| #define _FILE_OFFSET_BITS 64
| #define STDC_HEADERS 1
| #define HAVE_SYS_TYPES_H 1
| #define HAVE_SYS_STAT_H 1
| #define HAVE_STDLIB_H 1
| #define HAVE_STRING_H 1
| #define HAVE_MEMORY_H 1
| #define HAVE_STRINGS_H 1
| #define HAVE_INTTYPES_H 1
| #define HAVE_STDINT_H 1
| #define HAVE_UNISTD_H 1
| #define HAVE_CRYPT 1
| #define DISABLE_ZLIB 1
| #define DISABLE_PAM 1
| #define HAVE_OPENPTY /**/
| #define HAVE_SHADOW_H 1
| #define DROPBEAR_PLUGIN 0
| #define DROPBEAR_FUZZ 0
| #define STDC_HEADERS 1
| #define HAVE_SYS_WAIT_H 1
| #define HAVE_NETINET_IN_H 1
| #define HAVE_NETINET_TCP_H 1
| #define HAVE_CRYPT_H 1
| #define HAVE_PTY_H 1
| #define HAVE_LIBGEN_H 1
| #define HAVE_INTTYPES_H 1
| #define HAVE_STROPTS_H 1
| #define HAVE_UTMP_H 1
| #define HAVE_UTMPX_H 1
| #define HAVE_LASTLOG_H 1
| #define HAVE_PATHS_H 1
| #define HAVE_NETDB_H 1
| #define HAVE_NETINET_IN_SYSTM_H 1
| #define HAVE_SYS_UIO_H 1
| #define HAVE_LINUX_PKT_SCHED_H 1
| #define HAVE_SYS_RANDOM_H 1
| #define TIME_WITH_SYS_TIME 1
| #define HAVE_UINT8_T 1
| #define HAVE_U_INT8_T 1
| #define HAVE_UINT16_T 1
| #define HAVE_U_INT16_T 1
| #define HAVE_UINT32_T 1
| #define HAVE_U_INT32_T 1
| #define HAVE_STRUCT_SOCKADDR_STORAGE 1
| #define HAVE_STRUCT_SOCKADDR_IN6 1
| #define HAVE_STRUCT_IN6_ADDR 1
| #define HAVE_STRUCT_ADDRINFO 1
| #define HAVE_GAI_STRERROR 1
| #define HAVE_GAI_STRERROR 1
| #define HAVE_CONST_GAI_STRERROR_PROTO 1
| #define HAVE_STRUCT_UTMP_UT_HOST 1
| #define HAVE_STRUCT_UTMP_UT_PID 1
| #define HAVE_STRUCT_UTMP_UT_TYPE 1
| #define HAVE_STRUCT_UTMP_UT_TV 1
| #define HAVE_STRUCT_UTMP_UT_ID 1
| #define HAVE_STRUCT_UTMP_UT_ADDR 1
| #define HAVE_STRUCT_UTMP_UT_ADDR_V6 1
| #define HAVE_STRUCT_UTMP_UT_EXIT 1
| #define HAVE_STRUCT_UTMP_UT_TIME 1
| #define HAVE_STRUCT_UTMPX_UT_HOST 1
| #define HAVE_STRUCT_UTMPX_UT_TYPE 1
| #define HAVE_STRUCT_UTMPX_UT_ID 1
| #define HAVE_STRUCT_UTMPX_UT_ADDR_V6 1
| #define HAVE_STRUCT_UTMPX_UT_TV 1
| #define HAVE_STRUCT_SOCKADDR_STORAGE_SS_FAMILY 1
| #define HAVE_ENDUTENT 1
| #define HAVE_GETUTENT 1
| #define HAVE_GETUTID 1
| #define HAVE_GETUTLINE 1
| #define HAVE_PUTUTLINE 1
| #define HAVE_SETUTENT 1
| #define HAVE_UTMPNAME 1
| #define HAVE_ENDUTXENT 1
| #define HAVE_GETUTXENT 1
| #define HAVE_GETUTXID 1
| #define HAVE_GETUTXLINE 1
| #define HAVE_PUTUTXLINE 1
| #define HAVE_SETUTXENT 1
| #define HAVE_UTMPXNAME 1
| #define HAVE_LOGOUT 1
| #define HAVE_UPDWTMP 1
| #define HAVE_LOGWTMP 1
| #define HAVE_CLOCK_GETTIME 1
| #define HAVE_EXPLICIT_BZERO 1
| #define HAVE_GETRANDOM 1
| #define BUNDLED_LIBTOM 1
| #define HAVE_LOGIN 1
| #define HAVE_LOGOUT 1
| #define HAVE_UPDWTMP 1
| #define HAVE_LOGWTMP 1
| #define DISABLE_UTMPX 1
| #define DISABLE_WTMPX 1
| #define HAVE_SYS_SELECT_H 1
| #define HAVE_SYS_SOCKET_H 1
| #define SELECT_TYPE_ARG1 int
| #define SELECT_TYPE_ARG234 (fd_set *)
| #define SELECT_TYPE_ARG5 (struct timeval *)
| #define HAVE_GETPASS 1
| #define HAVE_GETSPNAM 1
| #define HAVE_GETUSERSHELL 1
| #define HAVE_PUTENV 1
| #define HAVE_CLEARENV 1
| /* end confdefs.h.  */
| /* Define strlcpy to an innocuous variant, in case <limits.h> declares strlcpy.
|    For example, HP-UX 11i <limits.h> declares gettimeofday.  */
| #define strlcpy innocuous_strlcpy
| 
| /* System header to define __stub macros and hopefully few prototypes,
|     which can conflict with char strlcpy (); below.
|     Prefer <limits.h> to <assert.h> if __STDC__ is defined, since
|     <limits.h> exists even on freestanding compilers.  */
| 
| #ifdef __STDC__
| # include <limits.h>
| #else
| # include <assert.h>
| #endif
| 
| #undef strlcpy
| 
| /* Override any GCC internal prototype to avoid an error.
|    Use char because int might match the return type of a GCC
|    builtin and then its argument prototype would still apply.  */
| #ifdef __cplusplus
| extern "C"
| #endif
| char strlcpy ();
| /* The GNU C library defines this for functions which it implements
|     to always fail with ENOSYS.  Some functions are actually named
|     something starting with __ and the normal name is an alias.  */
| #if defined __stub_strlcpy || defined __stub___strlcpy
| choke me
| #endif
| 
| int
| main ()
| {
| return strlcpy ();
|   ;
|   return 0;
| }
configure:7458: result: no
configure:7458: checking for strlcat
configure:7458: /opt/toolchains//crosstools-arm-gcc-5.5-linux-4.1-glibc-2.26-binutils-2.28.1/usr/bin/arm-buildroot-linux-gnueabi-gcc -o conftest -Os -W -Wall -Wno-pointer-sign -fno-strict-overflow -fPIE -fstack-protector-strong -D_FORTIFY_SOURCE=2   -Wl,-pie -Wl,-z,now -Wl,-z,relro conftest.c -lutil  >&5
/tmp/ccasgnfw.o: In function `main':
conftest.c:(.text.startup+0x4): undefined reference to `strlcat'
collect2: error: ld returned 1 exit status
configure:7458: $? = 1
configure: failed program was:
| /* confdefs.h */
| #define PACKAGE_NAME ""
| #define PACKAGE_TARNAME ""
| #define PACKAGE_VERSION ""
| #define PACKAGE_STRING ""
| #define PACKAGE_BUGREPORT ""
| #define PACKAGE_URL ""
| #define _FILE_OFFSET_BITS 64
| #define STDC_HEADERS 1
| #define HAVE_SYS_TYPES_H 1
| #define HAVE_SYS_STAT_H 1
| #define HAVE_STDLIB_H 1
| #define HAVE_STRING_H 1
| #define HAVE_MEMORY_H 1
| #define HAVE_STRINGS_H 1
| #define HAVE_INTTYPES_H 1
| #define HAVE_STDINT_H 1
| #define HAVE_UNISTD_H 1
| #define HAVE_CRYPT 1
| #define DISABLE_ZLIB 1
| #define DISABLE_PAM 1
| #define HAVE_OPENPTY /**/
| #define HAVE_SHADOW_H 1
| #define DROPBEAR_PLUGIN 0
| #define DROPBEAR_FUZZ 0
| #define STDC_HEADERS 1
| #define HAVE_SYS_WAIT_H 1
| #define HAVE_NETINET_IN_H 1
| #define HAVE_NETINET_TCP_H 1
| #define HAVE_CRYPT_H 1
| #define HAVE_PTY_H 1
| #define HAVE_LIBGEN_H 1
| #define HAVE_INTTYPES_H 1
| #define HAVE_STROPTS_H 1
| #define HAVE_UTMP_H 1
| #define HAVE_UTMPX_H 1
| #define HAVE_LASTLOG_H 1
| #define HAVE_PATHS_H 1
| #define HAVE_NETDB_H 1
| #define HAVE_NETINET_IN_SYSTM_H 1
| #define HAVE_SYS_UIO_H 1
| #define HAVE_LINUX_PKT_SCHED_H 1
| #define HAVE_SYS_RANDOM_H 1
| #define TIME_WITH_SYS_TIME 1
| #define HAVE_UINT8_T 1
| #define HAVE_U_INT8_T 1
| #define HAVE_UINT16_T 1
| #define HAVE_U_INT16_T 1
| #define HAVE_UINT32_T 1
| #define HAVE_U_INT32_T 1
| #define HAVE_STRUCT_SOCKADDR_STORAGE 1
| #define HAVE_STRUCT_SOCKADDR_IN6 1
| #define HAVE_STRUCT_IN6_ADDR 1
| #define HAVE_STRUCT_ADDRINFO 1
| #define HAVE_GAI_STRERROR 1
| #define HAVE_GAI_STRERROR 1
| #define HAVE_CONST_GAI_STRERROR_PROTO 1
| #define HAVE_STRUCT_UTMP_UT_HOST 1
| #define HAVE_STRUCT_UTMP_UT_PID 1
| #define HAVE_STRUCT_UTMP_UT_TYPE 1
| #define HAVE_STRUCT_UTMP_UT_TV 1
| #define HAVE_STRUCT_UTMP_UT_ID 1
| #define HAVE_STRUCT_UTMP_UT_ADDR 1
| #define HAVE_STRUCT_UTMP_UT_ADDR_V6 1
| #define HAVE_STRUCT_UTMP_UT_EXIT 1
| #define HAVE_STRUCT_UTMP_UT_TIME 1
| #define HAVE_STRUCT_UTMPX_UT_HOST 1
| #define HAVE_STRUCT_UTMPX_UT_TYPE 1
| #define HAVE_STRUCT_UTMPX_UT_ID 1
| #define HAVE_STRUCT_UTMPX_UT_ADDR_V6 1
| #define HAVE_STRUCT_UTMPX_UT_TV 1
| #define HAVE_STRUCT_SOCKADDR_STORAGE_SS_FAMILY 1
| #define HAVE_ENDUTENT 1
| #define HAVE_GETUTENT 1
| #define HAVE_GETUTID 1
| #define HAVE_GETUTLINE 1
| #define HAVE_PUTUTLINE 1
| #define HAVE_SETUTENT 1
| #define HAVE_UTMPNAME 1
| #define HAVE_ENDUTXENT 1
| #define HAVE_GETUTXENT 1
| #define HAVE_GETUTXID 1
| #define HAVE_GETUTXLINE 1
| #define HAVE_PUTUTXLINE 1
| #define HAVE_SETUTXENT 1
| #define HAVE_UTMPXNAME 1
| #define HAVE_LOGOUT 1
| #define HAVE_UPDWTMP 1
| #define HAVE_LOGWTMP 1
| #define HAVE_CLOCK_GETTIME 1
| #define HAVE_EXPLICIT_BZERO 1
| #define HAVE_GETRANDOM 1
| #define BUNDLED_LIBTOM 1
| #define HAVE_LOGIN 1
| #define HAVE_LOGOUT 1
| #define HAVE_UPDWTMP 1
| #define HAVE_LOGWTMP 1
| #define DISABLE_UTMPX 1
| #define DISABLE_WTMPX 1
| #define HAVE_SYS_SELECT_H 1
| #define HAVE_SYS_SOCKET_H 1
| #define SELECT_TYPE_ARG1 int
| #define SELECT_TYPE_ARG234 (fd_set *)
| #define SELECT_TYPE_ARG5 (struct timeval *)
| #define HAVE_GETPASS 1
| #define HAVE_GETSPNAM 1
| #define HAVE_GETUSERSHELL 1
| #define HAVE_PUTENV 1
| #define HAVE_CLEARENV 1
| /* end confdefs.h.  */
| /* Define strlcat to an innocuous variant, in case <limits.h> declares strlcat.
|    For example, HP-UX 11i <limits.h> declares gettimeofday.  */
| #define strlcat innocuous_strlcat
| 
| /* System header to define __stub macros and hopefully few prototypes,
|     which can conflict with char strlcat (); below.
|     Prefer <limits.h> to <assert.h> if __STDC__ is defined, since
|     <limits.h> exists even on freestanding compilers.  */
| 
| #ifdef __STDC__
| # include <limits.h>
| #else
| # include <assert.h>
| #endif
| 
| #undef strlcat
| 
| /* Override any GCC internal prototype to avoid an error.
|    Use char because int might match the return type of a GCC
|    builtin and then its argument prototype would still apply.  */
| #ifdef __cplusplus
| extern "C"
| #endif
| char strlcat ();
| /* The GNU C library defines this for functions which it implements
|     to always fail with ENOSYS.  Some functions are actually named
|     something starting with __ and the normal name is an alias.  */
| #if defined __stub_strlcat || defined __stub___strlcat
| choke me
| #endif
| 
| int
| main ()
| {
| return strlcat ();
|   ;
|   return 0;
| }
configure:7458: result: no
configure:7458: checking for daemon
configure:7458: /opt/toolchains//crosstools-arm-gcc-5.5-linux-4.1-glibc-2.26-binutils-2.28.1/usr/bin/arm-buildroot-linux-gnueabi-gcc -o conftest -Os -W -Wall -Wno-pointer-sign -fno-strict-overflow -fPIE -fstack-protector-strong -D_FORTIFY_SOURCE=2   -Wl,-pie -Wl,-z,now -Wl,-z,relro conftest.c -lutil  >&5
configure:7458: $? = 0
configure:7458: result: yes
configure:7458: checking for basename
configure:7458: /opt/toolchains//crosstools-arm-gcc-5.5-linux-4.1-glibc-2.26-binutils-2.28.1/usr/bin/arm-buildroot-linux-gnueabi-gcc -o conftest -Os -W -Wall -Wno-pointer-sign -fno-strict-overflow -fPIE -fstack-protector-strong -D_FORTIFY_SOURCE=2   -Wl,-pie -Wl,-z,now -Wl,-z,relro conftest.c -lutil  >&5
configure:7458: $? = 0
configure:7458: result: yes
configure:7458: checking for _getpty
configure:7458: /opt/toolchains//crosstools-arm-gcc-5.5-linux-4.1-glibc-2.26-binutils-2.28.1/usr/bin/arm-buildroot-linux-gnueabi-gcc -o conftest -Os -W -Wall -Wno-pointer-sign -fno-strict-overflow -fPIE -fstack-protector-strong -D_FORTIFY_SOURCE=2   -Wl,-pie -Wl,-z,now -Wl,-z,relro conftest.c -lutil  >&5
/tmp/ccKAjGDC.o: In function `main':
conftest.c:(.text.startup+0x4): undefined reference to `_getpty'
collect2: error: ld returned 1 exit status
configure:7458: $? = 1
configure: failed program was:
| /* confdefs.h */
| #define PACKAGE_NAME ""
| #define PACKAGE_TARNAME ""
| #define PACKAGE_VERSION ""
| #define PACKAGE_STRING ""
| #define PACKAGE_BUGREPORT ""
| #define PACKAGE_URL ""
| #define _FILE_OFFSET_BITS 64
| #define STDC_HEADERS 1
| #define HAVE_SYS_TYPES_H 1
| #define HAVE_SYS_STAT_H 1
| #define HAVE_STDLIB_H 1
| #define HAVE_STRING_H 1
| #define HAVE_MEMORY_H 1
| #define HAVE_STRINGS_H 1
| #define HAVE_INTTYPES_H 1
| #define HAVE_STDINT_H 1
| #define HAVE_UNISTD_H 1
| #define HAVE_CRYPT 1
| #define DISABLE_ZLIB 1
| #define DISABLE_PAM 1
| #define HAVE_OPENPTY /**/
| #define HAVE_SHADOW_H 1
| #define DROPBEAR_PLUGIN 0
| #define DROPBEAR_FUZZ 0
| #define STDC_HEADERS 1
| #define HAVE_SYS_WAIT_H 1
| #define HAVE_NETINET_IN_H 1
| #define HAVE_NETINET_TCP_H 1
| #define HAVE_CRYPT_H 1
| #define HAVE_PTY_H 1
| #define HAVE_LIBGEN_H 1
| #define HAVE_INTTYPES_H 1
| #define HAVE_STROPTS_H 1
| #define HAVE_UTMP_H 1
| #define HAVE_UTMPX_H 1
| #define HAVE_LASTLOG_H 1
| #define HAVE_PATHS_H 1
| #define HAVE_NETDB_H 1
| #define HAVE_NETINET_IN_SYSTM_H 1
| #define HAVE_SYS_UIO_H 1
| #define HAVE_LINUX_PKT_SCHED_H 1
| #define HAVE_SYS_RANDOM_H 1
| #define TIME_WITH_SYS_TIME 1
| #define HAVE_UINT8_T 1
| #define HAVE_U_INT8_T 1
| #define HAVE_UINT16_T 1
| #define HAVE_U_INT16_T 1
| #define HAVE_UINT32_T 1
| #define HAVE_U_INT32_T 1
| #define HAVE_STRUCT_SOCKADDR_STORAGE 1
| #define HAVE_STRUCT_SOCKADDR_IN6 1
| #define HAVE_STRUCT_IN6_ADDR 1
| #define HAVE_STRUCT_ADDRINFO 1
| #define HAVE_GAI_STRERROR 1
| #define HAVE_GAI_STRERROR 1
| #define HAVE_CONST_GAI_STRERROR_PROTO 1
| #define HAVE_STRUCT_UTMP_UT_HOST 1
| #define HAVE_STRUCT_UTMP_UT_PID 1
| #define HAVE_STRUCT_UTMP_UT_TYPE 1
| #define HAVE_STRUCT_UTMP_UT_TV 1
| #define HAVE_STRUCT_UTMP_UT_ID 1
| #define HAVE_STRUCT_UTMP_UT_ADDR 1
| #define HAVE_STRUCT_UTMP_UT_ADDR_V6 1
| #define HAVE_STRUCT_UTMP_UT_EXIT 1
| #define HAVE_STRUCT_UTMP_UT_TIME 1
| #define HAVE_STRUCT_UTMPX_UT_HOST 1
| #define HAVE_STRUCT_UTMPX_UT_TYPE 1
| #define HAVE_STRUCT_UTMPX_UT_ID 1
| #define HAVE_STRUCT_UTMPX_UT_ADDR_V6 1
| #define HAVE_STRUCT_UTMPX_UT_TV 1
| #define HAVE_STRUCT_SOCKADDR_STORAGE_SS_FAMILY 1
| #define HAVE_ENDUTENT 1
| #define HAVE_GETUTENT 1
| #define HAVE_GETUTID 1
| #define HAVE_GETUTLINE 1
| #define HAVE_PUTUTLINE 1
| #define HAVE_SETUTENT 1
| #define HAVE_UTMPNAME 1
| #define HAVE_ENDUTXENT 1
| #define HAVE_GETUTXENT 1
| #define HAVE_GETUTXID 1
| #define HAVE_GETUTXLINE 1
| #define HAVE_PUTUTXLINE 1
| #define HAVE_SETUTXENT 1
| #define HAVE_UTMPXNAME 1
| #define HAVE_LOGOUT 1
| #define HAVE_UPDWTMP 1
| #define HAVE_LOGWTMP 1
| #define HAVE_CLOCK_GETTIME 1
| #define HAVE_EXPLICIT_BZERO 1
| #define HAVE_GETRANDOM 1
| #define BUNDLED_LIBTOM 1
| #define HAVE_LOGIN 1
| #define HAVE_LOGOUT 1
| #define HAVE_UPDWTMP 1
| #define HAVE_LOGWTMP 1
| #define DISABLE_UTMPX 1
| #define DISABLE_WTMPX 1
| #define HAVE_SYS_SELECT_H 1
| #define HAVE_SYS_SOCKET_H 1
| #define SELECT_TYPE_ARG1 int
| #define SELECT_TYPE_ARG234 (fd_set *)
| #define SELECT_TYPE_ARG5 (struct timeval *)
| #define HAVE_GETPASS 1
| #define HAVE_GETSPNAM 1
| #define HAVE_GETUSERSHELL 1
| #define HAVE_PUTENV 1
| #define HAVE_CLEARENV 1
| #define HAVE_DAEMON 1
| #define HAVE_BASENAME 1
| /* end confdefs.h.  */
| /* Define _getpty to an innocuous variant, in case <limits.h> declares _getpty.
|    For example, HP-UX 11i <limits.h> declares gettimeofday.  */
| #define _getpty innocuous__getpty
| 
| /* System header to define __stub macros and hopefully few prototypes,
|     which can conflict with char _getpty (); below.
|     Prefer <limits.h> to <assert.h> if __STDC__ is defined, since
|     <limits.h> exists even on freestanding compilers.  */
| 
| #ifdef __STDC__
| # include <limits.h>
| #else
| # include <assert.h>
| #endif
| 
| #undef _getpty
| 
| /* Override any GCC internal prototype to avoid an error.
|    Use char because int might match the return type of a GCC
|    builtin and then its argument prototype would still apply.  */
| #ifdef __cplusplus
| extern "C"
| #endif
| char _getpty ();
| /* The GNU C library defines this for functions which it implements
|     to always fail with ENOSYS.  Some functions are actually named
|     something starting with __ and the normal name is an alias.  */
| #if defined __stub__getpty || defined __stub____getpty
| choke me
| #endif
| 
| int
| main ()
| {
| return _getpty ();
|   ;
|   return 0;
| }
configure:7458: result: no
configure:7458: checking for getaddrinfo
configure:7458: /opt/toolchains//crosstools-arm-gcc-5.5-linux-4.1-glibc-2.26-binutils-2.28.1/usr/bin/arm-buildroot-linux-gnueabi-gcc -o conftest -Os -W -Wall -Wno-pointer-sign -fno-strict-overflow -fPIE -fstack-protector-strong -D_FORTIFY_SOURCE=2   -Wl,-pie -Wl,-z,now -Wl,-z,relro conftest.c -lutil  >&5
configure:7458: $? = 0
configure:7458: result: yes
configure:7470: checking for freeaddrinfo
configure:7470: /opt/toolchains//crosstools-arm-gcc-5.5-linux-4.1-glibc-2.26-binutils-2.28.1/usr/bin/arm-buildroot-linux-gnueabi-gcc -o conftest -Os -W -Wall -Wno-pointer-sign -fno-strict-overflow -fPIE -fstack-protector-strong -D_FORTIFY_SOURCE=2   -Wl,-pie -Wl,-z,now -Wl,-z,relro conftest.c -lutil  >&5
configure:7470: $? = 0
configure:7470: result: yes
configure:7470: checking for getnameinfo
configure:7470: /opt/toolchains//crosstools-arm-gcc-5.5-linux-4.1-glibc-2.26-binutils-2.28.1/usr/bin/arm-buildroot-linux-gnueabi-gcc -o conftest -Os -W -Wall -Wno-pointer-sign -fno-strict-overflow -fPIE -fstack-protector-strong -D_FORTIFY_SOURCE=2   -Wl,-pie -Wl,-z,now -Wl,-z,relro conftest.c -lutil  >&5
configure:7470: $? = 0
configure:7470: result: yes
configure:7470: checking for fork
configure:7470: /opt/toolchains//crosstools-arm-gcc-5.5-linux-4.1-glibc-2.26-binutils-2.28.1/usr/bin/arm-buildroot-linux-gnueabi-gcc -o conftest -Os -W -Wall -Wno-pointer-sign -fno-strict-overflow -fPIE -fstack-protector-strong -D_FORTIFY_SOURCE=2   -Wl,-pie -Wl,-z,now -Wl,-z,relro conftest.c -lutil  >&5
conftest.c:139:6: warning: conflicting types for built-in function 'fork'
 char fork ();
      ^
configure:7470: $? = 0
configure:7470: result: yes
configure:7470: checking for writev
configure:7470: /opt/toolchains//crosstools-arm-gcc-5.5-linux-4.1-glibc-2.26-binutils-2.28.1/usr/bin/arm-buildroot-linux-gnueabi-gcc -o conftest -Os -W -Wall -Wno-pointer-sign -fno-strict-overflow -fPIE -fstack-protector-strong -D_FORTIFY_SOURCE=2   -Wl,-pie -Wl,-z,now -Wl,-z,relro conftest.c -lutil  >&5
configure:7470: $? = 0
configure:7470: result: yes
configure:7470: checking for getgrouplist
configure:7470: /opt/toolchains//crosstools-arm-gcc-5.5-linux-4.1-glibc-2.26-binutils-2.28.1/usr/bin/arm-buildroot-linux-gnueabi-gcc -o conftest -Os -W -Wall -Wno-pointer-sign -fno-strict-overflow -fPIE -fstack-protector-strong -D_FORTIFY_SOURCE=2   -Wl,-pie -Wl,-z,now -Wl,-z,relro conftest.c -lutil  >&5
configure:7470: $? = 0
configure:7470: result: yes
configure:7480: checking for library containing basename
configure:7511: /opt/toolchains//crosstools-arm-gcc-5.5-linux-4.1-glibc-2.26-binutils-2.28.1/usr/bin/arm-buildroot-linux-gnueabi-gcc -o conftest -Os -W -Wall -Wno-pointer-sign -fno-strict-overflow -fPIE -fstack-protector-strong -D_FORTIFY_SOURCE=2   -Wl,-pie -Wl,-z,now -Wl,-z,relro conftest.c -lutil  >&5
configure:7511: $? = 0
configure:7528: result: none required
configure:7690: creating ./config.status

## ---------------------- ##
## Running config.status. ##
## ---------------------- ##

This file was extended by config.status, which was
generated by GNU Autoconf 2.69.  Invocation command line was

  CONFIG_FILES    = 
  CONFIG_HEADERS  = 
  CONFIG_LINKS    = 
  CONFIG_COMMANDS = 
  $ ./config.status 

on tplink

config.status:921: creating Makefile
config.status:921: creating libtomcrypt/Makefile
config.status:921: creating libtommath/Makefile
config.status:921: creating config.h
config.status:1091: config.h is unchanged
configure:8850: 
configure:8853: Using bundled libtomcrypt and libtommath
configure:8875: 
configure:8877: Now edit localoptions.h to choose features.

## ---------------- ##
## Cache variables. ##
## ---------------- ##

ac_cv_build=x86_64-pc-linux-gnu
ac_cv_c_compiler_gnu=yes
ac_cv_c_const=yes
ac_cv_env_CCC_set=
ac_cv_env_CCC_value=
ac_cv_env_CC_set=set
ac_cv_env_CC_value=/opt/toolchains//crosstools-arm-gcc-5.5-linux-4.1-glibc-2.26-binutils-2.28.1/usr/bin/arm-buildroot-linux-gnueabi-gcc
ac_cv_env_CFLAGS_set=
ac_cv_env_CFLAGS_value=
ac_cv_env_CPPFLAGS_set=
ac_cv_env_CPPFLAGS_value=
ac_cv_env_CPP_set=set
ac_cv_env_CPP_value=/opt/toolchains//crosstools-arm-gcc-5.5-linux-4.1-glibc-2.26-binutils-2.28.1/usr/bin/arm-buildroot-linux-gnueabi-cpp
ac_cv_env_CXXFLAGS_set=
ac_cv_env_CXXFLAGS_value=
ac_cv_env_CXX_set=set
ac_cv_env_CXX_value=/opt/toolchains//crosstools-arm-gcc-5.5-linux-4.1-glibc-2.26-binutils-2.28.1/usr/bin/arm-buildroot-linux-gnueabi-g++
ac_cv_env_LDFLAGS_set=
ac_cv_env_LDFLAGS_value=
ac_cv_env_LIBS_set=
ac_cv_env_LIBS_value=
ac_cv_env_build_alias_set=
ac_cv_env_build_alias_value=
ac_cv_env_host_alias_set=set
ac_cv_env_host_alias_value=arm-buildroot-linux-gnueabi
ac_cv_env_target_alias_set=
ac_cv_env_target_alias_value=
ac_cv_func__getpty=no
ac_cv_func_basename=yes
ac_cv_func_clearenv=yes
ac_cv_func_clock_gettime=yes
ac_cv_func_crypt=no
ac_cv_func_daemon=yes
ac_cv_func_endutent=yes
ac_cv_func_endutxent=yes
ac_cv_func_explicit_bzero=yes
ac_cv_func_fork=yes
ac_cv_func_freeaddrinfo=yes
ac_cv_func_gai_strerror=yes
ac_cv_func_getaddrinfo=yes
ac_cv_func_getgrouplist=yes
ac_cv_func_getnameinfo=yes
ac_cv_func_getpass=yes
ac_cv_func_getrandom=yes
ac_cv_func_getspnam=yes
ac_cv_func_getusershell=yes
ac_cv_func_getutent=yes
ac_cv_func_getutid=yes
ac_cv_func_getutline=yes
ac_cv_func_getutxent=yes
ac_cv_func_getutxid=yes
ac_cv_func_getutxline=yes
ac_cv_func_logout=yes
ac_cv_func_logwtmp=yes
ac_cv_func_mach_absolute_time=no
ac_cv_func_memcmp_working=no
ac_cv_func_memset_s=no
ac_cv_func_putenv=yes
ac_cv_func_pututline=yes
ac_cv_func_pututxline=yes
ac_cv_func_select_args='int,fd_set *,struct timeval *'
ac_cv_func_setutent=yes
ac_cv_func_setutxent=yes
ac_cv_func_strlcat=no
ac_cv_func_strlcpy=no
ac_cv_func_updwtmp=yes
ac_cv_func_utmpname=yes
ac_cv_func_utmpxname=yes
ac_cv_func_writev=yes
ac_cv_have_decl___UCLIBC__=no
ac_cv_have_struct_addrinfo=yes
ac_cv_have_struct_in6_addr=yes
ac_cv_have_struct_sockaddr_in6=yes
ac_cv_have_struct_sockaddr_storage=yes
ac_cv_header_crypt_h=yes
ac_cv_header_inttypes_h=yes
ac_cv_header_lastlog_h=yes
ac_cv_header_libgen_h=yes
ac_cv_header_libutil_h=no
ac_cv_header_linux_pkt_sched_h=yes
ac_cv_header_mach_mach_time_h=no
ac_cv_header_memory_h=yes
ac_cv_header_netdb_h=yes
ac_cv_header_netinet_in_h=yes
ac_cv_header_netinet_in_systm_h=yes
ac_cv_header_netinet_tcp_h=yes
ac_cv_header_pam_pam_appl_h=no
ac_cv_header_paths_h=yes
ac_cv_header_pty_h=yes
ac_cv_header_security_pam_appl_h=no
ac_cv_header_shadow_h=yes
ac_cv_header_stdc=yes
ac_cv_header_stdint_h=yes
ac_cv_header_stdlib_h=yes
ac_cv_header_string_h=yes
ac_cv_header_strings_h=yes
ac_cv_header_stropts_h=yes
ac_cv_header_sys_random_h=yes
ac_cv_header_sys_select_h=yes
ac_cv_header_sys_socket_h=yes
ac_cv_header_sys_stat_h=yes
ac_cv_header_sys_types_h=yes
ac_cv_header_sys_uio_h=yes
ac_cv_header_sys_wait_h=yes
ac_cv_header_time=yes
ac_cv_header_unistd_h=yes
ac_cv_header_util_h=no
ac_cv_header_utmp_h=yes
ac_cv_header_utmpx_h=yes
ac_cv_host=arm-buildroot-linux-gnueabi
ac_cv_lib_crypt_crypt=yes
ac_cv_lib_tomcrypt_poly1305_init=no
ac_cv_lib_tommath_mp_to_ubin=no
ac_cv_member_struct_sockaddr_storage_ss_family=yes
ac_cv_member_struct_utmp_ut_addr=yes
ac_cv_member_struct_utmp_ut_addr_v6=yes
ac_cv_member_struct_utmp_ut_exit=yes
ac_cv_member_struct_utmp_ut_host=yes
ac_cv_member_struct_utmp_ut_id=yes
ac_cv_member_struct_utmp_ut_pid=yes
ac_cv_member_struct_utmp_ut_time=yes
ac_cv_member_struct_utmp_ut_tv=yes
ac_cv_member_struct_utmp_ut_type=yes
ac_cv_member_struct_utmpx_ut_addr=no
ac_cv_member_struct_utmpx_ut_addr_v6=yes
ac_cv_member_struct_utmpx_ut_host=yes
ac_cv_member_struct_utmpx_ut_id=yes
ac_cv_member_struct_utmpx_ut_syslen=no
ac_cv_member_struct_utmpx_ut_time=no
ac_cv_member_struct_utmpx_ut_tv=yes
ac_cv_member_struct_utmpx_ut_type=yes
ac_cv_objext=o
ac_cv_path_EGREP='/bin/grep -E'
ac_cv_path_GREP=/bin/grep
ac_cv_prog_AR=/opt/toolchains//crosstools-arm-gcc-5.5-linux-4.1-glibc-2.26-binutils-2.28.1/usr/bin/arm-buildroot-linux-gnueabi-ar
ac_cv_prog_CC=/opt/toolchains//crosstools-arm-gcc-5.5-linux-4.1-glibc-2.26-binutils-2.28.1/usr/bin/arm-buildroot-linux-gnueabi-gcc
ac_cv_prog_CPP=/opt/toolchains//crosstools-arm-gcc-5.5-linux-4.1-glibc-2.26-binutils-2.28.1/usr/bin/arm-buildroot-linux-gnueabi-cpp
ac_cv_prog_RANLIB=/opt/toolchains//crosstools-arm-gcc-5.5-linux-4.1-glibc-2.26-binutils-2.28.1/usr/bin/arm-buildroot-linux-gnueabi-ranlib
ac_cv_prog_STRIP=/opt/toolchains//crosstools-arm-gcc-5.5-linux-4.1-glibc-2.26-binutils-2.28.1/usr/bin/arm-buildroot-linux-gnueabi-strip
ac_cv_prog_ac_ct_INSTALL=install
ac_cv_prog_cc_c89=
ac_cv_prog_cc_g=yes
ac_cv_prog_gcc_traditional=no
ac_cv_search_basename='none required'
ac_cv_search_login='none required'
ac_cv_search_openpty=-lutil
ac_cv_sys_file_offset_bits=64
ac_cv_sys_largefile_CC=no
ac_cv_type_mode_t=yes
ac_cv_type_pid_t=yes
ac_cv_type_size_t=yes
ac_cv_type_socklen_t=yes
ac_cv_type_struct_sockaddr_storage=no
ac_cv_type_u_int16_t=yes
ac_cv_type_u_int32_t=yes
ac_cv_type_u_int8_t=yes
ac_cv_type_uid_t=yes
ac_cv_type_uint16_t=yes
ac_cv_type_uint32_t=yes
ac_cv_type_uint8_t=yes
dropbear_cv_func_have_openpty=yes

## ----------------- ##
## Output variables. ##
## ----------------- ##

AR='/opt/toolchains//crosstools-arm-gcc-5.5-linux-4.1-glibc-2.26-binutils-2.28.1/usr/bin/arm-buildroot-linux-gnueabi-ar'
BUNDLED_LIBTOM='1'
CC='/opt/toolchains//crosstools-arm-gcc-5.5-linux-4.1-glibc-2.26-binutils-2.28.1/usr/bin/arm-buildroot-linux-gnueabi-gcc'
CFLAGS='-Os -W -Wall -Wno-pointer-sign -fno-strict-overflow -fPIE -fstack-protector-strong -D_FORTIFY_SOURCE=2'
CPP='/opt/toolchains//crosstools-arm-gcc-5.5-linux-4.1-glibc-2.26-binutils-2.28.1/usr/bin/arm-buildroot-linux-gnueabi-cpp'
CPPFLAGS=''
CRYPTLIB='-lcrypt'
CXX='/opt/toolchains//crosstools-arm-gcc-5.5-linux-4.1-glibc-2.26-binutils-2.28.1/usr/bin/arm-buildroot-linux-gnueabi-g++'
CXXFLAGS=''
DEFS='-DHAVE_CONFIG_H'
DROPBEAR_FUZZ='0'
DROPBEAR_PLUGIN='0'
ECHO_C=''
ECHO_N='-n'
ECHO_T=''
EGREP='/bin/grep -E'
EXEEXT=''
GREP='/bin/grep'
INSTALL='install'
LD='/opt/toolchains//crosstools-arm-gcc-5.5-linux-4.1-glibc-2.26-binutils-2.28.1/usr/bin/arm-buildroot-linux-gnueabi-ld'
LDFLAGS=' -Wl,-pie -Wl,-z,now -Wl,-z,relro'
LIBOBJS=' ${LIBOBJDIR}memcmp$U.o'
LIBS='-lutil '
LIBTOM_LIBS=''
LTLIBOBJS=' ${LIBOBJDIR}memcmp$U.lo'
OBJEXT='o'
PACKAGE_BUGREPORT=''
PACKAGE_NAME=''
PACKAGE_STRING=''
PACKAGE_TARNAME=''
PACKAGE_URL=''
PACKAGE_VERSION=''
PATH_SEPARATOR=':'
RANLIB='/opt/toolchains//crosstools-arm-gcc-5.5-linux-4.1-glibc-2.26-binutils-2.28.1/usr/bin/arm-buildroot-linux-gnueabi-ranlib'
SHELL='/bin/sh'
STATIC='0'
STRIP='/opt/toolchains//crosstools-arm-gcc-5.5-linux-4.1-glibc-2.26-binutils-2.28.1/usr/bin/arm-buildroot-linux-gnueabi-strip'
ac_ct_CC=''
ac_ct_CXX=''
bindir='${exec_prefix}/bin'
build='x86_64-pc-linux-gnu'
build_alias=''
build_cpu='x86_64'
build_os='linux-gnu'
build_vendor='pc'
datadir='${datarootdir}'
datarootdir='${prefix}/share'
docdir='${datarootdir}/doc/${PACKAGE}'
dvidir='${docdir}'
exec_prefix='${prefix}'
host='arm-buildroot-linux-gnueabi'
host_alias='arm-buildroot-linux-gnueabi'
host_cpu='arm'
host_os='linux-gnueabi'
host_vendor='buildroot'
htmldir='${docdir}'
includedir='${prefix}/include'
infodir='${datarootdir}/info'
libdir='${exec_prefix}/lib'
libexecdir='${exec_prefix}/libexec'
localedir='${datarootdir}/locale'
localstatedir='${prefix}/var'
mandir='${datarootdir}/man'
oldincludedir='/usr/include'
pdfdir='${docdir}'
prefix='/usr/local'
program_transform_name='s,x,x,'
psdir='${docdir}'
sbindir='${exec_prefix}/sbin'
sharedstatedir='${prefix}/com'
sysconfdir='${prefix}/etc'
target_alias=''

## ----------- ##
## confdefs.h. ##
## ----------- ##

/* confdefs.h */
#define PACKAGE_NAME ""
#define PACKAGE_TARNAME ""
#define PACKAGE_VERSION ""
#define PACKAGE_STRING ""
#define PACKAGE_BUGREPORT ""
#define PACKAGE_URL ""
#define _FILE_OFFSET_BITS 64
#define STDC_HEADERS 1
#define HAVE_SYS_TYPES_H 1
#define HAVE_SYS_STAT_H 1
#define HAVE_STDLIB_H 1
#define HAVE_STRING_H 1
#define HAVE_MEMORY_H 1
#define HAVE_STRINGS_H 1
#define HAVE_INTTYPES_H 1
#define HAVE_STDINT_H 1
#define HAVE_UNISTD_H 1
#define HAVE_CRYPT 1
#define DISABLE_ZLIB 1
#define DISABLE_PAM 1
#define HAVE_OPENPTY /**/
#define HAVE_SHADOW_H 1
#define DROPBEAR_PLUGIN 0
#define DROPBEAR_FUZZ 0
#define STDC_HEADERS 1
#define HAVE_SYS_WAIT_H 1
#define HAVE_NETINET_IN_H 1
#define HAVE_NETINET_TCP_H 1
#define HAVE_CRYPT_H 1
#define HAVE_PTY_H 1
#define HAVE_LIBGEN_H 1
#define HAVE_INTTYPES_H 1
#define HAVE_STROPTS_H 1
#define HAVE_UTMP_H 1
#define HAVE_UTMPX_H 1
#define HAVE_LASTLOG_H 1
#define HAVE_PATHS_H 1
#define HAVE_NETDB_H 1
#define HAVE_NETINET_IN_SYSTM_H 1
#define HAVE_SYS_UIO_H 1
#define HAVE_LINUX_PKT_SCHED_H 1
#define HAVE_SYS_RANDOM_H 1
#define TIME_WITH_SYS_TIME 1
#define HAVE_UINT8_T 1
#define HAVE_U_INT8_T 1
#define HAVE_UINT16_T 1
#define HAVE_U_INT16_T 1
#define HAVE_UINT32_T 1
#define HAVE_U_INT32_T 1
#define HAVE_STRUCT_SOCKADDR_STORAGE 1
#define HAVE_STRUCT_SOCKADDR_IN6 1
#define HAVE_STRUCT_IN6_ADDR 1
#define HAVE_STRUCT_ADDRINFO 1
#define HAVE_GAI_STRERROR 1
#define HAVE_GAI_STRERROR 1
#define HAVE_CONST_GAI_STRERROR_PROTO 1
#define HAVE_STRUCT_UTMP_UT_HOST 1
#define HAVE_STRUCT_UTMP_UT_PID 1
#define HAVE_STRUCT_UTMP_UT_TYPE 1
#define HAVE_STRUCT_UTMP_UT_TV 1
#define HAVE_STRUCT_UTMP_UT_ID 1
#define HAVE_STRUCT_UTMP_UT_ADDR 1
#define HAVE_STRUCT_UTMP_UT_ADDR_V6 1
#define HAVE_STRUCT_UTMP_UT_EXIT 1
#define HAVE_STRUCT_UTMP_UT_TIME 1
#define HAVE_STRUCT_UTMPX_UT_HOST 1
#define HAVE_STRUCT_UTMPX_UT_TYPE 1
#define HAVE_STRUCT_UTMPX_UT_ID 1
#define HAVE_STRUCT_UTMPX_UT_ADDR_V6 1
#define HAVE_STRUCT_UTMPX_UT_TV 1
#define HAVE_STRUCT_SOCKADDR_STORAGE_SS_FAMILY 1
#define HAVE_ENDUTENT 1
#define HAVE_GETUTENT 1
#define HAVE_GETUTID 1
#define HAVE_GETUTLINE 1
#define HAVE_PUTUTLINE 1
#define HAVE_SETUTENT 1
#define HAVE_UTMPNAME 1
#define HAVE_ENDUTXENT 1
#define HAVE_GETUTXENT 1
#define HAVE_GETUTXID 1
#define HAVE_GETUTXLINE 1
#define HAVE_PUTUTXLINE 1
#define HAVE_SETUTXENT 1
#define HAVE_UTMPXNAME 1
#define HAVE_LOGOUT 1
#define HAVE_UPDWTMP 1
#define HAVE_LOGWTMP 1
#define HAVE_CLOCK_GETTIME 1
#define HAVE_EXPLICIT_BZERO 1
#define HAVE_GETRANDOM 1
#define BUNDLED_LIBTOM 1
#define HAVE_LOGIN 1
#define HAVE_LOGOUT 1
#define HAVE_UPDWTMP 1
#define HAVE_LOGWTMP 1
#define DISABLE_UTMPX 1
#define DISABLE_WTMPX 1
#define HAVE_SYS_SELECT_H 1
#define HAVE_SYS_SOCKET_H 1
#define SELECT_TYPE_ARG1 int
#define SELECT_TYPE_ARG234 (fd_set *)
#define SELECT_TYPE_ARG5 (struct timeval *)
#define HAVE_GETPASS 1
#define HAVE_GETSPNAM 1
#define HAVE_GETUSERSHELL 1
#define HAVE_PUTENV 1
#define HAVE_CLEARENV 1
#define HAVE_DAEMON 1
#define HAVE_BASENAME 1
#define HAVE_GETADDRINFO 1
#define HAVE_FREEADDRINFO 1
#define HAVE_GETNAMEINFO 1
#define HAVE_FORK 1
#define HAVE_WRITEV 1
#define HAVE_GETGROUPLIST 1
#define HAVE_BASENAME 1

configure: exit 0
